Building for debugging...
[0/22] /tmp/cmux-verify-20260908170330-19681-7317/mobile-shell-build-1198ba65bf/arm64-apple-macosx/debug/CmuxMobileShellPackageTests.derived/runner.swift
[1/22] Write sources
[11/22] Copying Localizable.xcstrings
[12/22] Copying Info.plist
[12/22] Write sources
[16/22] Copying Info.plist
[17/22] Write sources
[18/22] Copying Localizable.xcstrings
[19/22] Write swift-version--58304C5D6DBC2206.txt
[21/170] Compiling CmuxAgentChat ChatAgentKind.swift
[22/170] Compiling CmuxAgentChat ChatAgentState.swift
[23/171] Emitting module CmuxMobileDiagnostics
[24/171] Compiling CmuxAgentChat MarkdownViewerAssetCompression.swift
[25/171] Compiling CmuxAgentChat MarkdownWebViewerScheme.swift
[26/171] Compiling CmuxAgentChat ChatAttachment.swift
[27/171] Compiling CmuxAgentChat ChatFileEdit.swift
[28/171] Compiling CmuxMobileDiagnostics MobileLatencyTraceWriter.swift
[35/171] Compiling CmuxAgentChat ChatMessage.swift
[36/171] Compiling CmuxAgentChat ChatMessageKind.swift
[37/171] Compiling CmuxAgentChat ChatOutboundAttachment.swift
[38/171] Compiling CmuxAgentChat ChatPermissionRequest.swift
[39/171] Compiling CmuxAgentChat ChatProse.swift
[40/171] Compiling CmuxAgentChat ChatQuestion.swift
[41/171] Compiling CmuxAgentChat ChatRole.swift
[42/171] Compiling CmuxAgentChat ChatSessionDescriptor.swift
[43/171] Compiling CmuxAgentChat ChatSessionKind.swift
[44/171] Compiling CmuxAgentChat ChatStatusTransition.swift
[45/171] Compiling CmuxAgentChat ChatTerminalCapture.swift
[46/171] Compiling CmuxAgentChat ChatThought.swift
[47/171] Compiling CmuxAgentChat ChatToolUse.swift
[48/171] Compiling CmuxAgentChat ChatUnsupportedPayload.swift
[49/171] Compiling CmuxAgentChat TerminalCommandBlock.swift
[50/171] Compiling CmuxAgentChat AgentChatProseScreenExtractor.swift
[51/171] Compiling CmuxAgentChat ChatArtifactTextReferenceExtractor.swift
[52/261] Compiling CMUXMobileCore AnalyticsValue.swift
[53/261] Compiling CMUXMobileCore AppLog.swift
[54/261] Compiling CMUXMobileCore CellRelativeColor.swift
[55/261] Compiling CMUXMobileCore CmxAttachRouteDisclosure.swift
[56/261] Compiling CMUXMobileCore CmxAttachTicketCompactCoder.swift
[57/261] Compiling CMUXMobileCore CmxAttachTicketCompactCoderError.swift
[58/261] Compiling CMUXMobileCore CmxByteTransportLivenessObserving.swift
[59/261] Compiling CMUXMobileCore CmxByteTransportRequest.swift
[60/261] Compiling CMUXMobileCore CmxByteTransportSessionPurposeUpdating.swift
[61/261] Compiling CMUXMobileCore CmxCredentialedHTTPSession.swift
[62/261] Compiling CMUXMobileCore CmxDeviceIDCanonicalization.swift
[63/261] Compiling CMUXMobileCore CmxIrohConnectionCheckReport.swift
[64/261] Compiling CMUXMobileCore CmxIrohCustomPrivateAddress.swift
[65/261] Compiling CMUXMobileCore CmxIrohCustomPrivatePathDraft.swift
[66/261] Compiling CMUXMobileCore CmxIrohCustomRelayDraft.swift
[67/261] Compiling CMUXMobileCore CmxIrohDebugSettingsControlling.swift
[68/261] Compiling CMUXMobileCore CmxIrohDialPlan.swift
[69/261] Compiling CMUXMobileCore CmxIrohDirectDialCandidate.swift
[70/261] Compiling CMUXMobileCore CmxIrohNetworkProfileKey.swift
[71/261] Compiling CMUXMobileCore CmxIrohNetworkProfileKeyError.swift
[72/261] Compiling CmuxAgentChat ChatArtifactGalleryPage.swift
[73/261] Compiling CmuxAgentChat ChatArtifactGalleryPresentation.swift
[74/261] Compiling CmuxAgentChat ChatArtifactGalleryRowCountCache.swift
[75/261] Emitting module CmuxAgentChat
[76/261] Compiling CMUXMobileCore CmxIrohPathHint.swift
/private/tmp/cmux-verify-20260908170330-19681-7317/source-1198ba65bf/Packages/Shared/CmuxAgentChat/Sources/CmuxAgentChat/MarkdownViewer/MarkdownRemoteImageLoader.swift:255:25: warning: 'init(cString:)' is deprecated: Use String(decoding: array, as: UTF8.self) instead, after truncating the null termination. [#DeprecatedDeclaration]
253 |                 return nil
254 |             }
255 |             let value = String(cString: output)
    |                         `- warning: 'init(cString:)' is deprecated: Use String(decoding: array, as: UTF8.self) instead, after truncating the null termination. [#DeprecatedDeclaration]
256 |             guard let networkAddress = IPv6Address(value) else { return nil }
257 |             return .ipv6(networkAddress)

[#DeprecatedDeclaration]: <https://docs.swift.org/compiler/documentation/diagnostics/deprecated-declaration>
[77/261] Compiling CMUXMobileCore CmxIrohPathHintError.swift
/private/tmp/cmux-verify-20260908170330-19681-7317/source-1198ba65bf/Packages/Shared/CmuxAgentChat/Sources/CmuxAgentChat/MarkdownViewer/MarkdownRemoteImageLoader.swift:255:25: warning: 'init(cString:)' is deprecated: Use String(decoding: array, as: UTF8.self) instead, after truncating the null termination. [#DeprecatedDeclaration]
253 |                 return nil
254 |             }
255 |             let value = String(cString: output)
    |                         `- warning: 'init(cString:)' is deprecated: Use String(decoding: array, as: UTF8.self) instead, after truncating the null termination. [#DeprecatedDeclaration]
256 |             guard let networkAddress = IPv6Address(value) else { return nil }
257 |             return .ipv6(networkAddress)

[#DeprecatedDeclaration]: <https://docs.swift.org/compiler/documentation/diagnostics/deprecated-declaration>
[78/261] Compiling CMUXMobileCore CmxIrohPathHintKind.swift
/private/tmp/cmux-verify-20260908170330-19681-7317/source-1198ba65bf/Packages/Shared/CmuxAgentChat/Sources/CmuxAgentChat/MarkdownViewer/MarkdownRemoteImageLoader.swift:255:25: warning: 'init(cString:)' is deprecated: Use String(decoding: array, as: UTF8.self) instead, after truncating the null termination. [#DeprecatedDeclaration]
253 |                 return nil
254 |             }
255 |             let value = String(cString: output)
    |                         `- warning: 'init(cString:)' is deprecated: Use String(decoding: array, as: UTF8.self) instead, after truncating the null termination. [#DeprecatedDeclaration]
256 |             guard let networkAddress = IPv6Address(value) else { return nil }
257 |             return .ipv6(networkAddress)

[#DeprecatedDeclaration]: <https://docs.swift.org/compiler/documentation/diagnostics/deprecated-declaration>
[79/261] Compiling CMUXMobileCore CmxIrohPathHintPrivacyScope.swift
/private/tmp/cmux-verify-20260908170330-19681-7317/source-1198ba65bf/Packages/Shared/CmuxAgentChat/Sources/CmuxAgentChat/MarkdownViewer/MarkdownRemoteImageLoader.swift:255:25: warning: 'init(cString:)' is deprecated: Use String(decoding: array, as: UTF8.self) instead, after truncating the null termination. [#DeprecatedDeclaration]
253 |                 return nil
254 |             }
255 |             let value = String(cString: output)
    |                         `- warning: 'init(cString:)' is deprecated: Use String(decoding: array, as: UTF8.self) instead, after truncating the null termination. [#DeprecatedDeclaration]
256 |             guard let networkAddress = IPv6Address(value) else { return nil }
257 |             return .ipv6(networkAddress)

[#DeprecatedDeclaration]: <https://docs.swift.org/compiler/documentation/diagnostics/deprecated-declaration>
[80/261] Compiling CMUXMobileCore CmxIrohPathHintSource.swift
/private/tmp/cmux-verify-20260908170330-19681-7317/source-1198ba65bf/Packages/Shared/CmuxAgentChat/Sources/CmuxAgentChat/MarkdownViewer/MarkdownRemoteImageLoader.swift:255:25: warning: 'init(cString:)' is deprecated: Use String(decoding: array, as: UTF8.self) instead, after truncating the null termination. [#DeprecatedDeclaration]
253 |                 return nil
254 |             }
255 |             let value = String(cString: output)
    |                         `- warning: 'init(cString:)' is deprecated: Use String(decoding: array, as: UTF8.self) instead, after truncating the null termination. [#DeprecatedDeclaration]
256 |             guard let networkAddress = IPv6Address(value) else { return nil }
257 |             return .ipv6(networkAddress)

[#DeprecatedDeclaration]: <https://docs.swift.org/compiler/documentation/diagnostics/deprecated-declaration>
[81/261] Compiling CMUXMobileCore CmxIrohPathHintUse.swift
/private/tmp/cmux-verify-20260908170330-19681-7317/source-1198ba65bf/Packages/Shared/CmuxAgentChat/Sources/CmuxAgentChat/MarkdownViewer/MarkdownRemoteImageLoader.swift:255:25: warning: 'init(cString:)' is deprecated: Use String(decoding: array, as: UTF8.self) instead, after truncating the null termination. [#DeprecatedDeclaration]
253 |                 return nil
254 |             }
255 |             let value = String(cString: output)
    |                         `- warning: 'init(cString:)' is deprecated: Use String(decoding: array, as: UTF8.self) instead, after truncating the null termination. [#DeprecatedDeclaration]
256 |             guard let networkAddress = IPv6Address(value) else { return nil }
257 |             return .ipv6(networkAddress)

[#DeprecatedDeclaration]: <https://docs.swift.org/compiler/documentation/diagnostics/deprecated-declaration>
[82/261] Compiling CMUXMobileCore CmxIrohPathPreference.swift
/private/tmp/cmux-verify-20260908170330-19681-7317/source-1198ba65bf/Packages/Shared/CmuxAgentChat/Sources/CmuxAgentChat/MarkdownViewer/MarkdownRemoteImageLoader.swift:255:25: warning: 'init(cString:)' is deprecated: Use String(decoding: array, as: UTF8.self) instead, after truncating the null termination. [#DeprecatedDeclaration]
253 |                 return nil
254 |             }
255 |             let value = String(cString: output)
    |                         `- warning: 'init(cString:)' is deprecated: Use String(decoding: array, as: UTF8.self) instead, after truncating the null termination. [#DeprecatedDeclaration]
256 |             guard let networkAddress = IPv6Address(value) else { return nil }
257 |             return .ipv6(networkAddress)

[#DeprecatedDeclaration]: <https://docs.swift.org/compiler/documentation/diagnostics/deprecated-declaration>
[83/261] Compiling CMUXMobileCore CmxIrohPeerIdentity.swift
/private/tmp/cmux-verify-20260908170330-19681-7317/source-1198ba65bf/Packages/Shared/CmuxAgentChat/Sources/CmuxAgentChat/MarkdownViewer/MarkdownRemoteImageLoader.swift:255:25: warning: 'init(cString:)' is deprecated: Use String(decoding: array, as: UTF8.self) instead, after truncating the null termination. [#DeprecatedDeclaration]
253 |                 return nil
254 |             }
255 |             let value = String(cString: output)
    |                         `- warning: 'init(cString:)' is deprecated: Use String(decoding: array, as: UTF8.self) instead, after truncating the null termination. [#DeprecatedDeclaration]
256 |             guard let networkAddress = IPv6Address(value) else { return nil }
257 |             return .ipv6(networkAddress)

[#DeprecatedDeclaration]: <https://docs.swift.org/compiler/documentation/diagnostics/deprecated-declaration>
[84/261] Compiling CMUXMobileCore CmxIrohPeerIdentityError.swift
/private/tmp/cmux-verify-20260908170330-19681-7317/source-1198ba65bf/Packages/Shared/CmuxAgentChat/Sources/CmuxAgentChat/MarkdownViewer/MarkdownRemoteImageLoader.swift:255:25: warning: 'init(cString:)' is deprecated: Use String(decoding: array, as: UTF8.self) instead, after truncating the null termination. [#DeprecatedDeclaration]
253 |                 return nil
254 |             }
255 |             let value = String(cString: output)
    |                         `- warning: 'init(cString:)' is deprecated: Use String(decoding: array, as: UTF8.self) instead, after truncating the null termination. [#DeprecatedDeclaration]
256 |             guard let networkAddress = IPv6Address(value) else { return nil }
257 |             return .ipv6(networkAddress)

[#DeprecatedDeclaration]: <https://docs.swift.org/compiler/documentation/diagnostics/deprecated-declaration>
[85/261] Compiling CMUXMobileCore CmxIrohPrivatePathSynthesizer.swift
/private/tmp/cmux-verify-20260908170330-19681-7317/source-1198ba65bf/Packages/Shared/CmuxAgentChat/Sources/CmuxAgentChat/MarkdownViewer/MarkdownRemoteImageLoader.swift:255:25: warning: 'init(cString:)' is deprecated: Use String(decoding: array, as: UTF8.self) instead, after truncating the null termination. [#DeprecatedDeclaration]
253 |                 return nil
254 |             }
255 |             let value = String(cString: output)
    |                         `- warning: 'init(cString:)' is deprecated: Use String(decoding: array, as: UTF8.self) instead, after truncating the null termination. [#DeprecatedDeclaration]
256 |             guard let networkAddress = IPv6Address(value) else { return nil }
257 |             return .ipv6(networkAddress)

[#DeprecatedDeclaration]: <https://docs.swift.org/compiler/documentation/diagnostics/deprecated-declaration>
[86/261] Compiling CMUXMobileCore CmxIrohRelayOrigin.swift
/private/tmp/cmux-verify-20260908170330-19681-7317/source-1198ba65bf/Packages/Shared/CmuxAgentChat/Sources/CmuxAgentChat/MarkdownViewer/MarkdownRemoteImageLoader.swift:255:25: warning: 'init(cString:)' is deprecated: Use String(decoding: array, as: UTF8.self) instead, after truncating the null termination. [#DeprecatedDeclaration]
253 |                 return nil
254 |             }
255 |             let value = String(cString: output)
    |                         `- warning: 'init(cString:)' is deprecated: Use String(decoding: array, as: UTF8.self) instead, after truncating the null termination. [#DeprecatedDeclaration]
256 |             guard let networkAddress = IPv6Address(value) else { return nil }
257 |             return .ipv6(networkAddress)

[#DeprecatedDeclaration]: <https://docs.swift.org/compiler/documentation/diagnostics/deprecated-declaration>
[87/261] Compiling CMUXMobileCore CmxIrohRelayPreferenceDraft.swift
/private/tmp/cmux-verify-20260908170330-19681-7317/source-1198ba65bf/Packages/Shared/CmuxAgentChat/Sources/CmuxAgentChat/MarkdownViewer/MarkdownRemoteImageLoader.swift:255:25: warning: 'init(cString:)' is deprecated: Use String(decoding: array, as: UTF8.self) instead, after truncating the null termination. [#DeprecatedDeclaration]
253 |                 return nil
254 |             }
255 |             let value = String(cString: output)
    |                         `- warning: 'init(cString:)' is deprecated: Use String(decoding: array, as: UTF8.self) instead, after truncating the null termination. [#DeprecatedDeclaration]
256 |             guard let networkAddress = IPv6Address(value) else { return nil }
257 |             return .ipv6(networkAddress)

[#DeprecatedDeclaration]: <https://docs.swift.org/compiler/documentation/diagnostics/deprecated-declaration>
[88/261] Compiling CMUXMobileCore CmxIrohRelayPreferenceDraftError.swift
/private/tmp/cmux-verify-20260908170330-19681-7317/source-1198ba65bf/Packages/Shared/CmuxAgentChat/Sources/CmuxAgentChat/MarkdownViewer/MarkdownRemoteImageLoader.swift:255:25: warning: 'init(cString:)' is deprecated: Use String(decoding: array, as: UTF8.self) instead, after truncating the null termination. [#DeprecatedDeclaration]
253 |                 return nil
254 |             }
255 |             let value = String(cString: output)
    |                         `- warning: 'init(cString:)' is deprecated: Use String(decoding: array, as: UTF8.self) instead, after truncating the null termination. [#DeprecatedDeclaration]
256 |             guard let networkAddress = IPv6Address(value) else { return nil }
257 |             return .ipv6(networkAddress)

[#DeprecatedDeclaration]: <https://docs.swift.org/compiler/documentation/diagnostics/deprecated-declaration>
[89/261] Compiling CMUXMobileCore CmxIrohRelayTestResult.swift
/private/tmp/cmux-verify-20260908170330-19681-7317/source-1198ba65bf/Packages/Shared/CmuxAgentChat/Sources/CmuxAgentChat/MarkdownViewer/MarkdownRemoteImageLoader.swift:255:25: warning: 'init(cString:)' is deprecated: Use String(decoding: array, as: UTF8.self) instead, after truncating the null termination. [#DeprecatedDeclaration]
253 |                 return nil
254 |             }
255 |             let value = String(cString: output)
    |                         `- warning: 'init(cString:)' is deprecated: Use String(decoding: array, as: UTF8.self) instead, after truncating the null termination. [#DeprecatedDeclaration]
256 |             guard let networkAddress = IPv6Address(value) else { return nil }
257 |             return .ipv6(networkAddress)

[#DeprecatedDeclaration]: <https://docs.swift.org/compiler/documentation/diagnostics/deprecated-declaration>
[90/261] Compiling CMUXMobileCore CmxIrohSelectedTransportPath.swift
/private/tmp/cmux-verify-20260908170330-19681-7317/source-1198ba65bf/Packages/Shared/CmuxAgentChat/Sources/CmuxAgentChat/MarkdownViewer/MarkdownRemoteImageLoader.swift:255:25: warning: 'init(cString:)' is deprecated: Use String(decoding: array, as: UTF8.self) instead, after truncating the null termination. [#DeprecatedDeclaration]
253 |                 return nil
254 |             }
255 |             let value = String(cString: output)
    |                         `- warning: 'init(cString:)' is deprecated: Use String(decoding: array, as: UTF8.self) instead, after truncating the null termination. [#DeprecatedDeclaration]
256 |             guard let networkAddress = IPv6Address(value) else { return nil }
257 |             return .ipv6(networkAddress)

[#DeprecatedDeclaration]: <https://docs.swift.org/compiler/documentation/diagnostics/deprecated-declaration>
[91/261] Compiling CMUXMobileCore CmxIrohSettingsControlling.swift
/private/tmp/cmux-verify-20260908170330-19681-7317/source-1198ba65bf/Packages/Shared/CmuxAgentChat/Sources/CmuxAgentChat/MarkdownViewer/MarkdownRemoteImageLoader.swift:255:25: warning: 'init(cString:)' is deprecated: Use String(decoding: array, as: UTF8.self) instead, after truncating the null termination. [#DeprecatedDeclaration]
253 |                 return nil
254 |             }
255 |             let value = String(cString: output)
    |                         `- warning: 'init(cString:)' is deprecated: Use String(decoding: array, as: UTF8.self) instead, after truncating the null termination. [#DeprecatedDeclaration]
256 |             guard let networkAddress = IPv6Address(value) else { return nil }
257 |             return .ipv6(networkAddress)

[#DeprecatedDeclaration]: <https://docs.swift.org/compiler/documentation/diagnostics/deprecated-declaration>
[92/261] Compiling CMUXMobileCore CmxIrohSettingsSnapshot.swift
/private/tmp/cmux-verify-20260908170330-19681-7317/source-1198ba65bf/Packages/Shared/CmuxAgentChat/Sources/CmuxAgentChat/MarkdownViewer/MarkdownRemoteImageLoader.swift:255:25: warning: 'init(cString:)' is deprecated: Use String(decoding: array, as: UTF8.self) instead, after truncating the null termination. [#DeprecatedDeclaration]
253 |                 return nil
254 |             }
255 |             let value = String(cString: output)
    |                         `- warning: 'init(cString:)' is deprecated: Use String(decoding: array, as: UTF8.self) instead, after truncating the null termination. [#DeprecatedDeclaration]
256 |             guard let networkAddress = IPv6Address(value) else { return nil }
257 |             return .ipv6(networkAddress)

[#DeprecatedDeclaration]: <https://docs.swift.org/compiler/documentation/diagnostics/deprecated-declaration>
[93/261] Compiling CMUXMobileCore CmxIrohTransportPolicy.swift
/private/tmp/cmux-verify-20260908170330-19681-7317/source-1198ba65bf/Packages/Shared/CmuxAgentChat/Sources/CmuxAgentChat/MarkdownViewer/MarkdownRemoteImageLoader.swift:255:25: warning: 'init(cString:)' is deprecated: Use String(decoding: array, as: UTF8.self) instead, after truncating the null termination. [#DeprecatedDeclaration]
253 |                 return nil
254 |             }
255 |             let value = String(cString: output)
    |                         `- warning: 'init(cString:)' is deprecated: Use String(decoding: array, as: UTF8.self) instead, after truncating the null termination. [#DeprecatedDeclaration]
256 |             guard let networkAddress = IPv6Address(value) else { return nil }
257 |             return .ipv6(networkAddress)

[#DeprecatedDeclaration]: <https://docs.swift.org/compiler/documentation/diagnostics/deprecated-declaration>
[94/261] Compiling CMUXMobileCore CmxIrohTransportVerificationMode.swift
/private/tmp/cmux-verify-20260908170330-19681-7317/source-1198ba65bf/Packages/Shared/CmuxAgentChat/Sources/CmuxAgentChat/MarkdownViewer/MarkdownRemoteImageLoader.swift:255:25: warning: 'init(cString:)' is deprecated: Use String(decoding: array, as: UTF8.self) instead, after truncating the null termination. [#DeprecatedDeclaration]
253 |                 return nil
254 |             }
255 |             let value = String(cString: output)
    |                         `- warning: 'init(cString:)' is deprecated: Use String(decoding: array, as: UTF8.self) instead, after truncating the null termination. [#DeprecatedDeclaration]
256 |             guard let networkAddress = IPv6Address(value) else { return nil }
257 |             return .ipv6(networkAddress)

[#DeprecatedDeclaration]: <https://docs.swift.org/compiler/documentation/diagnostics/deprecated-declaration>
[95/261] Compiling CMUXMobileCore CmxLegacyTailscaleAuthorizationEvidence.swift
/private/tmp/cmux-verify-20260908170330-19681-7317/source-1198ba65bf/Packages/Shared/CmuxAgentChat/Sources/CmuxAgentChat/MarkdownViewer/MarkdownRemoteImageLoader.swift:255:25: warning: 'init(cString:)' is deprecated: Use String(decoding: array, as: UTF8.self) instead, after truncating the null termination. [#DeprecatedDeclaration]
253 |                 return nil
254 |             }
255 |             let value = String(cString: output)
    |                         `- warning: 'init(cString:)' is deprecated: Use String(decoding: array, as: UTF8.self) instead, after truncating the null termination. [#DeprecatedDeclaration]
256 |             guard let networkAddress = IPv6Address(value) else { return nil }
257 |             return .ipv6(networkAddress)

[#DeprecatedDeclaration]: <https://docs.swift.org/compiler/documentation/diagnostics/deprecated-declaration>
[96/261] Compiling CMUXMobileCore CmxLoopbackHost.swift
/private/tmp/cmux-verify-20260908170330-19681-7317/source-1198ba65bf/Packages/Shared/CmuxAgentChat/Sources/CmuxAgentChat/MarkdownViewer/MarkdownRemoteImageLoader.swift:255:25: warning: 'init(cString:)' is deprecated: Use String(decoding: array, as: UTF8.self) instead, after truncating the null termination. [#DeprecatedDeclaration]
253 |                 return nil
254 |             }
255 |             let value = String(cString: output)
    |                         `- warning: 'init(cString:)' is deprecated: Use String(decoding: array, as: UTF8.self) instead, after truncating the null termination. [#DeprecatedDeclaration]
256 |             guard let networkAddress = IPv6Address(value) else { return nil }
257 |             return .ipv6(networkAddress)

[#DeprecatedDeclaration]: <https://docs.swift.org/compiler/documentation/diagnostics/deprecated-declaration>
[97/261] Compiling CMUXMobileCore AnalyticsConsentProviding.swift
/private/tmp/cmux-verify-20260908170330-19681-7317/source-1198ba65bf/Packages/Shared/CmuxAgentChat/Sources/CmuxAgentChat/MarkdownViewer/MarkdownRemoteImageLoader.swift:255:25: warning: 'init(cString:)' is deprecated: Use String(decoding: array, as: UTF8.self) instead, after truncating the null termination. [#DeprecatedDeclaration]
253 |                 return nil
254 |             }
255 |             let value = String(cString: output)
    |                         `- warning: 'init(cString:)' is deprecated: Use String(decoding: array, as: UTF8.self) instead, after truncating the null termination. [#DeprecatedDeclaration]
256 |             guard let networkAddress = IPv6Address(value) else { return nil }
257 |             return .ipv6(networkAddress)

[#DeprecatedDeclaration]: <https://docs.swift.org/compiler/documentation/diagnostics/deprecated-declaration>
[98/261] Compiling CMUXMobileCore AnalyticsEmitting.swift
/private/tmp/cmux-verify-20260908170330-19681-7317/source-1198ba65bf/Packages/Shared/CmuxAgentChat/Sources/CmuxAgentChat/MarkdownViewer/MarkdownRemoteImageLoader.swift:255:25: warning: 'init(cString:)' is deprecated: Use String(decoding: array, as: UTF8.self) instead, after truncating the null termination. [#DeprecatedDeclaration]
253 |                 return nil
254 |             }
255 |             let value = String(cString: output)
    |                         `- warning: 'init(cString:)' is deprecated: Use String(decoding: array, as: UTF8.self) instead, after truncating the null termination. [#DeprecatedDeclaration]
256 |             guard let networkAddress = IPv6Address(value) else { return nil }
257 |             return .ipv6(networkAddress)

[#DeprecatedDeclaration]: <https://docs.swift.org/compiler/documentation/diagnostics/deprecated-declaration>
[99/261] Emitting module CmuxMobileSupport
[116/283] Compiling CmuxAgentChat ChatAttachmentTokenExtractor.swift
[117/283] Compiling CmuxAgentChat ChatToolReferencedPathExtractor.swift
[118/283] Compiling CmuxAgentChat ChatTranscriptParseResult.swift
[119/283] Compiling CmuxAgentChat ChatTranscriptParseState.swift
[120/283] Compiling CmuxAgentChat ClaudeTranscriptParser.swift
[121/283] Compiling CmuxAgentChat CodexTranscriptParser+ToolOutput.swift
[122/283] Compiling CmuxAgentChat CodexTranscriptParser.swift
[123/283] Compiling CmuxAgentChat OSC133CommandParser.swift
[124/283] Compiling CmuxAgentChat TranscriptBatchAssembler.swift
[125/283] Compiling CmuxAgentChat TranscriptDiffBuilder.swift
[126/283] Compiling CmuxAgentChat TranscriptJSONValue.swift
[127/283] Compiling CmuxAgentChat TranscriptTextBudget.swift
[128/283] Compiling CmuxAgentChat TranscriptTimestampParser.swift
[129/283] Compiling CmuxAgentChat TranscriptToolCompletion.swift
[130/283] Compiling CmuxAgentChat AgentChatResumeIntent.swift
[131/283] Compiling CmuxAgentChat AgentChatResumeIntentRecording.swift
[132/283] Compiling CmuxAgentChat ChatSessionSurfaceIndex.swift
[133/283] Compiling CmuxAgentChat ChatEventSource.swift
[134/283] Compiling CmuxAgentChat AgentChatProseStreamer.swift
[135/283] Compiling CmuxAgentChat ChatHistoryPage.swift
[136/283] Compiling CmuxAgentChat ChatSessionEvent.swift
[137/283] Compiling CmuxAgentChat ChatSessionEventFrame.swift
[138/283] Compiling CmuxAgentChat ChatWireCoding.swift
[139/283] Emitting module CMUXMobileCore
[140/301] Compiling CmuxMobileSupport MobileKeyboardVisibilityObserver.swift
[141/301] Compiling CmuxMobileSupport MobileScrollViewportSnapshot.swift
[142/301] Compiling CmuxMobileSupport UITestConfig.swift
[143/301] Compiling CmuxMobileSupport UITestEnvironmentConfig.swift
[144/301] Compiling CmuxMobileSupport UserDefaults+ForceRebuildKeyboardDock.swift
[145/301] Compiling CmuxMobileSupport View+MobileGlass.swift
[146/305] Compiling CMUXMobileCore CmxTailscaleStatusPeerResolver.swift
[147/305] Compiling CMUXMobileCore CmxTransport.swift
[148/305] Compiling CMUXMobileCore CmxTransportSessionPurpose.swift
[149/305] Compiling CMUXMobileCore CmxUserTailscalePairingAuthorization.swift
[150/305] Compiling CMUXMobileCore CompactAttachEndpoint.swift
[151/305] Compiling CMUXMobileCore CompactAttachRoute.swift
[152/305] Compiling CMUXMobileCore CompactAttachTicket.swift
[153/305] Compiling CMUXMobileCore CmxMacAppInstanceIdentity.swift
[154/305] Compiling CMUXMobileCore CmxManualPairingEntry.swift
[155/305] Compiling CMUXMobileCore CmxPairingQRBitmap.swift
[156/305] Compiling CMUXMobileCore CmxPairingQRCode.swift
[157/305] Compiling CMUXMobileCore CmxPairingRouteDisclosureMode.swift
[158/305] Compiling CMUXMobileCore CmxPairingURLScheme.swift
[159/305] Compiling CMUXMobileCore CmxPairingURLSchemeResolver.swift
[160/305] Compiling CMUXMobileCore CmxRetryAfterPolicy.swift
/private/tmp/cmux-verify-20260908170330-19681-7317/source-1198ba65bf/Packages/iOS/CmuxMobileSupport/Sources/CmuxMobileSupport/AppVersionInfo.swift:1:8: warning: public import of 'Foundation' was not used in public declarations or inlinable code
  1 | public import Foundation
    |        `- warning: public import of 'Foundation' was not used in public declarations or inlinable code
  2 | 
  3 | /// The running build's user-tellable version, assembled from the app bundle's
[161/305] Compiling CMUXMobileCore CmxRetryAfterProviding.swift
/private/tmp/cmux-verify-20260908170330-19681-7317/source-1198ba65bf/Packages/iOS/CmuxMobileSupport/Sources/CmuxMobileSupport/AppVersionInfo.swift:1:8: warning: public import of 'Foundation' was not used in public declarations or inlinable code
  1 | public import Foundation
    |        `- warning: public import of 'Foundation' was not used in public declarations or inlinable code
  2 | 
  3 | /// The running build's user-tellable version, assembled from the app bundle's
[162/305] Compiling CMUXMobileCore CmxRoutePingResult.swift
/private/tmp/cmux-verify-20260908170330-19681-7317/source-1198ba65bf/Packages/iOS/CmuxMobileSupport/Sources/CmuxMobileSupport/AppVersionInfo.swift:1:8: warning: public import of 'Foundation' was not used in public declarations or inlinable code
  1 | public import Foundation
    |        `- warning: public import of 'Foundation' was not used in public declarations or inlinable code
  2 | 
  3 | /// The running build's user-tellable version, assembled from the app bundle's
[163/305] Compiling CMUXMobileCore CmxRoutePinging.swift
/private/tmp/cmux-verify-20260908170330-19681-7317/source-1198ba65bf/Packages/iOS/CmuxMobileSupport/Sources/CmuxMobileSupport/AppVersionInfo.swift:1:8: warning: public import of 'Foundation' was not used in public declarations or inlinable code
  1 | public import Foundation
    |        `- warning: public import of 'Foundation' was not used in public declarations or inlinable code
  2 | 
  3 | /// The running build's user-tellable version, assembled from the app bundle's
[164/305] Compiling CMUXMobileCore CmxTailscalePeerAddress.swift
/private/tmp/cmux-verify-20260908170330-19681-7317/source-1198ba65bf/Packages/iOS/CmuxMobileSupport/Sources/CmuxMobileSupport/AppVersionInfo.swift:1:8: warning: public import of 'Foundation' was not used in public declarations or inlinable code
  1 | public import Foundation
    |        `- warning: public import of 'Foundation' was not used in public declarations or inlinable code
  2 | 
  3 | /// The running build's user-tellable version, assembled from the app bundle's
[165/305] Compiling CMUXMobileCore CmxTailscalePeerRecord.swift
/private/tmp/cmux-verify-20260908170330-19681-7317/source-1198ba65bf/Packages/iOS/CmuxMobileSupport/Sources/CmuxMobileSupport/AppVersionInfo.swift:1:8: warning: public import of 'Foundation' was not used in public declarations or inlinable code
  1 | public import Foundation
    |        `- warning: public import of 'Foundation' was not used in public declarations or inlinable code
  2 | 
  3 | /// The running build's user-tellable version, assembled from the app bundle's
[166/305] Compiling CMUXMobileCore CmxTailscaleStatusPeerResolutionError.swift
/private/tmp/cmux-verify-20260908170330-19681-7317/source-1198ba65bf/Packages/iOS/CmuxMobileSupport/Sources/CmuxMobileSupport/AppVersionInfo.swift:1:8: warning: public import of 'Foundation' was not used in public declarations or inlinable code
  1 | public import Foundation
    |        `- warning: public import of 'Foundation' was not used in public declarations or inlinable code
  2 | 
  3 | /// The running build's user-tellable version, assembled from the app bundle's
[167/305] Emitting module CmuxMobileChanges
[226/305] Compiling CmuxMobileChanges FileDiffPageView.swift
[227/305] Compiling CmuxMobileChanges FileDiffPresentation.swift
[228/305] Compiling CmuxMobileChanges FileDiffRequestGeneration.swift
[229/305] Compiling CmuxMobileChanges SettledScrollRowReporter.swift
[230/305] Compiling CmuxMobileChanges WorkspaceChangedDirectoryRow.swift
[231/305] Compiling CmuxMobileChanges WorkspaceChangedFileRow.swift
[232/305] Compiling CmuxMobileChanges WorkspaceChangesListActions.swift
[233/305] Compiling CmuxMobileChanges WorkspaceChangesListState.swift
[234/305] Compiling CmuxMobileChanges WorkspaceChangesListView.swift
[235/305] Compiling CmuxMobileChanges WorkspaceChangesSummaryHeader.swift
[236/305] Compiling CmuxMobileChanges WorkspaceFileDiffPagerActions.swift
[237/305] Compiling CmuxMobileChanges WorkspaceFileDiffPagerView.swift
[238/305] Compiling CmuxMobileChanges UnifiedDiffParser.swift
[239/305] Compiling CmuxMobileChanges WorkspaceChangesChipText.swift
[240/305] Compiling CmuxMobileChanges WorkspaceChangesChipTextPolicy.swift
[241/305] Compiling CmuxMobileChanges resource_bundle_accessor.swift
[282/368] Compiling CMUXMobileCore MobileBrowserDialogRespondParameters.swift
[283/368] Compiling CMUXMobileCore MobileBrowserDialogTextField.swift
[284/368] Compiling CMUXMobileCore MobileBrowserFrameEvent.swift
[285/368] Compiling CMUXMobileCore MobileBrowserFrameFormat.swift
[286/368] Compiling CMUXMobileCore MobileBrowserFrameSizeBudget.swift
[287/368] Compiling CMUXMobileCore MobileBrowserKeyInput.swift
[288/368] Compiling CMUXMobileCore MobileBrowserPanelDescriptor.swift
[289/368] Compiling CMUXMobileCore MobileBrowserPointerButton.swift
[290/368] Compiling CMUXMobileCore MobileBrowserPointerInput.swift
[291/368] Compiling CMUXMobileCore MobileBrowserPointerKind.swift
[292/368] Compiling CMUXMobileCore MobileBrowserScrollInput.swift
[293/368] Compiling CMUXMobileCore MobileBrowserScrollPhase.swift
[294/368] Compiling CMUXMobileCore MobileBrowserStateEvent.swift
[295/368] Compiling CMUXMobileCore MobileBrowserStreamCapability.swift
[296/368] Compiling CMUXMobileCore MobileBrowserStreamPacing.swift
[297/368] Compiling CMUXMobileCore MobileBrowserStreamPacingDecision.swift
[298/368] Compiling CMUXMobileCore MobileBrowserStreamStartParameters.swift
[299/368] Compiling CMUXMobileCore MobileBrowserTextInput.swift
[300/368] Compiling CMUXMobileCore MobileBrowserViewport.swift
[301/368] Compiling CMUXMobileCore MobileBrowserViewportParameters.swift
[302/368] Compiling CMUXMobileCore MobileHapticFeedback.swift
[303/368] Compiling CMUXMobileCore ComposerDockReducer.swift
[304/368] Compiling CMUXMobileCore ConnectionOutageThrottle.swift
[305/368] Compiling CMUXMobileCore DiagnosticAppEventDetail.swift
[306/368] Compiling CMUXMobileCore DiagnosticBuildStamp.swift
[307/368] Compiling CMUXMobileCore DiagnosticCorrelation.swift
[308/368] Compiling CMUXMobileCore DiagnosticEvent.swift
[309/368] Compiling CMUXMobileCore DiagnosticEventCode.swift
[310/368] Compiling CMUXMobileCore DiagnosticEventPresentation.swift
[311/368] Compiling CMUXMobileCore DiagnosticIncidentTitleFormatter.swift
[312/368] Compiling CMUXMobileCore DiagnosticLocalization.swift
[313/368] Compiling CMUXMobileCore DiagnosticLog.swift
[314/368] Compiling CMUXMobileCore DiagnosticReport.swift
[315/368] Compiling CMUXMobileCore DiagnosticReportArchive.swift
[316/368] Compiling CMUXMobileCore DiagnosticTaxonomy.swift
[317/368] Compiling CMUXMobileCore InputResponderIdentity.swift
[318/368] Compiling CMUXMobileCore MobileBrowserClosedEvent.swift
[319/368] Compiling CMUXMobileCore MobileBrowserDialogButton.swift
[320/368] Compiling CMUXMobileCore MobileBrowserDialogButtonRole.swift
[321/368] Compiling CMUXMobileCore MobileBrowserDialogEvent.swift
[322/368] Compiling CMUXMobileCore MobileBrowserDialogKind.swift
[323/368] Compiling CMUXMobileCore MobileBrowserDialogQueue.swift
[324/368] Compiling CMUXMobileCore MobileBrowserDialogResolvedEvent.swift
[325/368] Compiling CMUXMobileCore MobileTerminalRenderGridReplay+Palette.swift
[326/368] Compiling CMUXMobileCore MobileTerminalRenderGridReplay+Style.swift
[327/368] Compiling CMUXMobileCore MobileTerminalRenderGridReplay.swift
[328/368] Compiling CMUXMobileCore MobileTerminalRenderGridRevisionContinuity.swift
[329/368] Compiling CMUXMobileCore MobileTerminalRenderGridStyle+ColorSource.swift
[330/368] Compiling CMUXMobileCore MobileTerminalRenderGridVisualSnapshot.swift
[331/368] Compiling CMUXMobileCore MobileTerminalRenderGridVisualSpan.swift
[332/368] Compiling CMUXMobileCore MobileTerminalReplayViewportFence.swift
[333/368] Compiling CMUXMobileCore MobileTerminalScrollbackPreference.swift
[334/368] Compiling CMUXMobileCore MobileTodoItem.swift
[335/368] Compiling CMUXMobileCore MobileTodoItemOrigin.swift
[336/368] Compiling CMUXMobileCore MobileTodoItemState.swift
[337/368] Compiling CMUXMobileCore MobileTodoSnapshot.swift
[338/368] Compiling CMUXMobileCore MobileTodoStatus.swift
[339/368] Compiling CMUXMobileCore MobileWorkspaceMetadataLimits.swift
[340/368] Compiling CMUXMobileCore NoopAnalytics.swift
[341/368] Compiling CMUXMobileCore TerminalGridSize.swift
[342/368] Compiling CMUXMobileCore TerminalTheme.swift
[343/368] Compiling CMUXMobileCore TransportIncidentPolicy.swift
[344/368] Compiling CMUXMobileCore UserDefaultsAnalyticsConsentProvider.swift
[345/368] Compiling CMUXMobileCore resource_bundle_accessor.swift
[346/368] Compiling CMUXMobileCore MobileHostRPCWorkQuota.swift
[347/368] Compiling CMUXMobileCore MobileIOSAppNamespace.swift
[348/368] Compiling CMUXMobileCore MobileIOSBuildScope.swift
[349/368] Compiling CMUXMobileCore MobileIOSLegacyBackupScope.swift
[350/368] Compiling CMUXMobileCore MobileSimulatorFrameEvent.swift
[351/368] Compiling CMUXMobileCore MobileSimulatorPanelDescriptor.swift
[352/368] Compiling CMUXMobileCore MobileSimulatorRPCDTOs.swift
[353/368] Compiling CMUXMobileCore MobileSimulatorStreamCapability.swift
[354/368] Compiling CMUXMobileCore MobileStateSyncFrames.swift
[355/368] Compiling CMUXMobileCore MobileStateSyncMirror.swift
[356/368] Compiling CMUXMobileCore MobileStateSyncRecords.swift
[357/368] Compiling CMUXMobileCore MobileStateSyncStore.swift
[358/368] Compiling CMUXMobileCore MobileSurfaceKind.swift
[359/368] Compiling CMUXMobileCore MobileSyncProtocol.swift
[360/368] Compiling CMUXMobileCore MobileTerminalRenderGrid.swift
[361/368] Compiling CMUXMobileCore MobileTerminalRenderGridEmissionState.swift
[362/368] Compiling CMUXMobileCore MobileTerminalRenderGridFrame+CellWidth.swift
[363/368] Compiling CMUXMobileCore MobileTerminalRenderGridFrame+Coding.swift
[364/368] Compiling CMUXMobileCore MobileTerminalRenderGridFrame+Emission.swift
[365/368] Compiling CMUXMobileCore MobileTerminalRenderGridFrame+Style.swift
[366/368] Compiling CMUXMobileCore MobileTerminalRenderGridReplay+ModeReset.swift
[367/480] Compiling CmuxMobileShellModel MacSurfaceRenderer.swift
[368/480] Compiling CmuxMobileShellModel MacSurfaceTextDecoder.swift
[369/480] Compiling CmuxMobileShellModel MacWorkspaceState.swift
[370/480] Compiling CmuxMobileShellModel MachineAvatarPalette.swift
[371/480] Compiling CmuxMobileShellModel MobileAutoConnectMigrationResolution.swift
[372/480] Compiling CmuxMobileShellModel MobileAutoConnectMigrationStore.swift
[373/480] Compiling CmuxMobileShellModel MobileBuildType.swift
[374/486] Emitting module CmuxMobileBrowserStream
[379/490] Emitting module CmuxMobileTransport
[380/490] Emitting module CmuxMobilePairedMac
[381/492] Compiling CmuxMobileShellModel MobileClientIDRepository.swift
[382/492] Compiling CmuxMobilePairedMac MobilePairedMacStoreError.swift
[383/492] Compiling CmuxMobilePairedMac MobilePairedMacStoring.swift
[384/492] Compiling CmuxMobileShellModel MobileDemoCommandCatalog.swift
[385/492] Compiling CmuxMobileShellModel MobileDemoContentCatalog.swift
[386/492] Compiling CmuxMobileShellModel MobileDemoTerminalEngine.swift
[387/492] Compiling CmuxMobileShellModel MobileFeedbackRoute.swift
[390/492] Emitting module CmuxMobileShellModel
[391/513] Compiling CmuxMobileTransport ReachabilityService.swift
/private/tmp/cmux-verify-20260908170330-19681-7317/source-1198ba65bf/Packages/iOS/CmuxMobileTransport/Sources/CmuxMobileTransport/SystemNetworkInterfaceAddressProvider.swift:41:30: warning: 'init(cString:)' is deprecated: Use String(decoding: array, as: UTF8.self) instead, after truncating the null termination. [#DeprecatedDeclaration]
39 |                 NetworkInterfaceAddress(
40 |                     interfaceName: String(cString: entry.pointee.ifa_name),
41 |                     address: String(cString: host)
   |                              `- warning: 'init(cString:)' is deprecated: Use String(decoding: array, as: UTF8.self) instead, after truncating the null termination. [#DeprecatedDeclaration]
42 |                 )
43 |             )

[#DeprecatedDeclaration]: <https://docs.swift.org/compiler/documentation/diagnostics/deprecated-declaration>
[392/513] Compiling CmuxMobileTransport SystemNetworkInterfaceAddressProvider.swift
/private/tmp/cmux-verify-20260908170330-19681-7317/source-1198ba65bf/Packages/iOS/CmuxMobileTransport/Sources/CmuxMobileTransport/SystemNetworkInterfaceAddressProvider.swift:41:30: warning: 'init(cString:)' is deprecated: Use String(decoding: array, as: UTF8.self) instead, after truncating the null termination. [#DeprecatedDeclaration]
39 |                 NetworkInterfaceAddress(
40 |                     interfaceName: String(cString: entry.pointee.ifa_name),
41 |                     address: String(cString: host)
   |                              `- warning: 'init(cString:)' is deprecated: Use String(decoding: array, as: UTF8.self) instead, after truncating the null termination. [#DeprecatedDeclaration]
42 |                 )
43 |             )

[#DeprecatedDeclaration]: <https://docs.swift.org/compiler/documentation/diagnostics/deprecated-declaration>
[393/513] Compiling CmuxMobileTransport TailscaleStatus.swift
/private/tmp/cmux-verify-20260908170330-19681-7317/source-1198ba65bf/Packages/iOS/CmuxMobileTransport/Sources/CmuxMobileTransport/SystemNetworkInterfaceAddressProvider.swift:41:30: warning: 'init(cString:)' is deprecated: Use String(decoding: array, as: UTF8.self) instead, after truncating the null termination. [#DeprecatedDeclaration]
39 |                 NetworkInterfaceAddress(
40 |                     interfaceName: String(cString: entry.pointee.ifa_name),
41 |                     address: String(cString: host)
   |                              `- warning: 'init(cString:)' is deprecated: Use String(decoding: array, as: UTF8.self) instead, after truncating the null termination. [#DeprecatedDeclaration]
42 |                 )
43 |             )

[#DeprecatedDeclaration]: <https://docs.swift.org/compiler/documentation/diagnostics/deprecated-declaration>
[394/513] Compiling CmuxMobileTransport TailscaleStatusMonitor.swift
/private/tmp/cmux-verify-20260908170330-19681-7317/source-1198ba65bf/Packages/iOS/CmuxMobileTransport/Sources/CmuxMobileTransport/SystemNetworkInterfaceAddressProvider.swift:41:30: warning: 'init(cString:)' is deprecated: Use String(decoding: array, as: UTF8.self) instead, after truncating the null termination. [#DeprecatedDeclaration]
39 |                 NetworkInterfaceAddress(
40 |                     interfaceName: String(cString: entry.pointee.ifa_name),
41 |                     address: String(cString: host)
   |                              `- warning: 'init(cString:)' is deprecated: Use String(decoding: array, as: UTF8.self) instead, after truncating the null termination. [#DeprecatedDeclaration]
42 |                 )
43 |             )

[#DeprecatedDeclaration]: <https://docs.swift.org/compiler/documentation/diagnostics/deprecated-declaration>
[395/513] Compiling CmuxMobileBrowserStream BrowserStreamSurfaceCoordinator.swift
[396/513] Compiling CmuxMobileBrowserStream BrowserStreamSurfaceRepresentable.swift
[397/513] Compiling CmuxMobileBrowserStream BrowserStreamSurfaceState.swift
[398/513] Compiling CmuxMobileBrowserStream BrowserStreamTapClickCounter.swift
[399/513] Compiling CmuxMobileBrowserStream BrowserStreamTransform.swift
[400/513] Compiling CmuxMobileBrowserStream BrowserStreamViewportEmissionPolicy.swift
[405/513] Compiling CmuxMobileShellModel MobileMacListAuthState.swift
[406/513] Compiling CmuxMobileShellModel MobileNotificationFeedAggregation.swift
[425/513] Compiling CmuxMobileShellModel MobileTaskModelAvailability.swift
[426/513] Compiling CmuxMobileShellModel MobileTaskModelListResult.swift
[427/513] Compiling CmuxMobileShellModel MobileTaskModelListSource.swift
[428/513] Compiling CmuxMobileShellModel MobileTaskSubmissionAttachment.swift
[429/513] Compiling CmuxMobileShellModel MobileTaskSubmissionIdentity.swift
[430/513] Compiling CmuxMobileShellModel MobileTaskSubmissionSnapshot.swift
[431/513] Compiling CmuxMobileShellModel MobileTaskTemplate.swift
[432/513] Compiling CmuxMobileShellModel MobileTerminalInputEnqueueResult.swift
[433/513] Compiling CmuxMobileShellModel MobileTerminalInputSendBuffer.swift
[434/513] Compiling CmuxMobileShellModel MobileTerminalOutputSinking.swift
[435/513] Compiling CmuxMobileShellModel MobileTerminalPreview.swift
[436/513] Compiling CmuxMobileShellModel MobileTerminalSendStatus.swift
[437/513] Compiling CmuxMobileShellModel MobileTerminalViewportFit.swift
[438/513] Compiling CmuxMobileShellModel MobileTerminalViewportSize.swift
[439/513] Compiling CmuxMobileShellModel MobileTodoMutation.swift
[440/513] Compiling CmuxMobileShellModel MobileWhatsNewChannelPolicy.swift
[441/513] Compiling CmuxMobileShellModel MobileWorkspaceActionCapabilities.swift
[442/513] Compiling CmuxMobileShellModel MobileWorkspaceAggregation.swift
[443/513] Compiling CmuxMobileShellModel MobileWorkspaceGroupCollapseStore.swift
[444/513] Compiling CmuxMobileShellModel MobileWorkspaceGroupMoveMenu.swift
[445/513] Compiling CmuxMobileShellModel MobileWorkspaceGroupPreview.swift
[446/513] Compiling CmuxMobileShellModel MobileWorkspaceLastTabStore.swift
/private/tmp/cmux-verify-20260908170330-19681-7317/source-1198ba65bf/Packages/iOS/CmuxMobileShellModel/Sources/CmuxMobileShellModel/MacWorkspaceState.swift:2:8: warning: public import of 'Foundation' was not used in public declarations or inlinable code
 1 | import CMUXMobileCore
 2 | public import Foundation
   |        `- warning: public import of 'Foundation' was not used in public declarations or inlinable code
 3 | 
 4 | /// The phone's view of ONE Mac's workspaces: the per-Mac source of truth behind

/private/tmp/cmux-verify-20260908170330-19681-7317/source-1198ba65bf/Packages/iOS/CmuxMobileShellModel/Sources/CmuxMobileShellModel/MobileMacListAuthState.swift:1:8: warning: public import of 'Foundation' was not used in public declarations or inlinable code
  1 | public import Foundation
    |        `- warning: public import of 'Foundation' was not used in public declarations or inlinable code
  2 | public import Observation
  3 | 
/private/tmp/cmux-verify-20260908170330-19681-7317/source-1198ba65bf/Packages/iOS/CmuxMobileShellModel/Sources/CmuxMobileShellModel/MacWorkspaceState.swift:2:8: warning: public import of 'Foundation' was not used in public declarations or inlinable code
 1 | import CMUXMobileCore
 2 | public import Foundation
   |        `- warning: public import of 'Foundation' was not used in public declarations or inlinable code
 3 | 
 4 | /// The phone's view of ONE Mac's workspaces: the per-Mac source of truth behind

/private/tmp/cmux-verify-20260908170330-19681-7317/source-1198ba65bf/Packages/iOS/CmuxMobileShellModel/Sources/CmuxMobileShellModel/MobileMacListAuthState.swift:1:8: warning: public import of 'Foundation' was not used in public declarations or inlinable code
  1 | public import Foundation
    |        `- warning: public import of 'Foundation' was not used in public declarations or inlinable code
  2 | public import Observation
  3 | 
/private/tmp/cmux-verify-20260908170330-19681-7317/source-1198ba65bf/Packages/iOS/CmuxMobileShellModel/Sources/CmuxMobileShellModel/MacWorkspaceState.swift:2:8: warning: public import of 'Foundation' was not used in public declarations or inlinable code
 1 | import CMUXMobileCore
 2 | public import Foundation
   |        `- warning: public import of 'Foundation' was not used in public declarations or inlinable code
 3 | 
 4 | /// The phone's view of ONE Mac's workspaces: the per-Mac source of truth behind

/private/tmp/cmux-verify-20260908170330-19681-7317/source-1198ba65bf/Packages/iOS/CmuxMobileShellModel/Sources/CmuxMobileShellModel/MobileMacListAuthState.swift:1:8: warning: public import of 'Foundation' was not used in public declarations or inlinable code
  1 | public import Foundation
    |        `- warning: public import of 'Foundation' was not used in public declarations or inlinable code
  2 | public import Observation
  3 | 
/private/tmp/cmux-verify-20260908170330-19681-7317/source-1198ba65bf/Packages/iOS/CmuxMobileShellModel/Sources/CmuxMobileShellModel/MacWorkspaceState.swift:2:8: warning: public import of 'Foundation' was not used in public declarations or inlinable code
 1 | import CMUXMobileCore
 2 | public import Foundation
   |        `- warning: public import of 'Foundation' was not used in public declarations or inlinable code
 3 | 
 4 | /// The phone's view of ONE Mac's workspaces: the per-Mac source of truth behind

/private/tmp/cmux-verify-20260908170330-19681-7317/source-1198ba65bf/Packages/iOS/CmuxMobileShellModel/Sources/CmuxMobileShellModel/MobileMacListAuthState.swift:1:8: warning: public import of 'Foundation' was not used in public declarations or inlinable code
  1 | public import Foundation
    |        `- warning: public import of 'Foundation' was not used in public declarations or inlinable code
  2 | public import Observation
  3 | 
/private/tmp/cmux-verify-20260908170330-19681-7317/source-1198ba65bf/Packages/iOS/CmuxMobileShellModel/Sources/CmuxMobileShellModel/MacWorkspaceState.swift:2:8: warning: public import of 'Foundation' was not used in public declarations or inlinable code
 1 | import CMUXMobileCore
 2 | public import Foundation
   |        `- warning: public import of 'Foundation' was not used in public declarations or inlinable code
 3 | 
 4 | /// The phone's view of ONE Mac's workspaces: the per-Mac source of truth behind

/private/tmp/cmux-verify-20260908170330-19681-7317/source-1198ba65bf/Packages/iOS/CmuxMobileShellModel/Sources/CmuxMobileShellModel/MobileMacListAuthState.swift:1:8: warning: public import of 'Foundation' was not used in public declarations or inlinable code
  1 | public import Foundation
    |        `- warning: public import of 'Foundation' was not used in public declarations or inlinable code
  2 | public import Observation
  3 | 
/private/tmp/cmux-verify-20260908170330-19681-7317/source-1198ba65bf/Packages/iOS/CmuxMobileShellModel/Sources/CmuxMobileShellModel/MacWorkspaceState.swift:2:8: warning: public import of 'Foundation' was not used in public declarations or inlinable code
 1 | import CMUXMobileCore
 2 | public import Foundation
   |        `- warning: public import of 'Foundation' was not used in public declarations or inlinable code
 3 | 
 4 | /// The phone's view of ONE Mac's workspaces: the per-Mac source of truth behind

/private/tmp/cmux-verify-20260908170330-19681-7317/source-1198ba65bf/Packages/iOS/CmuxMobileShellModel/Sources/CmuxMobileShellModel/MobileMacListAuthState.swift:1:8: warning: public import of 'Foundation' was not used in public declarations or inlinable code
  1 | public import Foundation
    |        `- warning: public import of 'Foundation' was not used in public declarations or inlinable code
  2 | public import Observation
  3 | 
/private/tmp/cmux-verify-20260908170330-19681-7317/source-1198ba65bf/Packages/iOS/CmuxMobileShellModel/Sources/CmuxMobileShellModel/MacWorkspaceState.swift:2:8: warning: public import of 'Foundation' was not used in public declarations or inlinable code
 1 | import CMUXMobileCore
 2 | public import Foundation
   |        `- warning: public import of 'Foundation' was not used in public declarations or inlinable code
 3 | 
 4 | /// The phone's view of ONE Mac's workspaces: the per-Mac source of truth behind

/private/tmp/cmux-verify-20260908170330-19681-7317/source-1198ba65bf/Packages/iOS/CmuxMobileShellModel/Sources/CmuxMobileShellModel/MobileMacListAuthState.swift:1:8: warning: public import of 'Foundation' was not used in public declarations or inlinable code
  1 | public import Foundation
    |        `- warning: public import of 'Foundation' was not used in public declarations or inlinable code
  2 | public import Observation
  3 | 
/private/tmp/cmux-verify-20260908170330-19681-7317/source-1198ba65bf/Packages/iOS/CmuxMobileShellModel/Sources/CmuxMobileShellModel/MacWorkspaceState.swift:2:8: warning: public import of 'Foundation' was not used in public declarations or inlinable code
 1 | import CMUXMobileCore
 2 | public import Foundation
   |        `- warning: public import of 'Foundation' was not used in public declarations or inlinable code
 3 | 
 4 | /// The phone's view of ONE Mac's workspaces: the per-Mac source of truth behind

/private/tmp/cmux-verify-20260908170330-19681-7317/source-1198ba65bf/Packages/iOS/CmuxMobileShellModel/Sources/CmuxMobileShellModel/MobileMacListAuthState.swift:1:8: warning: public import of 'Foundation' was not used in public declarations or inlinable code
  1 | public import Foundation
    |        `- warning: public import of 'Foundation' was not used in public declarations or inlinable code
  2 | public import Observation
  3 | 
/private/tmp/cmux-verify-20260908170330-19681-7317/source-1198ba65bf/Packages/iOS/CmuxMobileShellModel/Sources/CmuxMobileShellModel/MacWorkspaceState.swift:2:8: warning: public import of 'Foundation' was not used in public declarations or inlinable code
 1 | import CMUXMobileCore
 2 | public import Foundation
   |        `- warning: public import of 'Foundation' was not used in public declarations or inlinable code
 3 | 
 4 | /// The phone's view of ONE Mac's workspaces: the per-Mac source of truth behind

/private/tmp/cmux-verify-20260908170330-19681-7317/source-1198ba65bf/Packages/iOS/CmuxMobileShellModel/Sources/CmuxMobileShellModel/MobileMacListAuthState.swift:1:8: warning: public import of 'Foundation' was not used in public declarations or inlinable code
  1 | public import Foundation
    |        `- warning: public import of 'Foundation' was not used in public declarations or inlinable code
  2 | public import Observation
  3 | 
/private/tmp/cmux-verify-20260908170330-19681-7317/source-1198ba65bf/Packages/iOS/CmuxMobileShellModel/Sources/CmuxMobileShellModel/MacWorkspaceState.swift:2:8: warning: public import of 'Foundation' was not used in public declarations or inlinable code
 1 | import CMUXMobileCore
 2 | public import Foundation
   |        `- warning: public import of 'Foundation' was not used in public declarations or inlinable code
 3 | 
 4 | /// The phone's view of ONE Mac's workspaces: the per-Mac source of truth behind

/private/tmp/cmux-verify-20260908170330-19681-7317/source-1198ba65bf/Packages/iOS/CmuxMobileShellModel/Sources/CmuxMobileShellModel/MobileMacListAuthState.swift:1:8: warning: public import of 'Foundation' was not used in public declarations or inlinable code
  1 | public import Foundation
    |        `- warning: public import of 'Foundation' was not used in public declarations or inlinable code
  2 | public import Observation
  3 | 
/private/tmp/cmux-verify-20260908170330-19681-7317/source-1198ba65bf/Packages/iOS/CmuxMobileShellModel/Sources/CmuxMobileShellModel/MacWorkspaceState.swift:2:8: warning: public import of 'Foundation' was not used in public declarations or inlinable code
 1 | import CMUXMobileCore
 2 | public import Foundation
   |        `- warning: public import of 'Foundation' was not used in public declarations or inlinable code
 3 | 
 4 | /// The phone's view of ONE Mac's workspaces: the per-Mac source of truth behind

/private/tmp/cmux-verify-20260908170330-19681-7317/source-1198ba65bf/Packages/iOS/CmuxMobileShellModel/Sources/CmuxMobileShellModel/MobileMacListAuthState.swift:1:8: warning: public import of 'Foundation' was not used in public declarations or inlinable code
  1 | public import Foundation
    |        `- warning: public import of 'Foundation' was not used in public declarations or inlinable code
  2 | public import Observation
  3 | 
/private/tmp/cmux-verify-20260908170330-19681-7317/source-1198ba65bf/Packages/iOS/CmuxMobileShellModel/Sources/CmuxMobileShellModel/MacWorkspaceState.swift:2:8: warning: public import of 'Foundation' was not used in public declarations or inlinable code
 1 | import CMUXMobileCore
 2 | public import Foundation
   |        `- warning: public import of 'Foundation' was not used in public declarations or inlinable code
 3 | 
 4 | /// The phone's view of ONE Mac's workspaces: the per-Mac source of truth behind

/private/tmp/cmux-verify-20260908170330-19681-7317/source-1198ba65bf/Packages/iOS/CmuxMobileShellModel/Sources/CmuxMobileShellModel/MobileMacListAuthState.swift:1:8: warning: public import of 'Foundation' was not used in public declarations or inlinable code
  1 | public import Foundation
    |        `- warning: public import of 'Foundation' was not used in public declarations or inlinable code
  2 | public import Observation
  3 | 
/private/tmp/cmux-verify-20260908170330-19681-7317/source-1198ba65bf/Packages/iOS/CmuxMobileShellModel/Sources/CmuxMobileShellModel/MacWorkspaceState.swift:2:8: warning: public import of 'Foundation' was not used in public declarations or inlinable code
 1 | import CMUXMobileCore
 2 | public import Foundation
   |        `- warning: public import of 'Foundation' was not used in public declarations or inlinable code
 3 | 
 4 | /// The phone's view of ONE Mac's workspaces: the per-Mac source of truth behind

/private/tmp/cmux-verify-20260908170330-19681-7317/source-1198ba65bf/Packages/iOS/CmuxMobileShellModel/Sources/CmuxMobileShellModel/MobileMacListAuthState.swift:1:8: warning: public import of 'Foundation' was not used in public declarations or inlinable code
  1 | public import Foundation
    |        `- warning: public import of 'Foundation' was not used in public declarations or inlinable code
  2 | public import Observation
  3 | 
/private/tmp/cmux-verify-20260908170330-19681-7317/source-1198ba65bf/Packages/iOS/CmuxMobileShellModel/Sources/CmuxMobileShellModel/MacWorkspaceState.swift:2:8: warning: public import of 'Foundation' was not used in public declarations or inlinable code
 1 | import CMUXMobileCore
 2 | public import Foundation
   |        `- warning: public import of 'Foundation' was not used in public declarations or inlinable code
 3 | 
 4 | /// The phone's view of ONE Mac's workspaces: the per-Mac source of truth behind

/private/tmp/cmux-verify-20260908170330-19681-7317/source-1198ba65bf/Packages/iOS/CmuxMobileShellModel/Sources/CmuxMobileShellModel/MobileMacListAuthState.swift:1:8: warning: public import of 'Foundation' was not used in public declarations or inlinable code
  1 | public import Foundation
    |        `- warning: public import of 'Foundation' was not used in public declarations or inlinable code
  2 | public import Observation
  3 | 
/private/tmp/cmux-verify-20260908170330-19681-7317/source-1198ba65bf/Packages/iOS/CmuxMobileShellModel/Sources/CmuxMobileShellModel/MacWorkspaceState.swift:2:8: warning: public import of 'Foundation' was not used in public declarations or inlinable code
 1 | import CMUXMobileCore
 2 | public import Foundation
   |        `- warning: public import of 'Foundation' was not used in public declarations or inlinable code
 3 | 
 4 | /// The phone's view of ONE Mac's workspaces: the per-Mac source of truth behind

/private/tmp/cmux-verify-20260908170330-19681-7317/source-1198ba65bf/Packages/iOS/CmuxMobileShellModel/Sources/CmuxMobileShellModel/MobileMacListAuthState.swift:1:8: warning: public import of 'Foundation' was not used in public declarations or inlinable code
  1 | public import Foundation
    |        `- warning: public import of 'Foundation' was not used in public declarations or inlinable code
  2 | public import Observation
  3 | 
/private/tmp/cmux-verify-20260908170330-19681-7317/source-1198ba65bf/Packages/iOS/CmuxMobileShellModel/Sources/CmuxMobileShellModel/MacWorkspaceState.swift:2:8: warning: public import of 'Foundation' was not used in public declarations or inlinable code
 1 | import CMUXMobileCore
 2 | public import Foundation
   |        `- warning: public import of 'Foundation' was not used in public declarations or inlinable code
 3 | 
 4 | /// The phone's view of ONE Mac's workspaces: the per-Mac source of truth behind

/private/tmp/cmux-verify-20260908170330-19681-7317/source-1198ba65bf/Packages/iOS/CmuxMobileShellModel/Sources/CmuxMobileShellModel/MobileMacListAuthState.swift:1:8: warning: public import of 'Foundation' was not used in public declarations or inlinable code
  1 | public import Foundation
    |        `- warning: public import of 'Foundation' was not used in public declarations or inlinable code
  2 | public import Observation
  3 | 
/private/tmp/cmux-verify-20260908170330-19681-7317/source-1198ba65bf/Packages/iOS/CmuxMobileShellModel/Sources/CmuxMobileShellModel/MacWorkspaceState.swift:2:8: warning: public import of 'Foundation' was not used in public declarations or inlinable code
 1 | import CMUXMobileCore
 2 | public import Foundation
   |        `- warning: public import of 'Foundation' was not used in public declarations or inlinable code
 3 | 
 4 | /// The phone's view of ONE Mac's workspaces: the per-Mac source of truth behind

/private/tmp/cmux-verify-20260908170330-19681-7317/source-1198ba65bf/Packages/iOS/CmuxMobileShellModel/Sources/CmuxMobileShellModel/MobileMacListAuthState.swift:1:8: warning: public import of 'Foundation' was not used in public declarations or inlinable code
  1 | public import Foundation
    |        `- warning: public import of 'Foundation' was not used in public declarations or inlinable code
  2 | public import Observation
  3 | 
/private/tmp/cmux-verify-20260908170330-19681-7317/source-1198ba65bf/Packages/iOS/CmuxMobileShellModel/Sources/CmuxMobileShellModel/MacWorkspaceState.swift:2:8: warning: public import of 'Foundation' was not used in public declarations or inlinable code
 1 | import CMUXMobileCore
 2 | public import Foundation
   |        `- warning: public import of 'Foundation' was not used in public declarations or inlinable code
 3 | 
 4 | /// The phone's view of ONE Mac's workspaces: the per-Mac source of truth behind

/private/tmp/cmux-verify-20260908170330-19681-7317/source-1198ba65bf/Packages/iOS/CmuxMobileShellModel/Sources/CmuxMobileShellModel/MobileMacListAuthState.swift:1:8: warning: public import of 'Foundation' was not used in public declarations or inlinable code
  1 | public import Foundation
    |        `- warning: public import of 'Foundation' was not used in public declarations or inlinable code
  2 | public import Observation
  3 | 
/private/tmp/cmux-verify-20260908170330-19681-7317/source-1198ba65bf/Packages/iOS/CmuxMobileShellModel/Sources/CmuxMobileShellModel/MacWorkspaceState.swift:2:8: warning: public import of 'Foundation' was not used in public declarations or inlinable code
 1 | import CMUXMobileCore
 2 | public import Foundation
   |        `- warning: public import of 'Foundation' was not used in public declarations or inlinable code
 3 | 
 4 | /// The phone's view of ONE Mac's workspaces: the per-Mac source of truth behind

/private/tmp/cmux-verify-20260908170330-19681-7317/source-1198ba65bf/Packages/iOS/CmuxMobileShellModel/Sources/CmuxMobileShellModel/MobileMacListAuthState.swift:1:8: warning: public import of 'Foundation' was not used in public declarations or inlinable code
  1 | public import Foundation
    |        `- warning: public import of 'Foundation' was not used in public declarations or inlinable code
  2 | public import Observation
  3 | 
/private/tmp/cmux-verify-20260908170330-19681-7317/source-1198ba65bf/Packages/iOS/CmuxMobileShellModel/Sources/CmuxMobileShellModel/MacWorkspaceState.swift:2:8: warning: public import of 'Foundation' was not used in public declarations or inlinable code
 1 | import CMUXMobileCore
 2 | public import Foundation
   |        `- warning: public import of 'Foundation' was not used in public declarations or inlinable code
 3 | 
 4 | /// The phone's view of ONE Mac's workspaces: the per-Mac source of truth behind

/private/tmp/cmux-verify-20260908170330-19681-7317/source-1198ba65bf/Packages/iOS/CmuxMobileShellModel/Sources/CmuxMobileShellModel/MobileMacListAuthState.swift:1:8: warning: public import of 'Foundation' was not used in public declarations or inlinable code
  1 | public import Foundation
    |        `- warning: public import of 'Foundation' was not used in public declarations or inlinable code
  2 | public import Observation
  3 | 
/private/tmp/cmux-verify-20260908170330-19681-7317/source-1198ba65bf/Packages/iOS/CmuxMobileShellModel/Sources/CmuxMobileShellModel/MacWorkspaceState.swift:2:8: warning: public import of 'Foundation' was not used in public declarations or inlinable code
 1 | import CMUXMobileCore
 2 | public import Foundation
   |        `- warning: public import of 'Foundation' was not used in public declarations or inlinable code
 3 | 
 4 | /// The phone's view of ONE Mac's workspaces: the per-Mac source of truth behind

/private/tmp/cmux-verify-20260908170330-19681-7317/source-1198ba65bf/Packages/iOS/CmuxMobileShellModel/Sources/CmuxMobileShellModel/MobileMacListAuthState.swift:1:8: warning: public import of 'Foundation' was not used in public declarations or inlinable code
  1 | public import Foundation
    |        `- warning: public import of 'Foundation' was not used in public declarations or inlinable code
  2 | public import Observation
  3 | 
/private/tmp/cmux-verify-20260908170330-19681-7317/source-1198ba65bf/Packages/iOS/CmuxMobileShellModel/Sources/CmuxMobileShellModel/MacWorkspaceState.swift:2:8: warning: public import of 'Foundation' was not used in public declarations or inlinable code
 1 | import CMUXMobileCore
 2 | public import Foundation
   |        `- warning: public import of 'Foundation' was not used in public declarations or inlinable code
 3 | 
 4 | /// The phone's view of ONE Mac's workspaces: the per-Mac source of truth behind

/private/tmp/cmux-verify-20260908170330-19681-7317/source-1198ba65bf/Packages/iOS/CmuxMobileShellModel/Sources/CmuxMobileShellModel/MobileMacListAuthState.swift:1:8: warning: public import of 'Foundation' was not used in public declarations or inlinable code
  1 | public import Foundation
    |        `- warning: public import of 'Foundation' was not used in public declarations or inlinable code
  2 | public import Observation
  3 | 
[473/513] Compiling CmuxMobileShellModel MobileNotificationFeedStatus.swift
[474/513] Compiling CmuxMobileShellModel MobileOnboardingProgress.swift
[475/513] Compiling CmuxMobileShellModel MobileOnboardingStore.swift
[476/513] Compiling CmuxMobileShellModel MobilePairingURLConnectionResult.swift
[477/513] Compiling CmuxMobileShellModel MobilePendingAttachment.swift
[478/513] Compiling CmuxMobileShellModel MobilePreparedImageAttachment.swift
[479/513] Compiling CmuxMobileShellModel MobileRelativeActivity.swift
[480/513] Compiling CmuxMobileShellModel MobileShellPhase.swift
[481/513] Compiling CmuxMobileShellModel MobileShellRouteAuthPolicy.swift
[482/513] Compiling CmuxMobileShellModel MobileSurfacePreview.swift
[483/513] Compiling CmuxMobileShellModel MobileTaskAgentProvider.swift
[484/513] Compiling CmuxMobileShellModel MobileTaskAttachmentChunkPlan.swift
[485/513] Compiling CmuxMobileShellModel MobileTaskCommandComposer.swift
[486/513] Compiling CmuxMobileShellModel MobileTaskComposerDraft.swift
[487/513] Compiling CmuxMobileShellModel MobileTaskComposerDraftAttachment.swift
[488/513] Compiling CmuxMobileShellModel MobileTaskComposerSavedDraft.swift
[489/513] Compiling CmuxMobileShellModel MobileTaskComposition.swift
[490/513] Compiling CmuxMobileShellModel MobileTaskDirectorySuggestion.swift
[491/513] Compiling CmuxMobileShellModel MobileWorkspaceListFilter.swift
[492/513] Compiling CmuxMobileShellModel MobileWorkspaceListItem+MoveIntent.swift
[493/513] Compiling CmuxMobileShellModel MobileWorkspaceListItem.swift
[494/513] Compiling CmuxMobileShellModel MobileWorkspaceListMoveIntentResolver.swift
[495/513] Compiling CmuxMobileShellModel MobileWorkspaceMoveIntent.swift
[496/513] Compiling CmuxMobileShellModel MobileWorkspaceMovePolicy.swift
[497/513] Compiling CmuxMobileShellModel MobileWorkspaceOptimisticOrder.swift
[498/513] Compiling CmuxMobileShellModel MobileWorkspaceOptimisticOrderEntry.swift
[499/513] Compiling CmuxMobileShellModel MobileWorkspaceOptimisticOrderReconciler.swift
[500/513] Compiling CmuxMobileShellModel MobileWorkspaceOrderMoveApplier.swift
[501/513] Compiling CmuxMobileShellModel MobileWorkspaceOrderSignature.swift
[502/513] Compiling CmuxMobileShellModel MobileWorkspacePreview+WindowScope.swift
[503/513] Compiling CmuxMobileShellModel MobileWorkspacePreview.swift
[504/513] Compiling CmuxMobileShellModel MobileWorkspaceReadStateFilter.swift
[505/513] Compiling CmuxMobileShellModel MobileWorkspaceRecencyOrder.swift
[506/513] Compiling CmuxMobileShellModel MobileWorkspaceSortMode.swift
[507/513] Compiling CmuxMobileShellModel MobileWorkspaceSortStore.swift
[508/513] Compiling CmuxMobileShellModel MobileWorkspaceUnreadState.swift
[509/513] Compiling CmuxMobileShellModel RegistryDevice.swift
[510/513] Compiling CmuxMobileShellModel TaskComposerAttachment.swift
[511/513] Compiling CmuxMobileShellModel TerminalComposerAttachmentInsertion.swift
[512/577] Compiling CmuxMobileRPC MobileRPCClientLifecycleGate.swift
[513/577] Compiling CmuxMobileRPC MobileRPCConnectAdmission.swift
[514/577] Compiling CmuxMobileRPC MobileRPCConnectAttemptKey.swift
[515/577] Compiling CmuxMobileRPC MobileRPCConnectAttemptLease.swift
[516/577] Compiling CmuxMobileRPC MobileRPCConnectAttemptRegistry.swift
[517/577] Compiling CmuxMobileRPC MobileRPCConnectCancellationClose.swift
[518/577] Compiling CmuxMobileRPC MobileRPCConnectEndpointIdentity.swift
[519/577] Compiling CmuxMobileRPC MobileRPCConnectRouteState.swift
[520/577] Compiling CmuxMobileRPC MobileRPCRejectedTransportDisposal.swift
[521/577] Compiling CmuxMobileRPC MobileRPCTransportConnectEvent.swift
[522/577] Compiling CmuxMobileRPC MobileShellConnectionError.swift
[523/577] Compiling CmuxMobileRPC MobileSimulatorRPCDTOs.swift
[524/577] Compiling CmuxMobileRPC MobileSimulatorStreamLaneConnection.swift
[525/577] Compiling CmuxMobileRPC MobileSyncRuntime.swift
[526/577] Compiling CmuxMobileRPC MobileSyncWorkspaceListResponse.swift
[527/577] Compiling CmuxMobileRPC MobileSyncing.swift
[528/577] Compiling CmuxMobileRPC MobileTaskDirectoryListEntries.swift
[529/577] Compiling CmuxMobileRPC MobileTaskDirectoryListEntry.swift
[530/577] Compiling CmuxMobileRPC MobileTaskDirectoryListRequest.swift
[531/577] Compiling CmuxMobileRPC MobileTaskDirectoryListResponse.swift
[532/577] Compiling CmuxMobileRPC MobileTaskDirectorySearchResponse.swift
[533/577] Compiling CmuxMobileRPC CmxAttachEndpoint+LogDescription.swift
[534/577] Compiling CmuxMobileRPC CmxAttachTicketInput.swift
[535/577] Compiling CmuxMobileRPC MobileArtifactLaneConnection.swift
[536/577] Compiling CmuxMobileRPC MobileBrowserCommandResponse.swift
[537/577] Compiling CmuxMobileRPC MobileBrowserCreateParameters.swift
[538/577] Compiling CmuxMobileRPC MobileBrowserFrameAckParameters.swift
[539/577] Compiling CmuxMobileRPC MobileBrowserListParameters.swift
[540/577] Compiling CmuxMobileRPC MobileBrowserListResponse.swift
[541/577] Compiling CmuxMobileRPC MobileBrowserNavigateParameters.swift
[542/577] Compiling CmuxMobileRPC MobileBrowserPanelParameters.swift
[543/577] Compiling CmuxMobileRPC MobileBrowserRPCRequestEncoder.swift
[544/577] Compiling CmuxMobileRPC MobileCaffeineStatus.swift
[545/577] Compiling CmuxMobileRPC MobileCoreRPCAttachTicketCoverage.swift
[546/577] Compiling CmuxMobileRPC MobileCoreRPCClient+BrowserStream.swift
[547/577] Compiling CmuxMobileRPC MobileCoreRPCClient+ReleaseGate.swift
[548/577] Compiling CmuxMobileRPC MobileCoreRPCClient+SimulatorStream.swift
[549/577] Compiling CmuxMobileRPC MobileCoreRPCClient+SurfaceFocus.swift
[550/577] Compiling CmuxMobileRPC MobileCoreRPCClient+Todo.swift
[551/577] Compiling CmuxMobileRPC MobileCoreRPCClient.swift
[552/577] Compiling CmuxMobileRPC MobileCoreRPCPipelinedRequest.swift
[553/577] Compiling CmuxMobileRPC MobileCoreRPCSession+AbandonedConnectCleanup.swift
[554/577] Emitting module CmuxMobileRPC
[555/597] Compiling CmuxMobileRPC MobileCoreRPCSession+IndependentEvents.swift
[556/597] Compiling CmuxMobileRPC MobileCoreRPCSession+ReleaseGate.swift
[557/597] Compiling CmuxMobileRPC MobileCoreRPCSession+RequestSettlement.swift
[558/597] Compiling CmuxMobileRPC MobileCoreRPCSession.swift
[559/597] Compiling CmuxMobileRPC MobileEventEnvelope.swift
[560/597] Compiling CmuxMobileRPC MobileEventSubscribeResponse.swift
[561/597] Compiling CmuxMobileRPC MobileHostPhonePushStatus.swift
[562/597] Compiling CmuxMobileRPC MobileHostStatusResponse.swift
[563/597] Compiling CmuxMobileRPC MobileNotificationBadgeEvent.swift
[564/597] Compiling CmuxMobileRPC MobileNotificationDismissedEvent.swift
[565/597] Compiling CmuxMobileRPC MobileNotificationFeedChangedEvent.swift
[566/597] Compiling CmuxMobileRPC MobileNotificationFeedListBoundedDecodeOptions.swift
[567/597] Compiling CmuxMobileRPC MobileNotificationFeedListBoundedItem.swift
[568/597] Compiling CmuxMobileRPC MobileNotificationFeedListBoundedResponse.swift
[569/597] Compiling CmuxMobileRPC MobileNotificationFeedListItem.swift
[570/597] Compiling CmuxMobileRPC MobileNotificationFeedListResponse.swift
[571/597] Compiling CmuxMobileRPC MobileNotificationFeedListStringLimits.swift
[572/597] Compiling CmuxMobileRPC MobileNotificationFeedMutationResponse.swift
[573/597] Compiling CmuxMobileRPC MobileNotificationReconcileResponse.swift
[574/597] Compiling CmuxMobileRPC MobileRPCAbandonedCandidateClose.swift
[575/597] Compiling CmuxMobileRPC MobileRPCAbandonedConnectCleaner.swift
[576/597] Compiling CmuxMobileRPC MobileTerminalBytesEvent.swift
[577/597] Compiling CmuxMobileRPC MobileTerminalInputResponse.swift
[578/597] Compiling CmuxMobileRPC MobileTerminalLaneConnection.swift
[579/597] Compiling CmuxMobileRPC MobileTerminalLaneOutputFrame.swift
[580/597] Compiling CmuxMobileRPC MobileTerminalRenderGridEvent.swift
[581/597] Compiling CmuxMobileRPC MobileTerminalReplayResponse.swift
[582/597] Compiling CmuxMobileRPC MobileTerminalSetFontEvent.swift
[583/597] Compiling CmuxMobileRPC MobileTerminalViewportResponse.swift
[584/597] Compiling CmuxMobileRPC MobileWorkspaceChangeStatus.swift
[585/597] Compiling CmuxMobileRPC MobileWorkspaceChangedFilesResponse.swift
[586/597] Compiling CmuxMobileRPC MobileWorkspaceChangesSummariesResponse.swift
[587/597] Compiling CmuxMobileRPC MobileWorkspaceChangesSummaryRequest.swift
[588/597] Compiling CmuxMobileRPC MobileWorkspaceFileDiffResponse.swift
[589/597] Compiling CmuxMobileRPC MobileWorkspacePreview+RemoteMapping.swift
[590/597] Compiling CmuxMobileRPC PreviewMobileHost.swift
[591/597] Compiling CmuxMobileRPC RPCRequestDeadline.swift
[592/597] Compiling CmuxMobileRPC RPCStackTokenGate.swift
[593/597] Compiling CmuxMobileRPC RPCTaskTimeout.swift
[594/597] Compiling CmuxMobileRPC RPCTaskTimeoutCancellation.swift
[595/597] Compiling CmuxMobileRPC RPCTaskTimeoutRace.swift
[596/670] Emitting module CmuxMobileShell
/private/tmp/cmux-verify-20260908170330-19681-7317/source-1198ba65bf/Packages/iOS/CmuxMobileShell/Sources/CmuxMobileShell/DeviceRegistryService.swift:642:32: warning: use of protocol 'Decoder' as a type must be written 'any Decoder'; this will be an error in a future Swift language mode [#ExistentialAny]
640 |         struct FailableRoute: Decodable {
641 |             let value: CmxAttachRoute?
642 |             init(from decoder: Decoder) throws {
    |                                `- warning: use of protocol 'Decoder' as a type must be written 'any Decoder'; this will be an error in a future Swift language mode [#ExistentialAny]
643 |                 value = try? CmxAttachRoute(from: decoder)
644 |             }

[#ExistentialAny]: <https://docs.swift.org/compiler/documentation/diagnostics/existential-any>
[597/694] Compiling CmuxMobileShell MobileMacAppVersion.swift
[598/694] Compiling CmuxMobileShell MobileMacBuildCompatibilityPolicy.swift
[599/694] Compiling CmuxMobileShell MobileMacBuildVersionStamp.swift
[600/694] Compiling CmuxMobileShell MobileMacCompatDebugOverride.swift
[601/694] Compiling CmuxMobileShell MobileMacCompatPolicy+Channel.swift
[602/694] Compiling CmuxMobileShell MobileMacCompatPolicy+NightlyRequirement.swift
[603/694] Compiling CmuxMobileShell MobileMacCompatPolicy+Tier.swift
[604/694] Compiling CmuxMobileShell MobileMacCompatPolicy+Violation.swift
[605/694] Compiling CmuxMobileShell MobileMacCompatPolicy.swift
[606/694] Compiling CmuxMobileShell MobileMacCompatRemoteEntry.swift
[607/694] Compiling CmuxMobileShell MobileMacCompatRemoteList.swift
[608/694] Compiling CmuxMobileShell MobileMacCompatRemoteNightly.swift
[609/694] Compiling CmuxMobileShell MobileMacCompatiblePairedMacStore.swift
[610/694] Compiling CmuxMobileShell MobileMacConnectionRegistry+ControlSubscriptions.swift
[611/694] Compiling CmuxMobileShell MobileMacConnectionRegistry+Entry.swift
[612/694] Compiling CmuxMobileShell MobileMacConnectionRegistry+FocusedConnections.swift
[613/694] Compiling CmuxMobileShell MobileMacConnectionRegistry.swift
[614/694] Compiling CmuxMobileShell MobileMacConnectionRole.swift
[615/694] Compiling CmuxMobileShell MobileMacConnectionSnapshot.swift
[616/694] Compiling CmuxMobileShell MobileMacInstanceTagAuthority.swift
[617/694] Compiling CmuxMobileShell MobileMacInstanceTagExpectation.swift
[618/694] Compiling CmuxMobileShell MobileMacInstanceTagResolution.swift
[619/694] Compiling CmuxMobileShell MobileMacTagAllowlist.swift
[620/694] Compiling CmuxMobileShell MobileMacUpdateCapabilityRequirement.swift
[621/694] Compiling CmuxMobileShell BackingUpPairedMacStore+AuthorizedRoutes.swift
/private/tmp/cmux-verify-20260908170330-19681-7317/source-1198ba65bf/Packages/iOS/CmuxMobileShell/Sources/CmuxMobileShell/DeviceRegistryService.swift:642:32: warning: use of protocol 'Decoder' as a type must be written 'any Decoder'; this will be an error in a future Swift language mode [#ExistentialAny]
640 |         struct FailableRoute: Decodable {
641 |             let value: CmxAttachRoute?
642 |             init(from decoder: Decoder) throws {
    |                                `- warning: use of protocol 'Decoder' as a type must be written 'any Decoder'; this will be an error in a future Swift language mode [#ExistentialAny]
643 |                 value = try? CmxAttachRoute(from: decoder)
644 |             }

/private/tmp/cmux-verify-20260908170330-19681-7317/source-1198ba65bf/Packages/iOS/CmuxMobileShell/Sources/CmuxMobileShell/DeviceRegistryService.swift:2:8: warning: public import of 'CmuxMobileShellModel' was not used in public declarations or inlinable code
  1 | public import CMUXMobileCore
  2 | public import CmuxMobileShellModel
    |        `- warning: public import of 'CmuxMobileShellModel' was not used in public declarations or inlinable code
  3 | public import Foundation
  4 | import os

[#ExistentialAny]: <https://docs.swift.org/compiler/documentation/diagnostics/existential-any>
[622/694] Compiling CmuxMobileShell BackingUpPairedMacStore+ConditionalRestore.swift
/private/tmp/cmux-verify-20260908170330-19681-7317/source-1198ba65bf/Packages/iOS/CmuxMobileShell/Sources/CmuxMobileShell/DeviceRegistryService.swift:642:32: warning: use of protocol 'Decoder' as a type must be written 'any Decoder'; this will be an error in a future Swift language mode [#ExistentialAny]
640 |         struct FailableRoute: Decodable {
641 |             let value: CmxAttachRoute?
642 |             init(from decoder: Decoder) throws {
    |                                `- warning: use of protocol 'Decoder' as a type must be written 'any Decoder'; this will be an error in a future Swift language mode [#ExistentialAny]
643 |                 value = try? CmxAttachRoute(from: decoder)
644 |             }

/private/tmp/cmux-verify-20260908170330-19681-7317/source-1198ba65bf/Packages/iOS/CmuxMobileShell/Sources/CmuxMobileShell/DeviceRegistryService.swift:2:8: warning: public import of 'CmuxMobileShellModel' was not used in public declarations or inlinable code
  1 | public import CMUXMobileCore
  2 | public import CmuxMobileShellModel
    |        `- warning: public import of 'CmuxMobileShellModel' was not used in public declarations or inlinable code
  3 | public import Foundation
  4 | import os

[#ExistentialAny]: <https://docs.swift.org/compiler/documentation/diagnostics/existential-any>
[623/694] Compiling CmuxMobileShell BackingUpPairedMacStore+ScopeKey.swift
/private/tmp/cmux-verify-20260908170330-19681-7317/source-1198ba65bf/Packages/iOS/CmuxMobileShell/Sources/CmuxMobileShell/DeviceRegistryService.swift:642:32: warning: use of protocol 'Decoder' as a type must be written 'any Decoder'; this will be an error in a future Swift language mode [#ExistentialAny]
640 |         struct FailableRoute: Decodable {
641 |             let value: CmxAttachRoute?
642 |             init(from decoder: Decoder) throws {
    |                                `- warning: use of protocol 'Decoder' as a type must be written 'any Decoder'; this will be an error in a future Swift language mode [#ExistentialAny]
643 |                 value = try? CmxAttachRoute(from: decoder)
644 |             }

/private/tmp/cmux-verify-20260908170330-19681-7317/source-1198ba65bf/Packages/iOS/CmuxMobileShell/Sources/CmuxMobileShell/DeviceRegistryService.swift:2:8: warning: public import of 'CmuxMobileShellModel' was not used in public declarations or inlinable code
  1 | public import CMUXMobileCore
  2 | public import CmuxMobileShellModel
    |        `- warning: public import of 'CmuxMobileShellModel' was not used in public declarations or inlinable code
  3 | public import Foundation
  4 | import os

[#ExistentialAny]: <https://docs.swift.org/compiler/documentation/diagnostics/existential-any>
[624/694] Compiling CmuxMobileShell BackingUpPairedMacStore.swift
/private/tmp/cmux-verify-20260908170330-19681-7317/source-1198ba65bf/Packages/iOS/CmuxMobileShell/Sources/CmuxMobileShell/DeviceRegistryService.swift:642:32: warning: use of protocol 'Decoder' as a type must be written 'any Decoder'; this will be an error in a future Swift language mode [#ExistentialAny]
640 |         struct FailableRoute: Decodable {
641 |             let value: CmxAttachRoute?
642 |             init(from decoder: Decoder) throws {
    |                                `- warning: use of protocol 'Decoder' as a type must be written 'any Decoder'; this will be an error in a future Swift language mode [#ExistentialAny]
643 |                 value = try? CmxAttachRoute(from: decoder)
644 |             }

/private/tmp/cmux-verify-20260908170330-19681-7317/source-1198ba65bf/Packages/iOS/CmuxMobileShell/Sources/CmuxMobileShell/DeviceRegistryService.swift:2:8: warning: public import of 'CmuxMobileShellModel' was not used in public declarations or inlinable code
  1 | public import CMUXMobileCore
  2 | public import CmuxMobileShellModel
    |        `- warning: public import of 'CmuxMobileShellModel' was not used in public declarations or inlinable code
  3 | public import Foundation
  4 | import os

[#ExistentialAny]: <https://docs.swift.org/compiler/documentation/diagnostics/existential-any>
[625/694] Compiling CmuxMobileShell CmxAttachTicket+ConstrainingRoutes.swift
/private/tmp/cmux-verify-20260908170330-19681-7317/source-1198ba65bf/Packages/iOS/CmuxMobileShell/Sources/CmuxMobileShell/DeviceRegistryService.swift:642:32: warning: use of protocol 'Decoder' as a type must be written 'any Decoder'; this will be an error in a future Swift language mode [#ExistentialAny]
640 |         struct FailableRoute: Decodable {
641 |             let value: CmxAttachRoute?
642 |             init(from decoder: Decoder) throws {
    |                                `- warning: use of protocol 'Decoder' as a type must be written 'any Decoder'; this will be an error in a future Swift language mode [#ExistentialAny]
643 |                 value = try? CmxAttachRoute(from: decoder)
644 |             }

/private/tmp/cmux-verify-20260908170330-19681-7317/source-1198ba65bf/Packages/iOS/CmuxMobileShell/Sources/CmuxMobileShell/DeviceRegistryService.swift:2:8: warning: public import of 'CmuxMobileShellModel' was not used in public declarations or inlinable code
  1 | public import CMUXMobileCore
  2 | public import CmuxMobileShellModel
    |        `- warning: public import of 'CmuxMobileShellModel' was not used in public declarations or inlinable code
  3 | public import Foundation
  4 | import os

[#ExistentialAny]: <https://docs.swift.org/compiler/documentation/diagnostics/existential-any>
[626/694] Compiling CmuxMobileShell CreatedTerminalSelection.swift
/private/tmp/cmux-verify-20260908170330-19681-7317/source-1198ba65bf/Packages/iOS/CmuxMobileShell/Sources/CmuxMobileShell/DeviceRegistryService.swift:642:32: warning: use of protocol 'Decoder' as a type must be written 'any Decoder'; this will be an error in a future Swift language mode [#ExistentialAny]
640 |         struct FailableRoute: Decodable {
641 |             let value: CmxAttachRoute?
642 |             init(from decoder: Decoder) throws {
    |                                `- warning: use of protocol 'Decoder' as a type must be written 'any Decoder'; this will be an error in a future Swift language mode [#ExistentialAny]
643 |                 value = try? CmxAttachRoute(from: decoder)
644 |             }

/private/tmp/cmux-verify-20260908170330-19681-7317/source-1198ba65bf/Packages/iOS/CmuxMobileShell/Sources/CmuxMobileShell/DeviceRegistryService.swift:2:8: warning: public import of 'CmuxMobileShellModel' was not used in public declarations or inlinable code
  1 | public import CMUXMobileCore
  2 | public import CmuxMobileShellModel
    |        `- warning: public import of 'CmuxMobileShellModel' was not used in public declarations or inlinable code
  3 | public import Foundation
  4 | import os

[#ExistentialAny]: <https://docs.swift.org/compiler/documentation/diagnostics/existential-any>
[627/694] Compiling CmuxMobileShell ThemeParityPreviewDelivery.swift
/private/tmp/cmux-verify-20260908170330-19681-7317/source-1198ba65bf/Packages/iOS/CmuxMobileShell/Sources/CmuxMobileShell/DeviceRegistryService.swift:642:32: warning: use of protocol 'Decoder' as a type must be written 'any Decoder'; this will be an error in a future Swift language mode [#ExistentialAny]
640 |         struct FailableRoute: Decodable {
641 |             let value: CmxAttachRoute?
642 |             init(from decoder: Decoder) throws {
    |                                `- warning: use of protocol 'Decoder' as a type must be written 'any Decoder'; this will be an error in a future Swift language mode [#ExistentialAny]
643 |                 value = try? CmxAttachRoute(from: decoder)
644 |             }

/private/tmp/cmux-verify-20260908170330-19681-7317/source-1198ba65bf/Packages/iOS/CmuxMobileShell/Sources/CmuxMobileShell/DeviceRegistryService.swift:2:8: warning: public import of 'CmuxMobileShellModel' was not used in public declarations or inlinable code
  1 | public import CMUXMobileCore
  2 | public import CmuxMobileShellModel
    |        `- warning: public import of 'CmuxMobileShellModel' was not used in public declarations or inlinable code
  3 | public import Foundation
  4 | import os

[#ExistentialAny]: <https://docs.swift.org/compiler/documentation/diagnostics/existential-any>
[628/694] Compiling CmuxMobileShell DeliveredNotificationClearing.swift
/private/tmp/cmux-verify-20260908170330-19681-7317/source-1198ba65bf/Packages/iOS/CmuxMobileShell/Sources/CmuxMobileShell/DeviceRegistryService.swift:642:32: warning: use of protocol 'Decoder' as a type must be written 'any Decoder'; this will be an error in a future Swift language mode [#ExistentialAny]
640 |         struct FailableRoute: Decodable {
641 |             let value: CmxAttachRoute?
642 |             init(from decoder: Decoder) throws {
    |                                `- warning: use of protocol 'Decoder' as a type must be written 'any Decoder'; this will be an error in a future Swift language mode [#ExistentialAny]
643 |                 value = try? CmxAttachRoute(from: decoder)
644 |             }

/private/tmp/cmux-verify-20260908170330-19681-7317/source-1198ba65bf/Packages/iOS/CmuxMobileShell/Sources/CmuxMobileShell/DeviceRegistryService.swift:2:8: warning: public import of 'CmuxMobileShellModel' was not used in public declarations or inlinable code
  1 | public import CMUXMobileCore
  2 | public import CmuxMobileShellModel
    |        `- warning: public import of 'CmuxMobileShellModel' was not used in public declarations or inlinable code
  3 | public import Foundation
  4 | import os

[#ExistentialAny]: <https://docs.swift.org/compiler/documentation/diagnostics/existential-any>
[629/694] Compiling CmuxMobileShell DemoContentPairedMacStore.swift
/private/tmp/cmux-verify-20260908170330-19681-7317/source-1198ba65bf/Packages/iOS/CmuxMobileShell/Sources/CmuxMobileShell/DeviceRegistryService.swift:642:32: warning: use of protocol 'Decoder' as a type must be written 'any Decoder'; this will be an error in a future Swift language mode [#ExistentialAny]
640 |         struct FailableRoute: Decodable {
641 |             let value: CmxAttachRoute?
642 |             init(from decoder: Decoder) throws {
    |                                `- warning: use of protocol 'Decoder' as a type must be written 'any Decoder'; this will be an error in a future Swift language mode [#ExistentialAny]
643 |                 value = try? CmxAttachRoute(from: decoder)
644 |             }

/private/tmp/cmux-verify-20260908170330-19681-7317/source-1198ba65bf/Packages/iOS/CmuxMobileShell/Sources/CmuxMobileShell/DeviceRegistryService.swift:2:8: warning: public import of 'CmuxMobileShellModel' was not used in public declarations or inlinable code
  1 | public import CMUXMobileCore
  2 | public import CmuxMobileShellModel
    |        `- warning: public import of 'CmuxMobileShellModel' was not used in public declarations or inlinable code
  3 | public import Foundation
  4 | import os

[#ExistentialAny]: <https://docs.swift.org/compiler/documentation/diagnostics/existential-any>
[630/694] Compiling CmuxMobileShell DeviceIdentityStore.swift
/private/tmp/cmux-verify-20260908170330-19681-7317/source-1198ba65bf/Packages/iOS/CmuxMobileShell/Sources/CmuxMobileShell/DeviceRegistryService.swift:642:32: warning: use of protocol 'Decoder' as a type must be written 'any Decoder'; this will be an error in a future Swift language mode [#ExistentialAny]
640 |         struct FailableRoute: Decodable {
641 |             let value: CmxAttachRoute?
642 |             init(from decoder: Decoder) throws {
    |                                `- warning: use of protocol 'Decoder' as a type must be written 'any Decoder'; this will be an error in a future Swift language mode [#ExistentialAny]
643 |                 value = try? CmxAttachRoute(from: decoder)
644 |             }

/private/tmp/cmux-verify-20260908170330-19681-7317/source-1198ba65bf/Packages/iOS/CmuxMobileShell/Sources/CmuxMobileShell/DeviceRegistryService.swift:2:8: warning: public import of 'CmuxMobileShellModel' was not used in public declarations or inlinable code
  1 | public import CMUXMobileCore
  2 | public import CmuxMobileShellModel
    |        `- warning: public import of 'CmuxMobileShellModel' was not used in public declarations or inlinable code
  3 | public import Foundation
  4 | import os

[#ExistentialAny]: <https://docs.swift.org/compiler/documentation/diagnostics/existential-any>
[631/694] Compiling CmuxMobileShell DeviceRegistryRefreshing.swift
/private/tmp/cmux-verify-20260908170330-19681-7317/source-1198ba65bf/Packages/iOS/CmuxMobileShell/Sources/CmuxMobileShell/DeviceRegistryService.swift:642:32: warning: use of protocol 'Decoder' as a type must be written 'any Decoder'; this will be an error in a future Swift language mode [#ExistentialAny]
640 |         struct FailableRoute: Decodable {
641 |             let value: CmxAttachRoute?
642 |             init(from decoder: Decoder) throws {
    |                                `- warning: use of protocol 'Decoder' as a type must be written 'any Decoder'; this will be an error in a future Swift language mode [#ExistentialAny]
643 |                 value = try? CmxAttachRoute(from: decoder)
644 |             }

/private/tmp/cmux-verify-20260908170330-19681-7317/source-1198ba65bf/Packages/iOS/CmuxMobileShell/Sources/CmuxMobileShell/DeviceRegistryService.swift:2:8: warning: public import of 'CmuxMobileShellModel' was not used in public declarations or inlinable code
  1 | public import CMUXMobileCore
  2 | public import CmuxMobileShellModel
    |        `- warning: public import of 'CmuxMobileShellModel' was not used in public declarations or inlinable code
  3 | public import Foundation
  4 | import os

[#ExistentialAny]: <https://docs.swift.org/compiler/documentation/diagnostics/existential-any>
[632/694] Compiling CmuxMobileShell DeviceRegistryService.swift
/private/tmp/cmux-verify-20260908170330-19681-7317/source-1198ba65bf/Packages/iOS/CmuxMobileShell/Sources/CmuxMobileShell/DeviceRegistryService.swift:642:32: warning: use of protocol 'Decoder' as a type must be written 'any Decoder'; this will be an error in a future Swift language mode [#ExistentialAny]
640 |         struct FailableRoute: Decodable {
641 |             let value: CmxAttachRoute?
642 |             init(from decoder: Decoder) throws {
    |                                `- warning: use of protocol 'Decoder' as a type must be written 'any Decoder'; this will be an error in a future Swift language mode [#ExistentialAny]
643 |                 value = try? CmxAttachRoute(from: decoder)
644 |             }

/private/tmp/cmux-verify-20260908170330-19681-7317/source-1198ba65bf/Packages/iOS/CmuxMobileShell/Sources/CmuxMobileShell/DeviceRegistryService.swift:2:8: warning: public import of 'CmuxMobileShellModel' was not used in public declarations or inlinable code
  1 | public import CMUXMobileCore
  2 | public import CmuxMobileShellModel
    |        `- warning: public import of 'CmuxMobileShellModel' was not used in public declarations or inlinable code
  3 | public import Foundation
  4 | import os

[#ExistentialAny]: <https://docs.swift.org/compiler/documentation/diagnostics/existential-any>
[633/694] Compiling CmuxMobileShell ForegroundConnectionAttemptReservation.swift
/private/tmp/cmux-verify-20260908170330-19681-7317/source-1198ba65bf/Packages/iOS/CmuxMobileShell/Sources/CmuxMobileShell/DeviceRegistryService.swift:642:32: warning: use of protocol 'Decoder' as a type must be written 'any Decoder'; this will be an error in a future Swift language mode [#ExistentialAny]
640 |         struct FailableRoute: Decodable {
641 |             let value: CmxAttachRoute?
642 |             init(from decoder: Decoder) throws {
    |                                `- warning: use of protocol 'Decoder' as a type must be written 'any Decoder'; this will be an error in a future Swift language mode [#ExistentialAny]
643 |                 value = try? CmxAttachRoute(from: decoder)
644 |             }

/private/tmp/cmux-verify-20260908170330-19681-7317/source-1198ba65bf/Packages/iOS/CmuxMobileShell/Sources/CmuxMobileShell/DeviceRegistryService.swift:2:8: warning: public import of 'CmuxMobileShellModel' was not used in public declarations or inlinable code
  1 | public import CMUXMobileCore
  2 | public import CmuxMobileShellModel
    |        `- warning: public import of 'CmuxMobileShellModel' was not used in public declarations or inlinable code
  3 | public import Foundation
  4 | import os

[#ExistentialAny]: <https://docs.swift.org/compiler/documentation/diagnostics/existential-any>
[634/694] Compiling CmuxMobileShell HideComputersVerifierIdentityProvider.swift
/private/tmp/cmux-verify-20260908170330-19681-7317/source-1198ba65bf/Packages/iOS/CmuxMobileShell/Sources/CmuxMobileShell/DeviceRegistryService.swift:642:32: warning: use of protocol 'Decoder' as a type must be written 'any Decoder'; this will be an error in a future Swift language mode [#ExistentialAny]
640 |         struct FailableRoute: Decodable {
641 |             let value: CmxAttachRoute?
642 |             init(from decoder: Decoder) throws {
    |                                `- warning: use of protocol 'Decoder' as a type must be written 'any Decoder'; this will be an error in a future Swift language mode [#ExistentialAny]
643 |                 value = try? CmxAttachRoute(from: decoder)
644 |             }

/private/tmp/cmux-verify-20260908170330-19681-7317/source-1198ba65bf/Packages/iOS/CmuxMobileShell/Sources/CmuxMobileShell/DeviceRegistryService.swift:2:8: warning: public import of 'CmuxMobileShellModel' was not used in public declarations or inlinable code
  1 | public import CMUXMobileCore
  2 | public import CmuxMobileShellModel
    |        `- warning: public import of 'CmuxMobileShellModel' was not used in public declarations or inlinable code
  3 | public import Foundation
  4 | import os

[#ExistentialAny]: <https://docs.swift.org/compiler/documentation/diagnostics/existential-any>
[635/694] Compiling CmuxMobileShell HideComputersVerifierPairedMacStore.swift
/private/tmp/cmux-verify-20260908170330-19681-7317/source-1198ba65bf/Packages/iOS/CmuxMobileShell/Sources/CmuxMobileShell/DeviceRegistryService.swift:642:32: warning: use of protocol 'Decoder' as a type must be written 'any Decoder'; this will be an error in a future Swift language mode [#ExistentialAny]
640 |         struct FailableRoute: Decodable {
641 |             let value: CmxAttachRoute?
642 |             init(from decoder: Decoder) throws {
    |                                `- warning: use of protocol 'Decoder' as a type must be written 'any Decoder'; this will be an error in a future Swift language mode [#ExistentialAny]
643 |                 value = try? CmxAttachRoute(from: decoder)
644 |             }

/private/tmp/cmux-verify-20260908170330-19681-7317/source-1198ba65bf/Packages/iOS/CmuxMobileShell/Sources/CmuxMobileShell/DeviceRegistryService.swift:2:8: warning: public import of 'CmuxMobileShellModel' was not used in public declarations or inlinable code
  1 | public import CMUXMobileCore
  2 | public import CmuxMobileShellModel
    |        `- warning: public import of 'CmuxMobileShellModel' was not used in public declarations or inlinable code
  3 | public import Foundation
  4 | import os

[#ExistentialAny]: <https://docs.swift.org/compiler/documentation/diagnostics/existential-any>
[636/694] Compiling CmuxMobileShell IOSBuildScopedPairedMacStore.swift
/private/tmp/cmux-verify-20260908170330-19681-7317/source-1198ba65bf/Packages/iOS/CmuxMobileShell/Sources/CmuxMobileShell/DeviceRegistryService.swift:642:32: warning: use of protocol 'Decoder' as a type must be written 'any Decoder'; this will be an error in a future Swift language mode [#ExistentialAny]
640 |         struct FailableRoute: Decodable {
641 |             let value: CmxAttachRoute?
642 |             init(from decoder: Decoder) throws {
    |                                `- warning: use of protocol 'Decoder' as a type must be written 'any Decoder'; this will be an error in a future Swift language mode [#ExistentialAny]
643 |                 value = try? CmxAttachRoute(from: decoder)
644 |             }

/private/tmp/cmux-verify-20260908170330-19681-7317/source-1198ba65bf/Packages/iOS/CmuxMobileShell/Sources/CmuxMobileShell/DeviceRegistryService.swift:2:8: warning: public import of 'CmuxMobileShellModel' was not used in public declarations or inlinable code
  1 | public import CMUXMobileCore
  2 | public import CmuxMobileShellModel
    |        `- warning: public import of 'CmuxMobileShellModel' was not used in public declarations or inlinable code
  3 | public import Foundation
  4 | import os

[#ExistentialAny]: <https://docs.swift.org/compiler/documentation/diagnostics/existential-any>
[637/694] Compiling CmuxMobileShell InMemoryPairedMacHiddenStore.swift
/private/tmp/cmux-verify-20260908170330-19681-7317/source-1198ba65bf/Packages/iOS/CmuxMobileShell/Sources/CmuxMobileShell/DeviceRegistryService.swift:642:32: warning: use of protocol 'Decoder' as a type must be written 'any Decoder'; this will be an error in a future Swift language mode [#ExistentialAny]
640 |         struct FailableRoute: Decodable {
641 |             let value: CmxAttachRoute?
642 |             init(from decoder: Decoder) throws {
    |                                `- warning: use of protocol 'Decoder' as a type must be written 'any Decoder'; this will be an error in a future Swift language mode [#ExistentialAny]
643 |                 value = try? CmxAttachRoute(from: decoder)
644 |             }

/private/tmp/cmux-verify-20260908170330-19681-7317/source-1198ba65bf/Packages/iOS/CmuxMobileShell/Sources/CmuxMobileShell/DeviceRegistryService.swift:2:8: warning: public import of 'CmuxMobileShellModel' was not used in public declarations or inlinable code
  1 | public import CMUXMobileCore
  2 | public import CmuxMobileShellModel
    |        `- warning: public import of 'CmuxMobileShellModel' was not used in public declarations or inlinable code
  3 | public import Foundation
  4 | import os

[#ExistentialAny]: <https://docs.swift.org/compiler/documentation/diagnostics/existential-any>
[638/694] Compiling CmuxMobileShell InMemoryPairedMacPendingDeleteStore.swift
/private/tmp/cmux-verify-20260908170330-19681-7317/source-1198ba65bf/Packages/iOS/CmuxMobileShell/Sources/CmuxMobileShell/DeviceRegistryService.swift:642:32: warning: use of protocol 'Decoder' as a type must be written 'any Decoder'; this will be an error in a future Swift language mode [#ExistentialAny]
640 |         struct FailableRoute: Decodable {
641 |             let value: CmxAttachRoute?
642 |             init(from decoder: Decoder) throws {
    |                                `- warning: use of protocol 'Decoder' as a type must be written 'any Decoder'; this will be an error in a future Swift language mode [#ExistentialAny]
643 |                 value = try? CmxAttachRoute(from: decoder)
644 |             }

/private/tmp/cmux-verify-20260908170330-19681-7317/source-1198ba65bf/Packages/iOS/CmuxMobileShell/Sources/CmuxMobileShell/DeviceRegistryService.swift:2:8: warning: public import of 'CmuxMobileShellModel' was not used in public declarations or inlinable code
  1 | public import CMUXMobileCore
  2 | public import CmuxMobileShellModel
    |        `- warning: public import of 'CmuxMobileShellModel' was not used in public declarations or inlinable code
  3 | public import Foundation
  4 | import os

[#ExistentialAny]: <https://docs.swift.org/compiler/documentation/diagnostics/existential-any>
[639/694] Compiling CmuxMobileShell InMemoryTerminalDraftStore.swift
/private/tmp/cmux-verify-20260908170330-19681-7317/source-1198ba65bf/Packages/iOS/CmuxMobileShell/Sources/CmuxMobileShell/DeviceRegistryService.swift:642:32: warning: use of protocol 'Decoder' as a type must be written 'any Decoder'; this will be an error in a future Swift language mode [#ExistentialAny]
640 |         struct FailableRoute: Decodable {
641 |             let value: CmxAttachRoute?
642 |             init(from decoder: Decoder) throws {
    |                                `- warning: use of protocol 'Decoder' as a type must be written 'any Decoder'; this will be an error in a future Swift language mode [#ExistentialAny]
643 |                 value = try? CmxAttachRoute(from: decoder)
644 |             }

/private/tmp/cmux-verify-20260908170330-19681-7317/source-1198ba65bf/Packages/iOS/CmuxMobileShell/Sources/CmuxMobileShell/DeviceRegistryService.swift:2:8: warning: public import of 'CmuxMobileShellModel' was not used in public declarations or inlinable code
  1 | public import CMUXMobileCore
  2 | public import CmuxMobileShellModel
    |        `- warning: public import of 'CmuxMobileShellModel' was not used in public declarations or inlinable code
  3 | public import Foundation
  4 | import os

[#ExistentialAny]: <https://docs.swift.org/compiler/documentation/diagnostics/existential-any>
[640/694] Compiling CmuxMobileShell MacBuildAdmissionVerdict.swift
/private/tmp/cmux-verify-20260908170330-19681-7317/source-1198ba65bf/Packages/iOS/CmuxMobileShell/Sources/CmuxMobileShell/DeviceRegistryService.swift:642:32: warning: use of protocol 'Decoder' as a type must be written 'any Decoder'; this will be an error in a future Swift language mode [#ExistentialAny]
640 |         struct FailableRoute: Decodable {
641 |             let value: CmxAttachRoute?
642 |             init(from decoder: Decoder) throws {
    |                                `- warning: use of protocol 'Decoder' as a type must be written 'any Decoder'; this will be an error in a future Swift language mode [#ExistentialAny]
643 |                 value = try? CmxAttachRoute(from: decoder)
644 |             }

/private/tmp/cmux-verify-20260908170330-19681-7317/source-1198ba65bf/Packages/iOS/CmuxMobileShell/Sources/CmuxMobileShell/DeviceRegistryService.swift:2:8: warning: public import of 'CmuxMobileShellModel' was not used in public declarations or inlinable code
  1 | public import CMUXMobileCore
  2 | public import CmuxMobileShellModel
    |        `- warning: public import of 'CmuxMobileShellModel' was not used in public declarations or inlinable code
  3 | public import Foundation
  4 | import os

[#ExistentialAny]: <https://docs.swift.org/compiler/documentation/diagnostics/existential-any>
[641/694] Compiling CmuxMobileShell MacBuildChannel.swift
/private/tmp/cmux-verify-20260908170330-19681-7317/source-1198ba65bf/Packages/iOS/CmuxMobileShell/Sources/CmuxMobileShell/DeviceRegistryService.swift:642:32: warning: use of protocol 'Decoder' as a type must be written 'any Decoder'; this will be an error in a future Swift language mode [#ExistentialAny]
640 |         struct FailableRoute: Decodable {
641 |             let value: CmxAttachRoute?
642 |             init(from decoder: Decoder) throws {
    |                                `- warning: use of protocol 'Decoder' as a type must be written 'any Decoder'; this will be an error in a future Swift language mode [#ExistentialAny]
643 |                 value = try? CmxAttachRoute(from: decoder)
644 |             }

/private/tmp/cmux-verify-20260908170330-19681-7317/source-1198ba65bf/Packages/iOS/CmuxMobileShell/Sources/CmuxMobileShell/DeviceRegistryService.swift:2:8: warning: public import of 'CmuxMobileShellModel' was not used in public declarations or inlinable code
  1 | public import CMUXMobileCore
  2 | public import CmuxMobileShellModel
    |        `- warning: public import of 'CmuxMobileShellModel' was not used in public declarations or inlinable code
  3 | public import Foundation
  4 | import os

[#ExistentialAny]: <https://docs.swift.org/compiler/documentation/diagnostics/existential-any>
[642/694] Compiling CmuxMobileShell MacConnection.swift
/private/tmp/cmux-verify-20260908170330-19681-7317/source-1198ba65bf/Packages/iOS/CmuxMobileShell/Sources/CmuxMobileShell/DeviceRegistryService.swift:642:32: warning: use of protocol 'Decoder' as a type must be written 'any Decoder'; this will be an error in a future Swift language mode [#ExistentialAny]
640 |         struct FailableRoute: Decodable {
641 |             let value: CmxAttachRoute?
642 |             init(from decoder: Decoder) throws {
    |                                `- warning: use of protocol 'Decoder' as a type must be written 'any Decoder'; this will be an error in a future Swift language mode [#ExistentialAny]
643 |                 value = try? CmxAttachRoute(from: decoder)
644 |             }

/private/tmp/cmux-verify-20260908170330-19681-7317/source-1198ba65bf/Packages/iOS/CmuxMobileShell/Sources/CmuxMobileShell/DeviceRegistryService.swift:2:8: warning: public import of 'CmuxMobileShellModel' was not used in public declarations or inlinable code
  1 | public import CMUXMobileCore
  2 | public import CmuxMobileShellModel
    |        `- warning: public import of 'CmuxMobileShellModel' was not used in public declarations or inlinable code
  3 | public import Foundation
  4 | import os

[#ExistentialAny]: <https://docs.swift.org/compiler/documentation/diagnostics/existential-any>
[643/694] Compiling CmuxMobileShell MacPairingKey.swift
/private/tmp/cmux-verify-20260908170330-19681-7317/source-1198ba65bf/Packages/iOS/CmuxMobileShell/Sources/CmuxMobileShell/DeviceRegistryService.swift:642:32: warning: use of protocol 'Decoder' as a type must be written 'any Decoder'; this will be an error in a future Swift language mode [#ExistentialAny]
640 |         struct FailableRoute: Decodable {
641 |             let value: CmxAttachRoute?
642 |             init(from decoder: Decoder) throws {
    |                                `- warning: use of protocol 'Decoder' as a type must be written 'any Decoder'; this will be an error in a future Swift language mode [#ExistentialAny]
643 |                 value = try? CmxAttachRoute(from: decoder)
644 |             }

/private/tmp/cmux-verify-20260908170330-19681-7317/source-1198ba65bf/Packages/iOS/CmuxMobileShell/Sources/CmuxMobileShell/DeviceRegistryService.swift:2:8: warning: public import of 'CmuxMobileShellModel' was not used in public declarations or inlinable code
  1 | public import CMUXMobileCore
  2 | public import CmuxMobileShellModel
    |        `- warning: public import of 'CmuxMobileShellModel' was not used in public declarations or inlinable code
  3 | public import Foundation
  4 | import os

[#ExistentialAny]: <https://docs.swift.org/compiler/documentation/diagnostics/existential-any>
[644/694] Compiling CmuxMobileShell MobileArtifactChunkFetchLoop.swift
/private/tmp/cmux-verify-20260908170330-19681-7317/source-1198ba65bf/Packages/iOS/CmuxMobileShell/Sources/CmuxMobileShell/DeviceRegistryService.swift:642:32: warning: use of protocol 'Decoder' as a type must be written 'any Decoder'; this will be an error in a future Swift language mode [#ExistentialAny]
640 |         struct FailableRoute: Decodable {
641 |             let value: CmxAttachRoute?
642 |             init(from decoder: Decoder) throws {
    |                                `- warning: use of protocol 'Decoder' as a type must be written 'any Decoder'; this will be an error in a future Swift language mode [#ExistentialAny]
643 |                 value = try? CmxAttachRoute(from: decoder)
644 |             }

/private/tmp/cmux-verify-20260908170330-19681-7317/source-1198ba65bf/Packages/iOS/CmuxMobileShell/Sources/CmuxMobileShell/DeviceRegistryService.swift:2:8: warning: public import of 'CmuxMobileShellModel' was not used in public declarations or inlinable code
  1 | public import CMUXMobileCore
  2 | public import CmuxMobileShellModel
    |        `- warning: public import of 'CmuxMobileShellModel' was not used in public declarations or inlinable code
  3 | public import Foundation
  4 | import os

[#ExistentialAny]: <https://docs.swift.org/compiler/documentation/diagnostics/existential-any>
[645/694] Compiling CmuxMobileShell MobileArtifactLaneFetchLoop.swift
[646/694] Compiling CmuxMobileShell MobileAutomaticReconnectBackoffOwner.swift
[647/694] Compiling CmuxMobileShell MobileBrowserStreamLifecycleCoordinator.swift
[648/694] Compiling CmuxMobileShell MobileChatArtifactFailureClassifier.swift
[649/694] Compiling CmuxMobileShell MobileChatEventSource+PanelArtifacts.swift
[650/694] Compiling CmuxMobileShell MobileChatEventSource+TerminalArtifacts.swift
[651/694] Compiling CmuxMobileShell MobileChatEventSource.swift
[652/694] Compiling CmuxMobileShell MobileChatSessionResponse.swift
[653/694] Compiling CmuxMobileShell MobileChatSessionsResponse.swift
[654/694] Compiling CmuxMobileShell MobileConnectionRecoveryOwner.swift
[655/694] Compiling CmuxMobileShell MobileControlPoolRetryState.swift
[656/694] Compiling CmuxMobileShell MobileDemoContentSession.swift
[657/694] Compiling CmuxMobileShell MobileDiscoveredIrohMac.swift
[658/694] Compiling CmuxMobileShell MobileFeedbackEmailClient.swift
[659/694] Compiling CmuxMobileShell MobileFeedbackEmailError.swift
[660/694] Compiling CmuxMobileShell MobileFeedbackEmailSubmitting.swift
[661/694] Compiling CmuxMobileShell MobileHiddenComputer.swift
[662/694] Compiling CmuxMobileShell MobileHideComputersVerificationCheckpoint.swift
[663/694] Compiling CmuxMobileShell MobileHideComputersVerificationResult.swift
[664/694] Compiling CmuxMobileShell MobileHideComputersVerificationWorkspace.swift
[665/694] Compiling CmuxMobileShell MobileHideComputersVerifier.swift
[666/694] Compiling CmuxMobileShell MobileIrohMacDiscovering.swift
[667/694] Compiling CmuxMobileShell MobileIrohMacForgetting.swift
[668/694] Compiling CmuxMobileShell MobileLatencyProbe.swift
[669/766] Compiling CmuxMobileShell MobileMacUpdateFeature.swift
/private/tmp/cmux-verify-20260908170330-19681-7317/source-1198ba65bf/Packages/iOS/CmuxMobileShell/Sources/CmuxMobileShell/MobileShellComposite+ConnectionDiagnostics.swift:1:8: warning: public import of 'CMUXMobileCore' was not used in public declarations or inlinable code
  1 | public import CMUXMobileCore
    |        `- warning: public import of 'CMUXMobileCore' was not used in public declarations or inlinable code
  2 | public import CmuxMobileRPC
  3 | 

/private/tmp/cmux-verify-20260908170330-19681-7317/source-1198ba65bf/Packages/iOS/CmuxMobileShell/Sources/CmuxMobileShell/MobileShellComposite+ConnectionDiagnostics.swift:2:8: warning: public import of 'CmuxMobileRPC' was not used in public declarations or inlinable code
  1 | public import CMUXMobileCore
  2 | public import CmuxMobileRPC
    |        `- warning: public import of 'CmuxMobileRPC' was not used in public declarations or inlinable code
  3 | 
  4 | @MainActor

/private/tmp/cmux-verify-20260908170330-19681-7317/source-1198ba65bf/Packages/iOS/CmuxMobileShell/Sources/CmuxMobileShell/MobileShellComposite+ConnectionRecovery.swift:1:8: warning: public import of 'CMUXMobileCore' was not used in public declarations or inlinable code
   1 | public import CMUXMobileCore
     |        `- warning: public import of 'CMUXMobileCore' was not used in public declarations or inlinable code
   2 | internal import CmuxMobileDiagnostics
   3 | public import CmuxMobilePairedMac

/private/tmp/cmux-verify-20260908170330-19681-7317/source-1198ba65bf/Packages/iOS/CmuxMobileShell/Sources/CmuxMobileShell/MobileShellComposite+ConnectionRecovery.swift:3:8: warning: public import of 'CmuxMobilePairedMac' was not used in public declarations or inlinable code
   1 | public import CMUXMobileCore
   2 | internal import CmuxMobileDiagnostics
   3 | public import CmuxMobilePairedMac
     |        `- warning: public import of 'CmuxMobilePairedMac' was not used in public declarations or inlinable code
   4 | public import CmuxMobileRPC
   5 | public import CmuxMobileShellModel

/private/tmp/cmux-verify-20260908170330-19681-7317/source-1198ba65bf/Packages/iOS/CmuxMobileShell/Sources/CmuxMobileShell/MobileShellComposite+ConnectionRecovery.swift:4:8: warning: public import of 'CmuxMobileRPC' was not used in public declarations or inlinable code
   2 | internal import CmuxMobileDiagnostics
   3 | public import CmuxMobilePairedMac
   4 | public import CmuxMobileRPC
     |        `- warning: public import of 'CmuxMobileRPC' was not used in public declarations or inlinable code
   5 | public import CmuxMobileShellModel
   6 | public import CmuxMobileTransport

/private/tmp/cmux-verify-20260908170330-19681-7317/source-1198ba65bf/Packages/iOS/CmuxMobileShell/Sources/CmuxMobileShell/MobileShellComposite+ConnectionRecovery.swift:6:8: warning: public import of 'CmuxMobileTransport' was not used in public declarations or inlinable code
   4 | public import CmuxMobileRPC
   5 | public import CmuxMobileShellModel
   6 | public import CmuxMobileTransport
     |        `- warning: public import of 'CmuxMobileTransport' was not used in public declarations or inlinable code
   7 | public import Foundation
   8 | internal import OSLog

/private/tmp/cmux-verify-20260908170330-19681-7317/source-1198ba65bf/Packages/iOS/CmuxMobileShell/Sources/CmuxMobileShell/MobileShellComposite+ConnectionRecovery.swift:7:8: warning: public import of 'Foundation' was not used in public declarations or inlinable code
   5 | public import CmuxMobileShellModel
   6 | public import CmuxMobileTransport
   7 | public import Foundation
     |        `- warning: public import of 'Foundation' was not used in public declarations or inlinable code
   8 | internal import OSLog
   9 | 

/private/tmp/cmux-verify-20260908170330-19681-7317/source-1198ba65bf/Packages/iOS/CmuxMobileShell/Sources/CmuxMobileShell/MobileShellComposite+DemoContent.swift:4:8: warning: public import of 'CmuxMobileShellModel' was not used in public declarations or inlinable code
  2 | internal import CmuxMobileDiagnostics
  3 | public import CmuxMobilePairedMac
  4 | public import CmuxMobileShellModel
    |        `- warning: public import of 'CmuxMobileShellModel' was not used in public declarations or inlinable code
  5 | import Foundation
  6 | 
[670/766] Compiling CmuxMobileShell MobileMacUpdateHint.swift
/private/tmp/cmux-verify-20260908170330-19681-7317/source-1198ba65bf/Packages/iOS/CmuxMobileShell/Sources/CmuxMobileShell/MobileShellComposite+ConnectionDiagnostics.swift:1:8: warning: public import of 'CMUXMobileCore' was not used in public declarations or inlinable code
  1 | public import CMUXMobileCore
    |        `- warning: public import of 'CMUXMobileCore' was not used in public declarations or inlinable code
  2 | public import CmuxMobileRPC
  3 | 

/private/tmp/cmux-verify-20260908170330-19681-7317/source-1198ba65bf/Packages/iOS/CmuxMobileShell/Sources/CmuxMobileShell/MobileShellComposite+ConnectionDiagnostics.swift:2:8: warning: public import of 'CmuxMobileRPC' was not used in public declarations or inlinable code
  1 | public import CMUXMobileCore
  2 | public import CmuxMobileRPC
    |        `- warning: public import of 'CmuxMobileRPC' was not used in public declarations or inlinable code
  3 | 
  4 | @MainActor

/private/tmp/cmux-verify-20260908170330-19681-7317/source-1198ba65bf/Packages/iOS/CmuxMobileShell/Sources/CmuxMobileShell/MobileShellComposite+ConnectionRecovery.swift:1:8: warning: public import of 'CMUXMobileCore' was not used in public declarations or inlinable code
   1 | public import CMUXMobileCore
     |        `- warning: public import of 'CMUXMobileCore' was not used in public declarations or inlinable code
   2 | internal import CmuxMobileDiagnostics
   3 | public import CmuxMobilePairedMac

/private/tmp/cmux-verify-20260908170330-19681-7317/source-1198ba65bf/Packages/iOS/CmuxMobileShell/Sources/CmuxMobileShell/MobileShellComposite+ConnectionRecovery.swift:3:8: warning: public import of 'CmuxMobilePairedMac' was not used in public declarations or inlinable code
   1 | public import CMUXMobileCore
   2 | internal import CmuxMobileDiagnostics
   3 | public import CmuxMobilePairedMac
     |        `- warning: public import of 'CmuxMobilePairedMac' was not used in public declarations or inlinable code
   4 | public import CmuxMobileRPC
   5 | public import CmuxMobileShellModel

/private/tmp/cmux-verify-20260908170330-19681-7317/source-1198ba65bf/Packages/iOS/CmuxMobileShell/Sources/CmuxMobileShell/MobileShellComposite+ConnectionRecovery.swift:4:8: warning: public import of 'CmuxMobileRPC' was not used in public declarations or inlinable code
   2 | internal import CmuxMobileDiagnostics
   3 | public import CmuxMobilePairedMac
   4 | public import CmuxMobileRPC
     |        `- warning: public import of 'CmuxMobileRPC' was not used in public declarations or inlinable code
   5 | public import CmuxMobileShellModel
   6 | public import CmuxMobileTransport

/private/tmp/cmux-verify-20260908170330-19681-7317/source-1198ba65bf/Packages/iOS/CmuxMobileShell/Sources/CmuxMobileShell/MobileShellComposite+ConnectionRecovery.swift:6:8: warning: public import of 'CmuxMobileTransport' was not used in public declarations or inlinable code
   4 | public import CmuxMobileRPC
   5 | public import CmuxMobileShellModel
   6 | public import CmuxMobileTransport
     |        `- warning: public import of 'CmuxMobileTransport' was not used in public declarations or inlinable code
   7 | public import Foundation
   8 | internal import OSLog

/private/tmp/cmux-verify-20260908170330-19681-7317/source-1198ba65bf/Packages/iOS/CmuxMobileShell/Sources/CmuxMobileShell/MobileShellComposite+ConnectionRecovery.swift:7:8: warning: public import of 'Foundation' was not used in public declarations or inlinable code
   5 | public import CmuxMobileShellModel
   6 | public import CmuxMobileTransport
   7 | public import Foundation
     |        `- warning: public import of 'Foundation' was not used in public declarations or inlinable code
   8 | internal import OSLog
   9 | 

/private/tmp/cmux-verify-20260908170330-19681-7317/source-1198ba65bf/Packages/iOS/CmuxMobileShell/Sources/CmuxMobileShell/MobileShellComposite+DemoContent.swift:4:8: warning: public import of 'CmuxMobileShellModel' was not used in public declarations or inlinable code
  2 | internal import CmuxMobileDiagnostics
  3 | public import CmuxMobilePairedMac
  4 | public import CmuxMobileShellModel
    |        `- warning: public import of 'CmuxMobileShellModel' was not used in public declarations or inlinable code
  5 | import Foundation
  6 | 
[671/766] Compiling CmuxMobileShell MobileMacUpdateHintDismissalStore.swift
/private/tmp/cmux-verify-20260908170330-19681-7317/source-1198ba65bf/Packages/iOS/CmuxMobileShell/Sources/CmuxMobileShell/MobileShellComposite+ConnectionDiagnostics.swift:1:8: warning: public import of 'CMUXMobileCore' was not used in public declarations or inlinable code
  1 | public import CMUXMobileCore
    |        `- warning: public import of 'CMUXMobileCore' was not used in public declarations or inlinable code
  2 | public import CmuxMobileRPC
  3 | 

/private/tmp/cmux-verify-20260908170330-19681-7317/source-1198ba65bf/Packages/iOS/CmuxMobileShell/Sources/CmuxMobileShell/MobileShellComposite+ConnectionDiagnostics.swift:2:8: warning: public import of 'CmuxMobileRPC' was not used in public declarations or inlinable code
  1 | public import CMUXMobileCore
  2 | public import CmuxMobileRPC
    |        `- warning: public import of 'CmuxMobileRPC' was not used in public declarations or inlinable code
  3 | 
  4 | @MainActor

/private/tmp/cmux-verify-20260908170330-19681-7317/source-1198ba65bf/Packages/iOS/CmuxMobileShell/Sources/CmuxMobileShell/MobileShellComposite+ConnectionRecovery.swift:1:8: warning: public import of 'CMUXMobileCore' was not used in public declarations or inlinable code
   1 | public import CMUXMobileCore
     |        `- warning: public import of 'CMUXMobileCore' was not used in public declarations or inlinable code
   2 | internal import CmuxMobileDiagnostics
   3 | public import CmuxMobilePairedMac

/private/tmp/cmux-verify-20260908170330-19681-7317/source-1198ba65bf/Packages/iOS/CmuxMobileShell/Sources/CmuxMobileShell/MobileShellComposite+ConnectionRecovery.swift:3:8: warning: public import of 'CmuxMobilePairedMac' was not used in public declarations or inlinable code
   1 | public import CMUXMobileCore
   2 | internal import CmuxMobileDiagnostics
   3 | public import CmuxMobilePairedMac
     |        `- warning: public import of 'CmuxMobilePairedMac' was not used in public declarations or inlinable code
   4 | public import CmuxMobileRPC
   5 | public import CmuxMobileShellModel

/private/tmp/cmux-verify-20260908170330-19681-7317/source-1198ba65bf/Packages/iOS/CmuxMobileShell/Sources/CmuxMobileShell/MobileShellComposite+ConnectionRecovery.swift:4:8: warning: public import of 'CmuxMobileRPC' was not used in public declarations or inlinable code
   2 | internal import CmuxMobileDiagnostics
   3 | public import CmuxMobilePairedMac
   4 | public import CmuxMobileRPC
     |        `- warning: public import of 'CmuxMobileRPC' was not used in public declarations or inlinable code
   5 | public import CmuxMobileShellModel
   6 | public import CmuxMobileTransport

/private/tmp/cmux-verify-20260908170330-19681-7317/source-1198ba65bf/Packages/iOS/CmuxMobileShell/Sources/CmuxMobileShell/MobileShellComposite+ConnectionRecovery.swift:6:8: warning: public import of 'CmuxMobileTransport' was not used in public declarations or inlinable code
   4 | public import CmuxMobileRPC
   5 | public import CmuxMobileShellModel
   6 | public import CmuxMobileTransport
     |        `- warning: public import of 'CmuxMobileTransport' was not used in public declarations or inlinable code
   7 | public import Foundation
   8 | internal import OSLog

/private/tmp/cmux-verify-20260908170330-19681-7317/source-1198ba65bf/Packages/iOS/CmuxMobileShell/Sources/CmuxMobileShell/MobileShellComposite+ConnectionRecovery.swift:7:8: warning: public import of 'Foundation' was not used in public declarations or inlinable code
   5 | public import CmuxMobileShellModel
   6 | public import CmuxMobileTransport
   7 | public import Foundation
     |        `- warning: public import of 'Foundation' was not used in public declarations or inlinable code
   8 | internal import OSLog
   9 | 

/private/tmp/cmux-verify-20260908170330-19681-7317/source-1198ba65bf/Packages/iOS/CmuxMobileShell/Sources/CmuxMobileShell/MobileShellComposite+DemoContent.swift:4:8: warning: public import of 'CmuxMobileShellModel' was not used in public declarations or inlinable code
  2 | internal import CmuxMobileDiagnostics
  3 | public import CmuxMobilePairedMac
  4 | public import CmuxMobileShellModel
    |        `- warning: public import of 'CmuxMobileShellModel' was not used in public declarations or inlinable code
  5 | import Foundation
  6 | 
[672/766] Compiling CmuxMobileShell MobileManualAttachTicketCreateResponse.swift
/private/tmp/cmux-verify-20260908170330-19681-7317/source-1198ba65bf/Packages/iOS/CmuxMobileShell/Sources/CmuxMobileShell/MobileShellComposite+ConnectionDiagnostics.swift:1:8: warning: public import of 'CMUXMobileCore' was not used in public declarations or inlinable code
  1 | public import CMUXMobileCore
    |        `- warning: public import of 'CMUXMobileCore' was not used in public declarations or inlinable code
  2 | public import CmuxMobileRPC
  3 | 

/private/tmp/cmux-verify-20260908170330-19681-7317/source-1198ba65bf/Packages/iOS/CmuxMobileShell/Sources/CmuxMobileShell/MobileShellComposite+ConnectionDiagnostics.swift:2:8: warning: public import of 'CmuxMobileRPC' was not used in public declarations or inlinable code
  1 | public import CMUXMobileCore
  2 | public import CmuxMobileRPC
    |        `- warning: public import of 'CmuxMobileRPC' was not used in public declarations or inlinable code
  3 | 
  4 | @MainActor

/private/tmp/cmux-verify-20260908170330-19681-7317/source-1198ba65bf/Packages/iOS/CmuxMobileShell/Sources/CmuxMobileShell/MobileShellComposite+ConnectionRecovery.swift:1:8: warning: public import of 'CMUXMobileCore' was not used in public declarations or inlinable code
   1 | public import CMUXMobileCore
     |        `- warning: public import of 'CMUXMobileCore' was not used in public declarations or inlinable code
   2 | internal import CmuxMobileDiagnostics
   3 | public import CmuxMobilePairedMac

/private/tmp/cmux-verify-20260908170330-19681-7317/source-1198ba65bf/Packages/iOS/CmuxMobileShell/Sources/CmuxMobileShell/MobileShellComposite+ConnectionRecovery.swift:3:8: warning: public import of 'CmuxMobilePairedMac' was not used in public declarations or inlinable code
   1 | public import CMUXMobileCore
   2 | internal import CmuxMobileDiagnostics
   3 | public import CmuxMobilePairedMac
     |        `- warning: public import of 'CmuxMobilePairedMac' was not used in public declarations or inlinable code
   4 | public import CmuxMobileRPC
   5 | public import CmuxMobileShellModel

/private/tmp/cmux-verify-20260908170330-19681-7317/source-1198ba65bf/Packages/iOS/CmuxMobileShell/Sources/CmuxMobileShell/MobileShellComposite+ConnectionRecovery.swift:4:8: warning: public import of 'CmuxMobileRPC' was not used in public declarations or inlinable code
   2 | internal import CmuxMobileDiagnostics
   3 | public import CmuxMobilePairedMac
   4 | public import CmuxMobileRPC
     |        `- warning: public import of 'CmuxMobileRPC' was not used in public declarations or inlinable code
   5 | public import CmuxMobileShellModel
   6 | public import CmuxMobileTransport

/private/tmp/cmux-verify-20260908170330-19681-7317/source-1198ba65bf/Packages/iOS/CmuxMobileShell/Sources/CmuxMobileShell/MobileShellComposite+ConnectionRecovery.swift:6:8: warning: public import of 'CmuxMobileTransport' was not used in public declarations or inlinable code
   4 | public import CmuxMobileRPC
   5 | public import CmuxMobileShellModel
   6 | public import CmuxMobileTransport
     |        `- warning: public import of 'CmuxMobileTransport' was not used in public declarations or inlinable code
   7 | public import Foundation
   8 | internal import OSLog

/private/tmp/cmux-verify-20260908170330-19681-7317/source-1198ba65bf/Packages/iOS/CmuxMobileShell/Sources/CmuxMobileShell/MobileShellComposite+ConnectionRecovery.swift:7:8: warning: public import of 'Foundation' was not used in public declarations or inlinable code
   5 | public import CmuxMobileShellModel
   6 | public import CmuxMobileTransport
   7 | public import Foundation
     |        `- warning: public import of 'Foundation' was not used in public declarations or inlinable code
   8 | internal import OSLog
   9 | 

/private/tmp/cmux-verify-20260908170330-19681-7317/source-1198ba65bf/Packages/iOS/CmuxMobileShell/Sources/CmuxMobileShell/MobileShellComposite+DemoContent.swift:4:8: warning: public import of 'CmuxMobileShellModel' was not used in public declarations or inlinable code
  2 | internal import CmuxMobileDiagnostics
  3 | public import CmuxMobilePairedMac
  4 | public import CmuxMobileShellModel
    |        `- warning: public import of 'CmuxMobileShellModel' was not used in public declarations or inlinable code
  5 | import Foundation
  6 | 
[673/766] Compiling CmuxMobileShell MobilePairedMacBackup.swift
/private/tmp/cmux-verify-20260908170330-19681-7317/source-1198ba65bf/Packages/iOS/CmuxMobileShell/Sources/CmuxMobileShell/MobileShellComposite+ConnectionDiagnostics.swift:1:8: warning: public import of 'CMUXMobileCore' was not used in public declarations or inlinable code
  1 | public import CMUXMobileCore
    |        `- warning: public import of 'CMUXMobileCore' was not used in public declarations or inlinable code
  2 | public import CmuxMobileRPC
  3 | 

/private/tmp/cmux-verify-20260908170330-19681-7317/source-1198ba65bf/Packages/iOS/CmuxMobileShell/Sources/CmuxMobileShell/MobileShellComposite+ConnectionDiagnostics.swift:2:8: warning: public import of 'CmuxMobileRPC' was not used in public declarations or inlinable code
  1 | public import CMUXMobileCore
  2 | public import CmuxMobileRPC
    |        `- warning: public import of 'CmuxMobileRPC' was not used in public declarations or inlinable code
  3 | 
  4 | @MainActor

/private/tmp/cmux-verify-20260908170330-19681-7317/source-1198ba65bf/Packages/iOS/CmuxMobileShell/Sources/CmuxMobileShell/MobileShellComposite+ConnectionRecovery.swift:1:8: warning: public import of 'CMUXMobileCore' was not used in public declarations or inlinable code
   1 | public import CMUXMobileCore
     |        `- warning: public import of 'CMUXMobileCore' was not used in public declarations or inlinable code
   2 | internal import CmuxMobileDiagnostics
   3 | public import CmuxMobilePairedMac

/private/tmp/cmux-verify-20260908170330-19681-7317/source-1198ba65bf/Packages/iOS/CmuxMobileShell/Sources/CmuxMobileShell/MobileShellComposite+ConnectionRecovery.swift:3:8: warning: public import of 'CmuxMobilePairedMac' was not used in public declarations or inlinable code
   1 | public import CMUXMobileCore
   2 | internal import CmuxMobileDiagnostics
   3 | public import CmuxMobilePairedMac
     |        `- warning: public import of 'CmuxMobilePairedMac' was not used in public declarations or inlinable code
   4 | public import CmuxMobileRPC
   5 | public import CmuxMobileShellModel

/private/tmp/cmux-verify-20260908170330-19681-7317/source-1198ba65bf/Packages/iOS/CmuxMobileShell/Sources/CmuxMobileShell/MobileShellComposite+ConnectionRecovery.swift:4:8: warning: public import of 'CmuxMobileRPC' was not used in public declarations or inlinable code
   2 | internal import CmuxMobileDiagnostics
   3 | public import CmuxMobilePairedMac
   4 | public import CmuxMobileRPC
     |        `- warning: public import of 'CmuxMobileRPC' was not used in public declarations or inlinable code
   5 | public import CmuxMobileShellModel
   6 | public import CmuxMobileTransport

/private/tmp/cmux-verify-20260908170330-19681-7317/source-1198ba65bf/Packages/iOS/CmuxMobileShell/Sources/CmuxMobileShell/MobileShellComposite+ConnectionRecovery.swift:6:8: warning: public import of 'CmuxMobileTransport' was not used in public declarations or inlinable code
   4 | public import CmuxMobileRPC
   5 | public import CmuxMobileShellModel
   6 | public import CmuxMobileTransport
     |        `- warning: public import of 'CmuxMobileTransport' was not used in public declarations or inlinable code
   7 | public import Foundation
   8 | internal import OSLog

/private/tmp/cmux-verify-20260908170330-19681-7317/source-1198ba65bf/Packages/iOS/CmuxMobileShell/Sources/CmuxMobileShell/MobileShellComposite+ConnectionRecovery.swift:7:8: warning: public import of 'Foundation' was not used in public declarations or inlinable code
   5 | public import CmuxMobileShellModel
   6 | public import CmuxMobileTransport
   7 | public import Foundation
     |        `- warning: public import of 'Foundation' was not used in public declarations or inlinable code
   8 | internal import OSLog
   9 | 

/private/tmp/cmux-verify-20260908170330-19681-7317/source-1198ba65bf/Packages/iOS/CmuxMobileShell/Sources/CmuxMobileShell/MobileShellComposite+DemoContent.swift:4:8: warning: public import of 'CmuxMobileShellModel' was not used in public declarations or inlinable code
  2 | internal import CmuxMobileDiagnostics
  3 | public import CmuxMobilePairedMac
  4 | public import CmuxMobileShellModel
    |        `- warning: public import of 'CmuxMobileShellModel' was not used in public declarations or inlinable code
  5 | import Foundation
  6 | 
[674/766] Compiling CmuxMobileShell MobilePairingAccountPreflight.swift
/private/tmp/cmux-verify-20260908170330-19681-7317/source-1198ba65bf/Packages/iOS/CmuxMobileShell/Sources/CmuxMobileShell/MobileShellComposite+ConnectionDiagnostics.swift:1:8: warning: public import of 'CMUXMobileCore' was not used in public declarations or inlinable code
  1 | public import CMUXMobileCore
    |        `- warning: public import of 'CMUXMobileCore' was not used in public declarations or inlinable code
  2 | public import CmuxMobileRPC
  3 | 

/private/tmp/cmux-verify-20260908170330-19681-7317/source-1198ba65bf/Packages/iOS/CmuxMobileShell/Sources/CmuxMobileShell/MobileShellComposite+ConnectionDiagnostics.swift:2:8: warning: public import of 'CmuxMobileRPC' was not used in public declarations or inlinable code
  1 | public import CMUXMobileCore
  2 | public import CmuxMobileRPC
    |        `- warning: public import of 'CmuxMobileRPC' was not used in public declarations or inlinable code
  3 | 
  4 | @MainActor

/private/tmp/cmux-verify-20260908170330-19681-7317/source-1198ba65bf/Packages/iOS/CmuxMobileShell/Sources/CmuxMobileShell/MobileShellComposite+ConnectionRecovery.swift:1:8: warning: public import of 'CMUXMobileCore' was not used in public declarations or inlinable code
   1 | public import CMUXMobileCore
     |        `- warning: public import of 'CMUXMobileCore' was not used in public declarations or inlinable code
   2 | internal import CmuxMobileDiagnostics
   3 | public import CmuxMobilePairedMac

/private/tmp/cmux-verify-20260908170330-19681-7317/source-1198ba65bf/Packages/iOS/CmuxMobileShell/Sources/CmuxMobileShell/MobileShellComposite+ConnectionRecovery.swift:3:8: warning: public import of 'CmuxMobilePairedMac' was not used in public declarations or inlinable code
   1 | public import CMUXMobileCore
   2 | internal import CmuxMobileDiagnostics
   3 | public import CmuxMobilePairedMac
     |        `- warning: public import of 'CmuxMobilePairedMac' was not used in public declarations or inlinable code
   4 | public import CmuxMobileRPC
   5 | public import CmuxMobileShellModel

/private/tmp/cmux-verify-20260908170330-19681-7317/source-1198ba65bf/Packages/iOS/CmuxMobileShell/Sources/CmuxMobileShell/MobileShellComposite+ConnectionRecovery.swift:4:8: warning: public import of 'CmuxMobileRPC' was not used in public declarations or inlinable code
   2 | internal import CmuxMobileDiagnostics
   3 | public import CmuxMobilePairedMac
   4 | public import CmuxMobileRPC
     |        `- warning: public import of 'CmuxMobileRPC' was not used in public declarations or inlinable code
   5 | public import CmuxMobileShellModel
   6 | public import CmuxMobileTransport

/private/tmp/cmux-verify-20260908170330-19681-7317/source-1198ba65bf/Packages/iOS/CmuxMobileShell/Sources/CmuxMobileShell/MobileShellComposite+ConnectionRecovery.swift:6:8: warning: public import of 'CmuxMobileTransport' was not used in public declarations or inlinable code
   4 | public import CmuxMobileRPC
   5 | public import CmuxMobileShellModel
   6 | public import CmuxMobileTransport
     |        `- warning: public import of 'CmuxMobileTransport' was not used in public declarations or inlinable code
   7 | public import Foundation
   8 | internal import OSLog

/private/tmp/cmux-verify-20260908170330-19681-7317/source-1198ba65bf/Packages/iOS/CmuxMobileShell/Sources/CmuxMobileShell/MobileShellComposite+ConnectionRecovery.swift:7:8: warning: public import of 'Foundation' was not used in public declarations or inlinable code
   5 | public import CmuxMobileShellModel
   6 | public import CmuxMobileTransport
   7 | public import Foundation
     |        `- warning: public import of 'Foundation' was not used in public declarations or inlinable code
   8 | internal import OSLog
   9 | 

/private/tmp/cmux-verify-20260908170330-19681-7317/source-1198ba65bf/Packages/iOS/CmuxMobileShell/Sources/CmuxMobileShell/MobileShellComposite+DemoContent.swift:4:8: warning: public import of 'CmuxMobileShellModel' was not used in public declarations or inlinable code
  2 | internal import CmuxMobileDiagnostics
  3 | public import CmuxMobilePairedMac
  4 | public import CmuxMobileShellModel
    |        `- warning: public import of 'CmuxMobileShellModel' was not used in public declarations or inlinable code
  5 | import Foundation
  6 | 
[675/766] Compiling CmuxMobileShell MobilePairingFailure.swift
/private/tmp/cmux-verify-20260908170330-19681-7317/source-1198ba65bf/Packages/iOS/CmuxMobileShell/Sources/CmuxMobileShell/MobileShellComposite+ConnectionDiagnostics.swift:1:8: warning: public import of 'CMUXMobileCore' was not used in public declarations or inlinable code
  1 | public import CMUXMobileCore
    |        `- warning: public import of 'CMUXMobileCore' was not used in public declarations or inlinable code
  2 | public import CmuxMobileRPC
  3 | 

/private/tmp/cmux-verify-20260908170330-19681-7317/source-1198ba65bf/Packages/iOS/CmuxMobileShell/Sources/CmuxMobileShell/MobileShellComposite+ConnectionDiagnostics.swift:2:8: warning: public import of 'CmuxMobileRPC' was not used in public declarations or inlinable code
  1 | public import CMUXMobileCore
  2 | public import CmuxMobileRPC
    |        `- warning: public import of 'CmuxMobileRPC' was not used in public declarations or inlinable code
  3 | 
  4 | @MainActor

/private/tmp/cmux-verify-20260908170330-19681-7317/source-1198ba65bf/Packages/iOS/CmuxMobileShell/Sources/CmuxMobileShell/MobileShellComposite+ConnectionRecovery.swift:1:8: warning: public import of 'CMUXMobileCore' was not used in public declarations or inlinable code
   1 | public import CMUXMobileCore
     |        `- warning: public import of 'CMUXMobileCore' was not used in public declarations or inlinable code
   2 | internal import CmuxMobileDiagnostics
   3 | public import CmuxMobilePairedMac

/private/tmp/cmux-verify-20260908170330-19681-7317/source-1198ba65bf/Packages/iOS/CmuxMobileShell/Sources/CmuxMobileShell/MobileShellComposite+ConnectionRecovery.swift:3:8: warning: public import of 'CmuxMobilePairedMac' was not used in public declarations or inlinable code
   1 | public import CMUXMobileCore
   2 | internal import CmuxMobileDiagnostics
   3 | public import CmuxMobilePairedMac
     |        `- warning: public import of 'CmuxMobilePairedMac' was not used in public declarations or inlinable code
   4 | public import CmuxMobileRPC
   5 | public import CmuxMobileShellModel

/private/tmp/cmux-verify-20260908170330-19681-7317/source-1198ba65bf/Packages/iOS/CmuxMobileShell/Sources/CmuxMobileShell/MobileShellComposite+ConnectionRecovery.swift:4:8: warning: public import of 'CmuxMobileRPC' was not used in public declarations or inlinable code
   2 | internal import CmuxMobileDiagnostics
   3 | public import CmuxMobilePairedMac
   4 | public import CmuxMobileRPC
     |        `- warning: public import of 'CmuxMobileRPC' was not used in public declarations or inlinable code
   5 | public import CmuxMobileShellModel
   6 | public import CmuxMobileTransport

/private/tmp/cmux-verify-20260908170330-19681-7317/source-1198ba65bf/Packages/iOS/CmuxMobileShell/Sources/CmuxMobileShell/MobileShellComposite+ConnectionRecovery.swift:6:8: warning: public import of 'CmuxMobileTransport' was not used in public declarations or inlinable code
   4 | public import CmuxMobileRPC
   5 | public import CmuxMobileShellModel
   6 | public import CmuxMobileTransport
     |        `- warning: public import of 'CmuxMobileTransport' was not used in public declarations or inlinable code
   7 | public import Foundation
   8 | internal import OSLog

/private/tmp/cmux-verify-20260908170330-19681-7317/source-1198ba65bf/Packages/iOS/CmuxMobileShell/Sources/CmuxMobileShell/MobileShellComposite+ConnectionRecovery.swift:7:8: warning: public import of 'Foundation' was not used in public declarations or inlinable code
   5 | public import CmuxMobileShellModel
   6 | public import CmuxMobileTransport
   7 | public import Foundation
     |        `- warning: public import of 'Foundation' was not used in public declarations or inlinable code
   8 | internal import OSLog
   9 | 

/private/tmp/cmux-verify-20260908170330-19681-7317/source-1198ba65bf/Packages/iOS/CmuxMobileShell/Sources/CmuxMobileShell/MobileShellComposite+DemoContent.swift:4:8: warning: public import of 'CmuxMobileShellModel' was not used in public declarations or inlinable code
  2 | internal import CmuxMobileDiagnostics
  3 | public import CmuxMobilePairedMac
  4 | public import CmuxMobileShellModel
    |        `- warning: public import of 'CmuxMobileShellModel' was not used in public declarations or inlinable code
  5 | import Foundation
  6 | 
[676/766] Compiling CmuxMobileShell MobilePhonePushTestStage.swift
/private/tmp/cmux-verify-20260908170330-19681-7317/source-1198ba65bf/Packages/iOS/CmuxMobileShell/Sources/CmuxMobileShell/MobileShellComposite+ConnectionDiagnostics.swift:1:8: warning: public import of 'CMUXMobileCore' was not used in public declarations or inlinable code
  1 | public import CMUXMobileCore
    |        `- warning: public import of 'CMUXMobileCore' was not used in public declarations or inlinable code
  2 | public import CmuxMobileRPC
  3 | 

/private/tmp/cmux-verify-20260908170330-19681-7317/source-1198ba65bf/Packages/iOS/CmuxMobileShell/Sources/CmuxMobileShell/MobileShellComposite+ConnectionDiagnostics.swift:2:8: warning: public import of 'CmuxMobileRPC' was not used in public declarations or inlinable code
  1 | public import CMUXMobileCore
  2 | public import CmuxMobileRPC
    |        `- warning: public import of 'CmuxMobileRPC' was not used in public declarations or inlinable code
  3 | 
  4 | @MainActor

/private/tmp/cmux-verify-20260908170330-19681-7317/source-1198ba65bf/Packages/iOS/CmuxMobileShell/Sources/CmuxMobileShell/MobileShellComposite+ConnectionRecovery.swift:1:8: warning: public import of 'CMUXMobileCore' was not used in public declarations or inlinable code
   1 | public import CMUXMobileCore
     |        `- warning: public import of 'CMUXMobileCore' was not used in public declarations or inlinable code
   2 | internal import CmuxMobileDiagnostics
   3 | public import CmuxMobilePairedMac

/private/tmp/cmux-verify-20260908170330-19681-7317/source-1198ba65bf/Packages/iOS/CmuxMobileShell/Sources/CmuxMobileShell/MobileShellComposite+ConnectionRecovery.swift:3:8: warning: public import of 'CmuxMobilePairedMac' was not used in public declarations or inlinable code
   1 | public import CMUXMobileCore
   2 | internal import CmuxMobileDiagnostics
   3 | public import CmuxMobilePairedMac
     |        `- warning: public import of 'CmuxMobilePairedMac' was not used in public declarations or inlinable code
   4 | public import CmuxMobileRPC
   5 | public import CmuxMobileShellModel

/private/tmp/cmux-verify-20260908170330-19681-7317/source-1198ba65bf/Packages/iOS/CmuxMobileShell/Sources/CmuxMobileShell/MobileShellComposite+ConnectionRecovery.swift:4:8: warning: public import of 'CmuxMobileRPC' was not used in public declarations or inlinable code
   2 | internal import CmuxMobileDiagnostics
   3 | public import CmuxMobilePairedMac
   4 | public import CmuxMobileRPC
     |        `- warning: public import of 'CmuxMobileRPC' was not used in public declarations or inlinable code
   5 | public import CmuxMobileShellModel
   6 | public import CmuxMobileTransport

/private/tmp/cmux-verify-20260908170330-19681-7317/source-1198ba65bf/Packages/iOS/CmuxMobileShell/Sources/CmuxMobileShell/MobileShellComposite+ConnectionRecovery.swift:6:8: warning: public import of 'CmuxMobileTransport' was not used in public declarations or inlinable code
   4 | public import CmuxMobileRPC
   5 | public import CmuxMobileShellModel
   6 | public import CmuxMobileTransport
     |        `- warning: public import of 'CmuxMobileTransport' was not used in public declarations or inlinable code
   7 | public import Foundation
   8 | internal import OSLog

/private/tmp/cmux-verify-20260908170330-19681-7317/source-1198ba65bf/Packages/iOS/CmuxMobileShell/Sources/CmuxMobileShell/MobileShellComposite+ConnectionRecovery.swift:7:8: warning: public import of 'Foundation' was not used in public declarations or inlinable code
   5 | public import CmuxMobileShellModel
   6 | public import CmuxMobileTransport
   7 | public import Foundation
     |        `- warning: public import of 'Foundation' was not used in public declarations or inlinable code
   8 | internal import OSLog
   9 | 

/private/tmp/cmux-verify-20260908170330-19681-7317/source-1198ba65bf/Packages/iOS/CmuxMobileShell/Sources/CmuxMobileShell/MobileShellComposite+DemoContent.swift:4:8: warning: public import of 'CmuxMobileShellModel' was not used in public declarations or inlinable code
  2 | internal import CmuxMobileDiagnostics
  3 | public import CmuxMobilePairedMac
  4 | public import CmuxMobileShellModel
    |        `- warning: public import of 'CmuxMobileShellModel' was not used in public declarations or inlinable code
  5 | import Foundation
  6 | 
[677/766] Compiling CmuxMobileShell MobilePresencePushRecoveryThrottle.swift
/private/tmp/cmux-verify-20260908170330-19681-7317/source-1198ba65bf/Packages/iOS/CmuxMobileShell/Sources/CmuxMobileShell/MobileShellComposite+ConnectionDiagnostics.swift:1:8: warning: public import of 'CMUXMobileCore' was not used in public declarations or inlinable code
  1 | public import CMUXMobileCore
    |        `- warning: public import of 'CMUXMobileCore' was not used in public declarations or inlinable code
  2 | public import CmuxMobileRPC
  3 | 

/private/tmp/cmux-verify-20260908170330-19681-7317/source-1198ba65bf/Packages/iOS/CmuxMobileShell/Sources/CmuxMobileShell/MobileShellComposite+ConnectionDiagnostics.swift:2:8: warning: public import of 'CmuxMobileRPC' was not used in public declarations or inlinable code
  1 | public import CMUXMobileCore
  2 | public import CmuxMobileRPC
    |        `- warning: public import of 'CmuxMobileRPC' was not used in public declarations or inlinable code
  3 | 
  4 | @MainActor

/private/tmp/cmux-verify-20260908170330-19681-7317/source-1198ba65bf/Packages/iOS/CmuxMobileShell/Sources/CmuxMobileShell/MobileShellComposite+ConnectionRecovery.swift:1:8: warning: public import of 'CMUXMobileCore' was not used in public declarations or inlinable code
   1 | public import CMUXMobileCore
     |        `- warning: public import of 'CMUXMobileCore' was not used in public declarations or inlinable code
   2 | internal import CmuxMobileDiagnostics
   3 | public import CmuxMobilePairedMac

/private/tmp/cmux-verify-20260908170330-19681-7317/source-1198ba65bf/Packages/iOS/CmuxMobileShell/Sources/CmuxMobileShell/MobileShellComposite+ConnectionRecovery.swift:3:8: warning: public import of 'CmuxMobilePairedMac' was not used in public declarations or inlinable code
   1 | public import CMUXMobileCore
   2 | internal import CmuxMobileDiagnostics
   3 | public import CmuxMobilePairedMac
     |        `- warning: public import of 'CmuxMobilePairedMac' was not used in public declarations or inlinable code
   4 | public import CmuxMobileRPC
   5 | public import CmuxMobileShellModel

/private/tmp/cmux-verify-20260908170330-19681-7317/source-1198ba65bf/Packages/iOS/CmuxMobileShell/Sources/CmuxMobileShell/MobileShellComposite+ConnectionRecovery.swift:4:8: warning: public import of 'CmuxMobileRPC' was not used in public declarations or inlinable code
   2 | internal import CmuxMobileDiagnostics
   3 | public import CmuxMobilePairedMac
   4 | public import CmuxMobileRPC
     |        `- warning: public import of 'CmuxMobileRPC' was not used in public declarations or inlinable code
   5 | public import CmuxMobileShellModel
   6 | public import CmuxMobileTransport

/private/tmp/cmux-verify-20260908170330-19681-7317/source-1198ba65bf/Packages/iOS/CmuxMobileShell/Sources/CmuxMobileShell/MobileShellComposite+ConnectionRecovery.swift:6:8: warning: public import of 'CmuxMobileTransport' was not used in public declarations or inlinable code
   4 | public import CmuxMobileRPC
   5 | public import CmuxMobileShellModel
   6 | public import CmuxMobileTransport
     |        `- warning: public import of 'CmuxMobileTransport' was not used in public declarations or inlinable code
   7 | public import Foundation
   8 | internal import OSLog

/private/tmp/cmux-verify-20260908170330-19681-7317/source-1198ba65bf/Packages/iOS/CmuxMobileShell/Sources/CmuxMobileShell/MobileShellComposite+ConnectionRecovery.swift:7:8: warning: public import of 'Foundation' was not used in public declarations or inlinable code
   5 | public import CmuxMobileShellModel
   6 | public import CmuxMobileTransport
   7 | public import Foundation
     |        `- warning: public import of 'Foundation' was not used in public declarations or inlinable code
   8 | internal import OSLog
   9 | 

/private/tmp/cmux-verify-20260908170330-19681-7317/source-1198ba65bf/Packages/iOS/CmuxMobileShell/Sources/CmuxMobileShell/MobileShellComposite+DemoContent.swift:4:8: warning: public import of 'CmuxMobileShellModel' was not used in public declarations or inlinable code
  2 | internal import CmuxMobileDiagnostics
  3 | public import CmuxMobilePairedMac
  4 | public import CmuxMobileShellModel
    |        `- warning: public import of 'CmuxMobileShellModel' was not used in public declarations or inlinable code
  5 | import Foundation
  6 | 
[678/766] Compiling CmuxMobileShell MobileSecondaryStatusAuthority.swift
/private/tmp/cmux-verify-20260908170330-19681-7317/source-1198ba65bf/Packages/iOS/CmuxMobileShell/Sources/CmuxMobileShell/MobileShellComposite+ConnectionDiagnostics.swift:1:8: warning: public import of 'CMUXMobileCore' was not used in public declarations or inlinable code
  1 | public import CMUXMobileCore
    |        `- warning: public import of 'CMUXMobileCore' was not used in public declarations or inlinable code
  2 | public import CmuxMobileRPC
  3 | 

/private/tmp/cmux-verify-20260908170330-19681-7317/source-1198ba65bf/Packages/iOS/CmuxMobileShell/Sources/CmuxMobileShell/MobileShellComposite+ConnectionDiagnostics.swift:2:8: warning: public import of 'CmuxMobileRPC' was not used in public declarations or inlinable code
  1 | public import CMUXMobileCore
  2 | public import CmuxMobileRPC
    |        `- warning: public import of 'CmuxMobileRPC' was not used in public declarations or inlinable code
  3 | 
  4 | @MainActor

/private/tmp/cmux-verify-20260908170330-19681-7317/source-1198ba65bf/Packages/iOS/CmuxMobileShell/Sources/CmuxMobileShell/MobileShellComposite+ConnectionRecovery.swift:1:8: warning: public import of 'CMUXMobileCore' was not used in public declarations or inlinable code
   1 | public import CMUXMobileCore
     |        `- warning: public import of 'CMUXMobileCore' was not used in public declarations or inlinable code
   2 | internal import CmuxMobileDiagnostics
   3 | public import CmuxMobilePairedMac

/private/tmp/cmux-verify-20260908170330-19681-7317/source-1198ba65bf/Packages/iOS/CmuxMobileShell/Sources/CmuxMobileShell/MobileShellComposite+ConnectionRecovery.swift:3:8: warning: public import of 'CmuxMobilePairedMac' was not used in public declarations or inlinable code
   1 | public import CMUXMobileCore
   2 | internal import CmuxMobileDiagnostics
   3 | public import CmuxMobilePairedMac
     |        `- warning: public import of 'CmuxMobilePairedMac' was not used in public declarations or inlinable code
   4 | public import CmuxMobileRPC
   5 | public import CmuxMobileShellModel

/private/tmp/cmux-verify-20260908170330-19681-7317/source-1198ba65bf/Packages/iOS/CmuxMobileShell/Sources/CmuxMobileShell/MobileShellComposite+ConnectionRecovery.swift:4:8: warning: public import of 'CmuxMobileRPC' was not used in public declarations or inlinable code
   2 | internal import CmuxMobileDiagnostics
   3 | public import CmuxMobilePairedMac
   4 | public import CmuxMobileRPC
     |        `- warning: public import of 'CmuxMobileRPC' was not used in public declarations or inlinable code
   5 | public import CmuxMobileShellModel
   6 | public import CmuxMobileTransport

/private/tmp/cmux-verify-20260908170330-19681-7317/source-1198ba65bf/Packages/iOS/CmuxMobileShell/Sources/CmuxMobileShell/MobileShellComposite+ConnectionRecovery.swift:6:8: warning: public import of 'CmuxMobileTransport' was not used in public declarations or inlinable code
   4 | public import CmuxMobileRPC
   5 | public import CmuxMobileShellModel
   6 | public import CmuxMobileTransport
     |        `- warning: public import of 'CmuxMobileTransport' was not used in public declarations or inlinable code
   7 | public import Foundation
   8 | internal import OSLog

/private/tmp/cmux-verify-20260908170330-19681-7317/source-1198ba65bf/Packages/iOS/CmuxMobileShell/Sources/CmuxMobileShell/MobileShellComposite+ConnectionRecovery.swift:7:8: warning: public import of 'Foundation' was not used in public declarations or inlinable code
   5 | public import CmuxMobileShellModel
   6 | public import CmuxMobileTransport
   7 | public import Foundation
     |        `- warning: public import of 'Foundation' was not used in public declarations or inlinable code
   8 | internal import OSLog
   9 | 

/private/tmp/cmux-verify-20260908170330-19681-7317/source-1198ba65bf/Packages/iOS/CmuxMobileShell/Sources/CmuxMobileShell/MobileShellComposite+DemoContent.swift:4:8: warning: public import of 'CmuxMobileShellModel' was not used in public declarations or inlinable code
  2 | internal import CmuxMobileDiagnostics
  3 | public import CmuxMobilePairedMac
  4 | public import CmuxMobileShellModel
    |        `- warning: public import of 'CmuxMobileShellModel' was not used in public declarations or inlinable code
  5 | import Foundation
  6 | 
[679/766] Compiling CmuxMobileShell MobileShellComposite+AgentChat.swift
/private/tmp/cmux-verify-20260908170330-19681-7317/source-1198ba65bf/Packages/iOS/CmuxMobileShell/Sources/CmuxMobileShell/MobileShellComposite+ConnectionDiagnostics.swift:1:8: warning: public import of 'CMUXMobileCore' was not used in public declarations or inlinable code
  1 | public import CMUXMobileCore
    |        `- warning: public import of 'CMUXMobileCore' was not used in public declarations or inlinable code
  2 | public import CmuxMobileRPC
  3 | 

/private/tmp/cmux-verify-20260908170330-19681-7317/source-1198ba65bf/Packages/iOS/CmuxMobileShell/Sources/CmuxMobileShell/MobileShellComposite+ConnectionDiagnostics.swift:2:8: warning: public import of 'CmuxMobileRPC' was not used in public declarations or inlinable code
  1 | public import CMUXMobileCore
  2 | public import CmuxMobileRPC
    |        `- warning: public import of 'CmuxMobileRPC' was not used in public declarations or inlinable code
  3 | 
  4 | @MainActor

/private/tmp/cmux-verify-20260908170330-19681-7317/source-1198ba65bf/Packages/iOS/CmuxMobileShell/Sources/CmuxMobileShell/MobileShellComposite+ConnectionRecovery.swift:1:8: warning: public import of 'CMUXMobileCore' was not used in public declarations or inlinable code
   1 | public import CMUXMobileCore
     |        `- warning: public import of 'CMUXMobileCore' was not used in public declarations or inlinable code
   2 | internal import CmuxMobileDiagnostics
   3 | public import CmuxMobilePairedMac

/private/tmp/cmux-verify-20260908170330-19681-7317/source-1198ba65bf/Packages/iOS/CmuxMobileShell/Sources/CmuxMobileShell/MobileShellComposite+ConnectionRecovery.swift:3:8: warning: public import of 'CmuxMobilePairedMac' was not used in public declarations or inlinable code
   1 | public import CMUXMobileCore
   2 | internal import CmuxMobileDiagnostics
   3 | public import CmuxMobilePairedMac
     |        `- warning: public import of 'CmuxMobilePairedMac' was not used in public declarations or inlinable code
   4 | public import CmuxMobileRPC
   5 | public import CmuxMobileShellModel

/private/tmp/cmux-verify-20260908170330-19681-7317/source-1198ba65bf/Packages/iOS/CmuxMobileShell/Sources/CmuxMobileShell/MobileShellComposite+ConnectionRecovery.swift:4:8: warning: public import of 'CmuxMobileRPC' was not used in public declarations or inlinable code
   2 | internal import CmuxMobileDiagnostics
   3 | public import CmuxMobilePairedMac
   4 | public import CmuxMobileRPC
     |        `- warning: public import of 'CmuxMobileRPC' was not used in public declarations or inlinable code
   5 | public import CmuxMobileShellModel
   6 | public import CmuxMobileTransport

/private/tmp/cmux-verify-20260908170330-19681-7317/source-1198ba65bf/Packages/iOS/CmuxMobileShell/Sources/CmuxMobileShell/MobileShellComposite+ConnectionRecovery.swift:6:8: warning: public import of 'CmuxMobileTransport' was not used in public declarations or inlinable code
   4 | public import CmuxMobileRPC
   5 | public import CmuxMobileShellModel
   6 | public import CmuxMobileTransport
     |        `- warning: public import of 'CmuxMobileTransport' was not used in public declarations or inlinable code
   7 | public import Foundation
   8 | internal import OSLog

/private/tmp/cmux-verify-20260908170330-19681-7317/source-1198ba65bf/Packages/iOS/CmuxMobileShell/Sources/CmuxMobileShell/MobileShellComposite+ConnectionRecovery.swift:7:8: warning: public import of 'Foundation' was not used in public declarations or inlinable code
   5 | public import CmuxMobileShellModel
   6 | public import CmuxMobileTransport
   7 | public import Foundation
     |        `- warning: public import of 'Foundation' was not used in public declarations or inlinable code
   8 | internal import OSLog
   9 | 

/private/tmp/cmux-verify-20260908170330-19681-7317/source-1198ba65bf/Packages/iOS/CmuxMobileShell/Sources/CmuxMobileShell/MobileShellComposite+DemoContent.swift:4:8: warning: public import of 'CmuxMobileShellModel' was not used in public declarations or inlinable code
  2 | internal import CmuxMobileDiagnostics
  3 | public import CmuxMobilePairedMac
  4 | public import CmuxMobileShellModel
    |        `- warning: public import of 'CmuxMobileShellModel' was not used in public declarations or inlinable code
  5 | import Foundation
  6 | 
[680/766] Compiling CmuxMobileShell MobileShellComposite+AltScreenNotice.swift
/private/tmp/cmux-verify-20260908170330-19681-7317/source-1198ba65bf/Packages/iOS/CmuxMobileShell/Sources/CmuxMobileShell/MobileShellComposite+ConnectionDiagnostics.swift:1:8: warning: public import of 'CMUXMobileCore' was not used in public declarations or inlinable code
  1 | public import CMUXMobileCore
    |        `- warning: public import of 'CMUXMobileCore' was not used in public declarations or inlinable code
  2 | public import CmuxMobileRPC
  3 | 

/private/tmp/cmux-verify-20260908170330-19681-7317/source-1198ba65bf/Packages/iOS/CmuxMobileShell/Sources/CmuxMobileShell/MobileShellComposite+ConnectionDiagnostics.swift:2:8: warning: public import of 'CmuxMobileRPC' was not used in public declarations or inlinable code
  1 | public import CMUXMobileCore
  2 | public import CmuxMobileRPC
    |        `- warning: public import of 'CmuxMobileRPC' was not used in public declarations or inlinable code
  3 | 
  4 | @MainActor

/private/tmp/cmux-verify-20260908170330-19681-7317/source-1198ba65bf/Packages/iOS/CmuxMobileShell/Sources/CmuxMobileShell/MobileShellComposite+ConnectionRecovery.swift:1:8: warning: public import of 'CMUXMobileCore' was not used in public declarations or inlinable code
   1 | public import CMUXMobileCore
     |        `- warning: public import of 'CMUXMobileCore' was not used in public declarations or inlinable code
   2 | internal import CmuxMobileDiagnostics
   3 | public import CmuxMobilePairedMac

/private/tmp/cmux-verify-20260908170330-19681-7317/source-1198ba65bf/Packages/iOS/CmuxMobileShell/Sources/CmuxMobileShell/MobileShellComposite+ConnectionRecovery.swift:3:8: warning: public import of 'CmuxMobilePairedMac' was not used in public declarations or inlinable code
   1 | public import CMUXMobileCore
   2 | internal import CmuxMobileDiagnostics
   3 | public import CmuxMobilePairedMac
     |        `- warning: public import of 'CmuxMobilePairedMac' was not used in public declarations or inlinable code
   4 | public import CmuxMobileRPC
   5 | public import CmuxMobileShellModel

/private/tmp/cmux-verify-20260908170330-19681-7317/source-1198ba65bf/Packages/iOS/CmuxMobileShell/Sources/CmuxMobileShell/MobileShellComposite+ConnectionRecovery.swift:4:8: warning: public import of 'CmuxMobileRPC' was not used in public declarations or inlinable code
   2 | internal import CmuxMobileDiagnostics
   3 | public import CmuxMobilePairedMac
   4 | public import CmuxMobileRPC
     |        `- warning: public import of 'CmuxMobileRPC' was not used in public declarations or inlinable code
   5 | public import CmuxMobileShellModel
   6 | public import CmuxMobileTransport

/private/tmp/cmux-verify-20260908170330-19681-7317/source-1198ba65bf/Packages/iOS/CmuxMobileShell/Sources/CmuxMobileShell/MobileShellComposite+ConnectionRecovery.swift:6:8: warning: public import of 'CmuxMobileTransport' was not used in public declarations or inlinable code
   4 | public import CmuxMobileRPC
   5 | public import CmuxMobileShellModel
   6 | public import CmuxMobileTransport
     |        `- warning: public import of 'CmuxMobileTransport' was not used in public declarations or inlinable code
   7 | public import Foundation
   8 | internal import OSLog

/private/tmp/cmux-verify-20260908170330-19681-7317/source-1198ba65bf/Packages/iOS/CmuxMobileShell/Sources/CmuxMobileShell/MobileShellComposite+ConnectionRecovery.swift:7:8: warning: public import of 'Foundation' was not used in public declarations or inlinable code
   5 | public import CmuxMobileShellModel
   6 | public import CmuxMobileTransport
   7 | public import Foundation
     |        `- warning: public import of 'Foundation' was not used in public declarations or inlinable code
   8 | internal import OSLog
   9 | 

/private/tmp/cmux-verify-20260908170330-19681-7317/source-1198ba65bf/Packages/iOS/CmuxMobileShell/Sources/CmuxMobileShell/MobileShellComposite+DemoContent.swift:4:8: warning: public import of 'CmuxMobileShellModel' was not used in public declarations or inlinable code
  2 | internal import CmuxMobileDiagnostics
  3 | public import CmuxMobilePairedMac
  4 | public import CmuxMobileShellModel
    |        `- warning: public import of 'CmuxMobileShellModel' was not used in public declarations or inlinable code
  5 | import Foundation
  6 | 
[681/766] Compiling CmuxMobileShell MobileShellComposite+AppDiagnostics.swift
/private/tmp/cmux-verify-20260908170330-19681-7317/source-1198ba65bf/Packages/iOS/CmuxMobileShell/Sources/CmuxMobileShell/MobileShellComposite+ConnectionDiagnostics.swift:1:8: warning: public import of 'CMUXMobileCore' was not used in public declarations or inlinable code
  1 | public import CMUXMobileCore
    |        `- warning: public import of 'CMUXMobileCore' was not used in public declarations or inlinable code
  2 | public import CmuxMobileRPC
  3 | 

/private/tmp/cmux-verify-20260908170330-19681-7317/source-1198ba65bf/Packages/iOS/CmuxMobileShell/Sources/CmuxMobileShell/MobileShellComposite+ConnectionDiagnostics.swift:2:8: warning: public import of 'CmuxMobileRPC' was not used in public declarations or inlinable code
  1 | public import CMUXMobileCore
  2 | public import CmuxMobileRPC
    |        `- warning: public import of 'CmuxMobileRPC' was not used in public declarations or inlinable code
  3 | 
  4 | @MainActor

/private/tmp/cmux-verify-20260908170330-19681-7317/source-1198ba65bf/Packages/iOS/CmuxMobileShell/Sources/CmuxMobileShell/MobileShellComposite+ConnectionRecovery.swift:1:8: warning: public import of 'CMUXMobileCore' was not used in public declarations or inlinable code
   1 | public import CMUXMobileCore
     |        `- warning: public import of 'CMUXMobileCore' was not used in public declarations or inlinable code
   2 | internal import CmuxMobileDiagnostics
   3 | public import CmuxMobilePairedMac

/private/tmp/cmux-verify-20260908170330-19681-7317/source-1198ba65bf/Packages/iOS/CmuxMobileShell/Sources/CmuxMobileShell/MobileShellComposite+ConnectionRecovery.swift:3:8: warning: public import of 'CmuxMobilePairedMac' was not used in public declarations or inlinable code
   1 | public import CMUXMobileCore
   2 | internal import CmuxMobileDiagnostics
   3 | public import CmuxMobilePairedMac
     |        `- warning: public import of 'CmuxMobilePairedMac' was not used in public declarations or inlinable code
   4 | public import CmuxMobileRPC
   5 | public import CmuxMobileShellModel

/private/tmp/cmux-verify-20260908170330-19681-7317/source-1198ba65bf/Packages/iOS/CmuxMobileShell/Sources/CmuxMobileShell/MobileShellComposite+ConnectionRecovery.swift:4:8: warning: public import of 'CmuxMobileRPC' was not used in public declarations or inlinable code
   2 | internal import CmuxMobileDiagnostics
   3 | public import CmuxMobilePairedMac
   4 | public import CmuxMobileRPC
     |        `- warning: public import of 'CmuxMobileRPC' was not used in public declarations or inlinable code
   5 | public import CmuxMobileShellModel
   6 | public import CmuxMobileTransport

/private/tmp/cmux-verify-20260908170330-19681-7317/source-1198ba65bf/Packages/iOS/CmuxMobileShell/Sources/CmuxMobileShell/MobileShellComposite+ConnectionRecovery.swift:6:8: warning: public import of 'CmuxMobileTransport' was not used in public declarations or inlinable code
   4 | public import CmuxMobileRPC
   5 | public import CmuxMobileShellModel
   6 | public import CmuxMobileTransport
     |        `- warning: public import of 'CmuxMobileTransport' was not used in public declarations or inlinable code
   7 | public import Foundation
   8 | internal import OSLog

/private/tmp/cmux-verify-20260908170330-19681-7317/source-1198ba65bf/Packages/iOS/CmuxMobileShell/Sources/CmuxMobileShell/MobileShellComposite+ConnectionRecovery.swift:7:8: warning: public import of 'Foundation' was not used in public declarations or inlinable code
   5 | public import CmuxMobileShellModel
   6 | public import CmuxMobileTransport
   7 | public import Foundation
     |        `- warning: public import of 'Foundation' was not used in public declarations or inlinable code
   8 | internal import OSLog
   9 | 

/private/tmp/cmux-verify-20260908170330-19681-7317/source-1198ba65bf/Packages/iOS/CmuxMobileShell/Sources/CmuxMobileShell/MobileShellComposite+DemoContent.swift:4:8: warning: public import of 'CmuxMobileShellModel' was not used in public declarations or inlinable code
  2 | internal import CmuxMobileDiagnostics
  3 | public import CmuxMobilePairedMac
  4 | public import CmuxMobileShellModel
    |        `- warning: public import of 'CmuxMobileShellModel' was not used in public declarations or inlinable code
  5 | import Foundation
  6 | 
[682/766] Compiling CmuxMobileShell MobileShellComposite+BrowserStream.swift
/private/tmp/cmux-verify-20260908170330-19681-7317/source-1198ba65bf/Packages/iOS/CmuxMobileShell/Sources/CmuxMobileShell/MobileShellComposite+ConnectionDiagnostics.swift:1:8: warning: public import of 'CMUXMobileCore' was not used in public declarations or inlinable code
  1 | public import CMUXMobileCore
    |        `- warning: public import of 'CMUXMobileCore' was not used in public declarations or inlinable code
  2 | public import CmuxMobileRPC
  3 | 

/private/tmp/cmux-verify-20260908170330-19681-7317/source-1198ba65bf/Packages/iOS/CmuxMobileShell/Sources/CmuxMobileShell/MobileShellComposite+ConnectionDiagnostics.swift:2:8: warning: public import of 'CmuxMobileRPC' was not used in public declarations or inlinable code
  1 | public import CMUXMobileCore
  2 | public import CmuxMobileRPC
    |        `- warning: public import of 'CmuxMobileRPC' was not used in public declarations or inlinable code
  3 | 
  4 | @MainActor

/private/tmp/cmux-verify-20260908170330-19681-7317/source-1198ba65bf/Packages/iOS/CmuxMobileShell/Sources/CmuxMobileShell/MobileShellComposite+ConnectionRecovery.swift:1:8: warning: public import of 'CMUXMobileCore' was not used in public declarations or inlinable code
   1 | public import CMUXMobileCore
     |        `- warning: public import of 'CMUXMobileCore' was not used in public declarations or inlinable code
   2 | internal import CmuxMobileDiagnostics
   3 | public import CmuxMobilePairedMac

/private/tmp/cmux-verify-20260908170330-19681-7317/source-1198ba65bf/Packages/iOS/CmuxMobileShell/Sources/CmuxMobileShell/MobileShellComposite+ConnectionRecovery.swift:3:8: warning: public import of 'CmuxMobilePairedMac' was not used in public declarations or inlinable code
   1 | public import CMUXMobileCore
   2 | internal import CmuxMobileDiagnostics
   3 | public import CmuxMobilePairedMac
     |        `- warning: public import of 'CmuxMobilePairedMac' was not used in public declarations or inlinable code
   4 | public import CmuxMobileRPC
   5 | public import CmuxMobileShellModel

/private/tmp/cmux-verify-20260908170330-19681-7317/source-1198ba65bf/Packages/iOS/CmuxMobileShell/Sources/CmuxMobileShell/MobileShellComposite+ConnectionRecovery.swift:4:8: warning: public import of 'CmuxMobileRPC' was not used in public declarations or inlinable code
   2 | internal import CmuxMobileDiagnostics
   3 | public import CmuxMobilePairedMac
   4 | public import CmuxMobileRPC
     |        `- warning: public import of 'CmuxMobileRPC' was not used in public declarations or inlinable code
   5 | public import CmuxMobileShellModel
   6 | public import CmuxMobileTransport

/private/tmp/cmux-verify-20260908170330-19681-7317/source-1198ba65bf/Packages/iOS/CmuxMobileShell/Sources/CmuxMobileShell/MobileShellComposite+ConnectionRecovery.swift:6:8: warning: public import of 'CmuxMobileTransport' was not used in public declarations or inlinable code
   4 | public import CmuxMobileRPC
   5 | public import CmuxMobileShellModel
   6 | public import CmuxMobileTransport
     |        `- warning: public import of 'CmuxMobileTransport' was not used in public declarations or inlinable code
   7 | public import Foundation
   8 | internal import OSLog

/private/tmp/cmux-verify-20260908170330-19681-7317/source-1198ba65bf/Packages/iOS/CmuxMobileShell/Sources/CmuxMobileShell/MobileShellComposite+ConnectionRecovery.swift:7:8: warning: public import of 'Foundation' was not used in public declarations or inlinable code
   5 | public import CmuxMobileShellModel
   6 | public import CmuxMobileTransport
   7 | public import Foundation
     |        `- warning: public import of 'Foundation' was not used in public declarations or inlinable code
   8 | internal import OSLog
   9 | 

/private/tmp/cmux-verify-20260908170330-19681-7317/source-1198ba65bf/Packages/iOS/CmuxMobileShell/Sources/CmuxMobileShell/MobileShellComposite+DemoContent.swift:4:8: warning: public import of 'CmuxMobileShellModel' was not used in public declarations or inlinable code
  2 | internal import CmuxMobileDiagnostics
  3 | public import CmuxMobilePairedMac
  4 | public import CmuxMobileShellModel
    |        `- warning: public import of 'CmuxMobileShellModel' was not used in public declarations or inlinable code
  5 | import Foundation
  6 | 
[683/766] Compiling CmuxMobileShell MobileShellComposite+BuildCompatibility.swift
/private/tmp/cmux-verify-20260908170330-19681-7317/source-1198ba65bf/Packages/iOS/CmuxMobileShell/Sources/CmuxMobileShell/MobileShellComposite+ConnectionDiagnostics.swift:1:8: warning: public import of 'CMUXMobileCore' was not used in public declarations or inlinable code
  1 | public import CMUXMobileCore
    |        `- warning: public import of 'CMUXMobileCore' was not used in public declarations or inlinable code
  2 | public import CmuxMobileRPC
  3 | 

/private/tmp/cmux-verify-20260908170330-19681-7317/source-1198ba65bf/Packages/iOS/CmuxMobileShell/Sources/CmuxMobileShell/MobileShellComposite+ConnectionDiagnostics.swift:2:8: warning: public import of 'CmuxMobileRPC' was not used in public declarations or inlinable code
  1 | public import CMUXMobileCore
  2 | public import CmuxMobileRPC
    |        `- warning: public import of 'CmuxMobileRPC' was not used in public declarations or inlinable code
  3 | 
  4 | @MainActor

/private/tmp/cmux-verify-20260908170330-19681-7317/source-1198ba65bf/Packages/iOS/CmuxMobileShell/Sources/CmuxMobileShell/MobileShellComposite+ConnectionRecovery.swift:1:8: warning: public import of 'CMUXMobileCore' was not used in public declarations or inlinable code
   1 | public import CMUXMobileCore
     |        `- warning: public import of 'CMUXMobileCore' was not used in public declarations or inlinable code
   2 | internal import CmuxMobileDiagnostics
   3 | public import CmuxMobilePairedMac

/private/tmp/cmux-verify-20260908170330-19681-7317/source-1198ba65bf/Packages/iOS/CmuxMobileShell/Sources/CmuxMobileShell/MobileShellComposite+ConnectionRecovery.swift:3:8: warning: public import of 'CmuxMobilePairedMac' was not used in public declarations or inlinable code
   1 | public import CMUXMobileCore
   2 | internal import CmuxMobileDiagnostics
   3 | public import CmuxMobilePairedMac
     |        `- warning: public import of 'CmuxMobilePairedMac' was not used in public declarations or inlinable code
   4 | public import CmuxMobileRPC
   5 | public import CmuxMobileShellModel

/private/tmp/cmux-verify-20260908170330-19681-7317/source-1198ba65bf/Packages/iOS/CmuxMobileShell/Sources/CmuxMobileShell/MobileShellComposite+ConnectionRecovery.swift:4:8: warning: public import of 'CmuxMobileRPC' was not used in public declarations or inlinable code
   2 | internal import CmuxMobileDiagnostics
   3 | public import CmuxMobilePairedMac
   4 | public import CmuxMobileRPC
     |        `- warning: public import of 'CmuxMobileRPC' was not used in public declarations or inlinable code
   5 | public import CmuxMobileShellModel
   6 | public import CmuxMobileTransport

/private/tmp/cmux-verify-20260908170330-19681-7317/source-1198ba65bf/Packages/iOS/CmuxMobileShell/Sources/CmuxMobileShell/MobileShellComposite+ConnectionRecovery.swift:6:8: warning: public import of 'CmuxMobileTransport' was not used in public declarations or inlinable code
   4 | public import CmuxMobileRPC
   5 | public import CmuxMobileShellModel
   6 | public import CmuxMobileTransport
     |        `- warning: public import of 'CmuxMobileTransport' was not used in public declarations or inlinable code
   7 | public import Foundation
   8 | internal import OSLog

/private/tmp/cmux-verify-20260908170330-19681-7317/source-1198ba65bf/Packages/iOS/CmuxMobileShell/Sources/CmuxMobileShell/MobileShellComposite+ConnectionRecovery.swift:7:8: warning: public import of 'Foundation' was not used in public declarations or inlinable code
   5 | public import CmuxMobileShellModel
   6 | public import CmuxMobileTransport
   7 | public import Foundation
     |        `- warning: public import of 'Foundation' was not used in public declarations or inlinable code
   8 | internal import OSLog
   9 | 

/private/tmp/cmux-verify-20260908170330-19681-7317/source-1198ba65bf/Packages/iOS/CmuxMobileShell/Sources/CmuxMobileShell/MobileShellComposite+DemoContent.swift:4:8: warning: public import of 'CmuxMobileShellModel' was not used in public declarations or inlinable code
  2 | internal import CmuxMobileDiagnostics
  3 | public import CmuxMobilePairedMac
  4 | public import CmuxMobileShellModel
    |        `- warning: public import of 'CmuxMobileShellModel' was not used in public declarations or inlinable code
  5 | import Foundation
  6 | 
[684/766] Compiling CmuxMobileShell MobileShellComposite+Caffeine.swift
/private/tmp/cmux-verify-20260908170330-19681-7317/source-1198ba65bf/Packages/iOS/CmuxMobileShell/Sources/CmuxMobileShell/MobileShellComposite+ConnectionDiagnostics.swift:1:8: warning: public import of 'CMUXMobileCore' was not used in public declarations or inlinable code
  1 | public import CMUXMobileCore
    |        `- warning: public import of 'CMUXMobileCore' was not used in public declarations or inlinable code
  2 | public import CmuxMobileRPC
  3 | 

/private/tmp/cmux-verify-20260908170330-19681-7317/source-1198ba65bf/Packages/iOS/CmuxMobileShell/Sources/CmuxMobileShell/MobileShellComposite+ConnectionDiagnostics.swift:2:8: warning: public import of 'CmuxMobileRPC' was not used in public declarations or inlinable code
  1 | public import CMUXMobileCore
  2 | public import CmuxMobileRPC
    |        `- warning: public import of 'CmuxMobileRPC' was not used in public declarations or inlinable code
  3 | 
  4 | @MainActor

/private/tmp/cmux-verify-20260908170330-19681-7317/source-1198ba65bf/Packages/iOS/CmuxMobileShell/Sources/CmuxMobileShell/MobileShellComposite+ConnectionRecovery.swift:1:8: warning: public import of 'CMUXMobileCore' was not used in public declarations or inlinable code
   1 | public import CMUXMobileCore
     |        `- warning: public import of 'CMUXMobileCore' was not used in public declarations or inlinable code
   2 | internal import CmuxMobileDiagnostics
   3 | public import CmuxMobilePairedMac

/private/tmp/cmux-verify-20260908170330-19681-7317/source-1198ba65bf/Packages/iOS/CmuxMobileShell/Sources/CmuxMobileShell/MobileShellComposite+ConnectionRecovery.swift:3:8: warning: public import of 'CmuxMobilePairedMac' was not used in public declarations or inlinable code
   1 | public import CMUXMobileCore
   2 | internal import CmuxMobileDiagnostics
   3 | public import CmuxMobilePairedMac
     |        `- warning: public import of 'CmuxMobilePairedMac' was not used in public declarations or inlinable code
   4 | public import CmuxMobileRPC
   5 | public import CmuxMobileShellModel

/private/tmp/cmux-verify-20260908170330-19681-7317/source-1198ba65bf/Packages/iOS/CmuxMobileShell/Sources/CmuxMobileShell/MobileShellComposite+ConnectionRecovery.swift:4:8: warning: public import of 'CmuxMobileRPC' was not used in public declarations or inlinable code
   2 | internal import CmuxMobileDiagnostics
   3 | public import CmuxMobilePairedMac
   4 | public import CmuxMobileRPC
     |        `- warning: public import of 'CmuxMobileRPC' was not used in public declarations or inlinable code
   5 | public import CmuxMobileShellModel
   6 | public import CmuxMobileTransport

/private/tmp/cmux-verify-20260908170330-19681-7317/source-1198ba65bf/Packages/iOS/CmuxMobileShell/Sources/CmuxMobileShell/MobileShellComposite+ConnectionRecovery.swift:6:8: warning: public import of 'CmuxMobileTransport' was not used in public declarations or inlinable code
   4 | public import CmuxMobileRPC
   5 | public import CmuxMobileShellModel
   6 | public import CmuxMobileTransport
     |        `- warning: public import of 'CmuxMobileTransport' was not used in public declarations or inlinable code
   7 | public import Foundation
   8 | internal import OSLog

/private/tmp/cmux-verify-20260908170330-19681-7317/source-1198ba65bf/Packages/iOS/CmuxMobileShell/Sources/CmuxMobileShell/MobileShellComposite+ConnectionRecovery.swift:7:8: warning: public import of 'Foundation' was not used in public declarations or inlinable code
   5 | public import CmuxMobileShellModel
   6 | public import CmuxMobileTransport
   7 | public import Foundation
     |        `- warning: public import of 'Foundation' was not used in public declarations or inlinable code
   8 | internal import OSLog
   9 | 

/private/tmp/cmux-verify-20260908170330-19681-7317/source-1198ba65bf/Packages/iOS/CmuxMobileShell/Sources/CmuxMobileShell/MobileShellComposite+DemoContent.swift:4:8: warning: public import of 'CmuxMobileShellModel' was not used in public declarations or inlinable code
  2 | internal import CmuxMobileDiagnostics
  3 | public import CmuxMobilePairedMac
  4 | public import CmuxMobileShellModel
    |        `- warning: public import of 'CmuxMobileShellModel' was not used in public declarations or inlinable code
  5 | import Foundation
  6 | 
[685/766] Compiling CmuxMobileShell MobileShellComposite+Capabilities.swift
/private/tmp/cmux-verify-20260908170330-19681-7317/source-1198ba65bf/Packages/iOS/CmuxMobileShell/Sources/CmuxMobileShell/MobileShellComposite+ConnectionDiagnostics.swift:1:8: warning: public import of 'CMUXMobileCore' was not used in public declarations or inlinable code
  1 | public import CMUXMobileCore
    |        `- warning: public import of 'CMUXMobileCore' was not used in public declarations or inlinable code
  2 | public import CmuxMobileRPC
  3 | 

/private/tmp/cmux-verify-20260908170330-19681-7317/source-1198ba65bf/Packages/iOS/CmuxMobileShell/Sources/CmuxMobileShell/MobileShellComposite+ConnectionDiagnostics.swift:2:8: warning: public import of 'CmuxMobileRPC' was not used in public declarations or inlinable code
  1 | public import CMUXMobileCore
  2 | public import CmuxMobileRPC
    |        `- warning: public import of 'CmuxMobileRPC' was not used in public declarations or inlinable code
  3 | 
  4 | @MainActor

/private/tmp/cmux-verify-20260908170330-19681-7317/source-1198ba65bf/Packages/iOS/CmuxMobileShell/Sources/CmuxMobileShell/MobileShellComposite+ConnectionRecovery.swift:1:8: warning: public import of 'CMUXMobileCore' was not used in public declarations or inlinable code
   1 | public import CMUXMobileCore
     |        `- warning: public import of 'CMUXMobileCore' was not used in public declarations or inlinable code
   2 | internal import CmuxMobileDiagnostics
   3 | public import CmuxMobilePairedMac

/private/tmp/cmux-verify-20260908170330-19681-7317/source-1198ba65bf/Packages/iOS/CmuxMobileShell/Sources/CmuxMobileShell/MobileShellComposite+ConnectionRecovery.swift:3:8: warning: public import of 'CmuxMobilePairedMac' was not used in public declarations or inlinable code
   1 | public import CMUXMobileCore
   2 | internal import CmuxMobileDiagnostics
   3 | public import CmuxMobilePairedMac
     |        `- warning: public import of 'CmuxMobilePairedMac' was not used in public declarations or inlinable code
   4 | public import CmuxMobileRPC
   5 | public import CmuxMobileShellModel

/private/tmp/cmux-verify-20260908170330-19681-7317/source-1198ba65bf/Packages/iOS/CmuxMobileShell/Sources/CmuxMobileShell/MobileShellComposite+ConnectionRecovery.swift:4:8: warning: public import of 'CmuxMobileRPC' was not used in public declarations or inlinable code
   2 | internal import CmuxMobileDiagnostics
   3 | public import CmuxMobilePairedMac
   4 | public import CmuxMobileRPC
     |        `- warning: public import of 'CmuxMobileRPC' was not used in public declarations or inlinable code
   5 | public import CmuxMobileShellModel
   6 | public import CmuxMobileTransport

/private/tmp/cmux-verify-20260908170330-19681-7317/source-1198ba65bf/Packages/iOS/CmuxMobileShell/Sources/CmuxMobileShell/MobileShellComposite+ConnectionRecovery.swift:6:8: warning: public import of 'CmuxMobileTransport' was not used in public declarations or inlinable code
   4 | public import CmuxMobileRPC
   5 | public import CmuxMobileShellModel
   6 | public import CmuxMobileTransport
     |        `- warning: public import of 'CmuxMobileTransport' was not used in public declarations or inlinable code
   7 | public import Foundation
   8 | internal import OSLog

/private/tmp/cmux-verify-20260908170330-19681-7317/source-1198ba65bf/Packages/iOS/CmuxMobileShell/Sources/CmuxMobileShell/MobileShellComposite+ConnectionRecovery.swift:7:8: warning: public import of 'Foundation' was not used in public declarations or inlinable code
   5 | public import CmuxMobileShellModel
   6 | public import CmuxMobileTransport
   7 | public import Foundation
     |        `- warning: public import of 'Foundation' was not used in public declarations or inlinable code
   8 | internal import OSLog
   9 | 

/private/tmp/cmux-verify-20260908170330-19681-7317/source-1198ba65bf/Packages/iOS/CmuxMobileShell/Sources/CmuxMobileShell/MobileShellComposite+DemoContent.swift:4:8: warning: public import of 'CmuxMobileShellModel' was not used in public declarations or inlinable code
  2 | internal import CmuxMobileDiagnostics
  3 | public import CmuxMobilePairedMac
  4 | public import CmuxMobileShellModel
    |        `- warning: public import of 'CmuxMobileShellModel' was not used in public declarations or inlinable code
  5 | import Foundation
  6 | 
[686/766] Compiling CmuxMobileShell MobileShellComposite+CompatibleMacTags.swift
/private/tmp/cmux-verify-20260908170330-19681-7317/source-1198ba65bf/Packages/iOS/CmuxMobileShell/Sources/CmuxMobileShell/MobileShellComposite+ConnectionDiagnostics.swift:1:8: warning: public import of 'CMUXMobileCore' was not used in public declarations or inlinable code
  1 | public import CMUXMobileCore
    |        `- warning: public import of 'CMUXMobileCore' was not used in public declarations or inlinable code
  2 | public import CmuxMobileRPC
  3 | 

/private/tmp/cmux-verify-20260908170330-19681-7317/source-1198ba65bf/Packages/iOS/CmuxMobileShell/Sources/CmuxMobileShell/MobileShellComposite+ConnectionDiagnostics.swift:2:8: warning: public import of 'CmuxMobileRPC' was not used in public declarations or inlinable code
  1 | public import CMUXMobileCore
  2 | public import CmuxMobileRPC
    |        `- warning: public import of 'CmuxMobileRPC' was not used in public declarations or inlinable code
  3 | 
  4 | @MainActor

/private/tmp/cmux-verify-20260908170330-19681-7317/source-1198ba65bf/Packages/iOS/CmuxMobileShell/Sources/CmuxMobileShell/MobileShellComposite+ConnectionRecovery.swift:1:8: warning: public import of 'CMUXMobileCore' was not used in public declarations or inlinable code
   1 | public import CMUXMobileCore
     |        `- warning: public import of 'CMUXMobileCore' was not used in public declarations or inlinable code
   2 | internal import CmuxMobileDiagnostics
   3 | public import CmuxMobilePairedMac

/private/tmp/cmux-verify-20260908170330-19681-7317/source-1198ba65bf/Packages/iOS/CmuxMobileShell/Sources/CmuxMobileShell/MobileShellComposite+ConnectionRecovery.swift:3:8: warning: public import of 'CmuxMobilePairedMac' was not used in public declarations or inlinable code
   1 | public import CMUXMobileCore
   2 | internal import CmuxMobileDiagnostics
   3 | public import CmuxMobilePairedMac
     |        `- warning: public import of 'CmuxMobilePairedMac' was not used in public declarations or inlinable code
   4 | public import CmuxMobileRPC
   5 | public import CmuxMobileShellModel

/private/tmp/cmux-verify-20260908170330-19681-7317/source-1198ba65bf/Packages/iOS/CmuxMobileShell/Sources/CmuxMobileShell/MobileShellComposite+ConnectionRecovery.swift:4:8: warning: public import of 'CmuxMobileRPC' was not used in public declarations or inlinable code
   2 | internal import CmuxMobileDiagnostics
   3 | public import CmuxMobilePairedMac
   4 | public import CmuxMobileRPC
     |        `- warning: public import of 'CmuxMobileRPC' was not used in public declarations or inlinable code
   5 | public import CmuxMobileShellModel
   6 | public import CmuxMobileTransport

/private/tmp/cmux-verify-20260908170330-19681-7317/source-1198ba65bf/Packages/iOS/CmuxMobileShell/Sources/CmuxMobileShell/MobileShellComposite+ConnectionRecovery.swift:6:8: warning: public import of 'CmuxMobileTransport' was not used in public declarations or inlinable code
   4 | public import CmuxMobileRPC
   5 | public import CmuxMobileShellModel
   6 | public import CmuxMobileTransport
     |        `- warning: public import of 'CmuxMobileTransport' was not used in public declarations or inlinable code
   7 | public import Foundation
   8 | internal import OSLog

/private/tmp/cmux-verify-20260908170330-19681-7317/source-1198ba65bf/Packages/iOS/CmuxMobileShell/Sources/CmuxMobileShell/MobileShellComposite+ConnectionRecovery.swift:7:8: warning: public import of 'Foundation' was not used in public declarations or inlinable code
   5 | public import CmuxMobileShellModel
   6 | public import CmuxMobileTransport
   7 | public import Foundation
     |        `- warning: public import of 'Foundation' was not used in public declarations or inlinable code
   8 | internal import OSLog
   9 | 

/private/tmp/cmux-verify-20260908170330-19681-7317/source-1198ba65bf/Packages/iOS/CmuxMobileShell/Sources/CmuxMobileShell/MobileShellComposite+DemoContent.swift:4:8: warning: public import of 'CmuxMobileShellModel' was not used in public declarations or inlinable code
  2 | internal import CmuxMobileDiagnostics
  3 | public import CmuxMobilePairedMac
  4 | public import CmuxMobileShellModel
    |        `- warning: public import of 'CmuxMobileShellModel' was not used in public declarations or inlinable code
  5 | import Foundation
  6 | 
[687/766] Compiling CmuxMobileShell MobileShellComposite+ComposerFileAttachments.swift
/private/tmp/cmux-verify-20260908170330-19681-7317/source-1198ba65bf/Packages/iOS/CmuxMobileShell/Sources/CmuxMobileShell/MobileShellComposite+ConnectionDiagnostics.swift:1:8: warning: public import of 'CMUXMobileCore' was not used in public declarations or inlinable code
  1 | public import CMUXMobileCore
    |        `- warning: public import of 'CMUXMobileCore' was not used in public declarations or inlinable code
  2 | public import CmuxMobileRPC
  3 | 

/private/tmp/cmux-verify-20260908170330-19681-7317/source-1198ba65bf/Packages/iOS/CmuxMobileShell/Sources/CmuxMobileShell/MobileShellComposite+ConnectionDiagnostics.swift:2:8: warning: public import of 'CmuxMobileRPC' was not used in public declarations or inlinable code
  1 | public import CMUXMobileCore
  2 | public import CmuxMobileRPC
    |        `- warning: public import of 'CmuxMobileRPC' was not used in public declarations or inlinable code
  3 | 
  4 | @MainActor

/private/tmp/cmux-verify-20260908170330-19681-7317/source-1198ba65bf/Packages/iOS/CmuxMobileShell/Sources/CmuxMobileShell/MobileShellComposite+ConnectionRecovery.swift:1:8: warning: public import of 'CMUXMobileCore' was not used in public declarations or inlinable code
   1 | public import CMUXMobileCore
     |        `- warning: public import of 'CMUXMobileCore' was not used in public declarations or inlinable code
   2 | internal import CmuxMobileDiagnostics
   3 | public import CmuxMobilePairedMac

/private/tmp/cmux-verify-20260908170330-19681-7317/source-1198ba65bf/Packages/iOS/CmuxMobileShell/Sources/CmuxMobileShell/MobileShellComposite+ConnectionRecovery.swift:3:8: warning: public import of 'CmuxMobilePairedMac' was not used in public declarations or inlinable code
   1 | public import CMUXMobileCore
   2 | internal import CmuxMobileDiagnostics
   3 | public import CmuxMobilePairedMac
     |        `- warning: public import of 'CmuxMobilePairedMac' was not used in public declarations or inlinable code
   4 | public import CmuxMobileRPC
   5 | public import CmuxMobileShellModel

/private/tmp/cmux-verify-20260908170330-19681-7317/source-1198ba65bf/Packages/iOS/CmuxMobileShell/Sources/CmuxMobileShell/MobileShellComposite+ConnectionRecovery.swift:4:8: warning: public import of 'CmuxMobileRPC' was not used in public declarations or inlinable code
   2 | internal import CmuxMobileDiagnostics
   3 | public import CmuxMobilePairedMac
   4 | public import CmuxMobileRPC
     |        `- warning: public import of 'CmuxMobileRPC' was not used in public declarations or inlinable code
   5 | public import CmuxMobileShellModel
   6 | public import CmuxMobileTransport

/private/tmp/cmux-verify-20260908170330-19681-7317/source-1198ba65bf/Packages/iOS/CmuxMobileShell/Sources/CmuxMobileShell/MobileShellComposite+ConnectionRecovery.swift:6:8: warning: public import of 'CmuxMobileTransport' was not used in public declarations or inlinable code
   4 | public import CmuxMobileRPC
   5 | public import CmuxMobileShellModel
   6 | public import CmuxMobileTransport
     |        `- warning: public import of 'CmuxMobileTransport' was not used in public declarations or inlinable code
   7 | public import Foundation
   8 | internal import OSLog

/private/tmp/cmux-verify-20260908170330-19681-7317/source-1198ba65bf/Packages/iOS/CmuxMobileShell/Sources/CmuxMobileShell/MobileShellComposite+ConnectionRecovery.swift:7:8: warning: public import of 'Foundation' was not used in public declarations or inlinable code
   5 | public import CmuxMobileShellModel
   6 | public import CmuxMobileTransport
   7 | public import Foundation
     |        `- warning: public import of 'Foundation' was not used in public declarations or inlinable code
   8 | internal import OSLog
   9 | 

/private/tmp/cmux-verify-20260908170330-19681-7317/source-1198ba65bf/Packages/iOS/CmuxMobileShell/Sources/CmuxMobileShell/MobileShellComposite+DemoContent.swift:4:8: warning: public import of 'CmuxMobileShellModel' was not used in public declarations or inlinable code
  2 | internal import CmuxMobileDiagnostics
  3 | public import CmuxMobilePairedMac
  4 | public import CmuxMobileShellModel
    |        `- warning: public import of 'CmuxMobileShellModel' was not used in public declarations or inlinable code
  5 | import Foundation
  6 | 
[688/766] Compiling CmuxMobileShell MobileShellComposite+ConnectionDiagnostics.swift
/private/tmp/cmux-verify-20260908170330-19681-7317/source-1198ba65bf/Packages/iOS/CmuxMobileShell/Sources/CmuxMobileShell/MobileShellComposite+ConnectionDiagnostics.swift:1:8: warning: public import of 'CMUXMobileCore' was not used in public declarations or inlinable code
  1 | public import CMUXMobileCore
    |        `- warning: public import of 'CMUXMobileCore' was not used in public declarations or inlinable code
  2 | public import CmuxMobileRPC
  3 | 

/private/tmp/cmux-verify-20260908170330-19681-7317/source-1198ba65bf/Packages/iOS/CmuxMobileShell/Sources/CmuxMobileShell/MobileShellComposite+ConnectionDiagnostics.swift:2:8: warning: public import of 'CmuxMobileRPC' was not used in public declarations or inlinable code
  1 | public import CMUXMobileCore
  2 | public import CmuxMobileRPC
    |        `- warning: public import of 'CmuxMobileRPC' was not used in public declarations or inlinable code
  3 | 
  4 | @MainActor

/private/tmp/cmux-verify-20260908170330-19681-7317/source-1198ba65bf/Packages/iOS/CmuxMobileShell/Sources/CmuxMobileShell/MobileShellComposite+ConnectionRecovery.swift:1:8: warning: public import of 'CMUXMobileCore' was not used in public declarations or inlinable code
   1 | public import CMUXMobileCore
     |        `- warning: public import of 'CMUXMobileCore' was not used in public declarations or inlinable code
   2 | internal import CmuxMobileDiagnostics
   3 | public import CmuxMobilePairedMac

/private/tmp/cmux-verify-20260908170330-19681-7317/source-1198ba65bf/Packages/iOS/CmuxMobileShell/Sources/CmuxMobileShell/MobileShellComposite+ConnectionRecovery.swift:3:8: warning: public import of 'CmuxMobilePairedMac' was not used in public declarations or inlinable code
   1 | public import CMUXMobileCore
   2 | internal import CmuxMobileDiagnostics
   3 | public import CmuxMobilePairedMac
     |        `- warning: public import of 'CmuxMobilePairedMac' was not used in public declarations or inlinable code
   4 | public import CmuxMobileRPC
   5 | public import CmuxMobileShellModel

/private/tmp/cmux-verify-20260908170330-19681-7317/source-1198ba65bf/Packages/iOS/CmuxMobileShell/Sources/CmuxMobileShell/MobileShellComposite+ConnectionRecovery.swift:4:8: warning: public import of 'CmuxMobileRPC' was not used in public declarations or inlinable code
   2 | internal import CmuxMobileDiagnostics
   3 | public import CmuxMobilePairedMac
   4 | public import CmuxMobileRPC
     |        `- warning: public import of 'CmuxMobileRPC' was not used in public declarations or inlinable code
   5 | public import CmuxMobileShellModel
   6 | public import CmuxMobileTransport

/private/tmp/cmux-verify-20260908170330-19681-7317/source-1198ba65bf/Packages/iOS/CmuxMobileShell/Sources/CmuxMobileShell/MobileShellComposite+ConnectionRecovery.swift:6:8: warning: public import of 'CmuxMobileTransport' was not used in public declarations or inlinable code
   4 | public import CmuxMobileRPC
   5 | public import CmuxMobileShellModel
   6 | public import CmuxMobileTransport
     |        `- warning: public import of 'CmuxMobileTransport' was not used in public declarations or inlinable code
   7 | public import Foundation
   8 | internal import OSLog

/private/tmp/cmux-verify-20260908170330-19681-7317/source-1198ba65bf/Packages/iOS/CmuxMobileShell/Sources/CmuxMobileShell/MobileShellComposite+ConnectionRecovery.swift:7:8: warning: public import of 'Foundation' was not used in public declarations or inlinable code
   5 | public import CmuxMobileShellModel
   6 | public import CmuxMobileTransport
   7 | public import Foundation
     |        `- warning: public import of 'Foundation' was not used in public declarations or inlinable code
   8 | internal import OSLog
   9 | 

/private/tmp/cmux-verify-20260908170330-19681-7317/source-1198ba65bf/Packages/iOS/CmuxMobileShell/Sources/CmuxMobileShell/MobileShellComposite+DemoContent.swift:4:8: warning: public import of 'CmuxMobileShellModel' was not used in public declarations or inlinable code
  2 | internal import CmuxMobileDiagnostics
  3 | public import CmuxMobilePairedMac
  4 | public import CmuxMobileShellModel
    |        `- warning: public import of 'CmuxMobileShellModel' was not used in public declarations or inlinable code
  5 | import Foundation
  6 | 
[689/766] Compiling CmuxMobileShell MobileShellComposite+ConnectionMethod.swift
/private/tmp/cmux-verify-20260908170330-19681-7317/source-1198ba65bf/Packages/iOS/CmuxMobileShell/Sources/CmuxMobileShell/MobileShellComposite+ConnectionDiagnostics.swift:1:8: warning: public import of 'CMUXMobileCore' was not used in public declarations or inlinable code
  1 | public import CMUXMobileCore
    |        `- warning: public import of 'CMUXMobileCore' was not used in public declarations or inlinable code
  2 | public import CmuxMobileRPC
  3 | 

/private/tmp/cmux-verify-20260908170330-19681-7317/source-1198ba65bf/Packages/iOS/CmuxMobileShell/Sources/CmuxMobileShell/MobileShellComposite+ConnectionDiagnostics.swift:2:8: warning: public import of 'CmuxMobileRPC' was not used in public declarations or inlinable code
  1 | public import CMUXMobileCore
  2 | public import CmuxMobileRPC
    |        `- warning: public import of 'CmuxMobileRPC' was not used in public declarations or inlinable code
  3 | 
  4 | @MainActor

/private/tmp/cmux-verify-20260908170330-19681-7317/source-1198ba65bf/Packages/iOS/CmuxMobileShell/Sources/CmuxMobileShell/MobileShellComposite+ConnectionRecovery.swift:1:8: warning: public import of 'CMUXMobileCore' was not used in public declarations or inlinable code
   1 | public import CMUXMobileCore
     |        `- warning: public import of 'CMUXMobileCore' was not used in public declarations or inlinable code
   2 | internal import CmuxMobileDiagnostics
   3 | public import CmuxMobilePairedMac

/private/tmp/cmux-verify-20260908170330-19681-7317/source-1198ba65bf/Packages/iOS/CmuxMobileShell/Sources/CmuxMobileShell/MobileShellComposite+ConnectionRecovery.swift:3:8: warning: public import of 'CmuxMobilePairedMac' was not used in public declarations or inlinable code
   1 | public import CMUXMobileCore
   2 | internal import CmuxMobileDiagnostics
   3 | public import CmuxMobilePairedMac
     |        `- warning: public import of 'CmuxMobilePairedMac' was not used in public declarations or inlinable code
   4 | public import CmuxMobileRPC
   5 | public import CmuxMobileShellModel

/private/tmp/cmux-verify-20260908170330-19681-7317/source-1198ba65bf/Packages/iOS/CmuxMobileShell/Sources/CmuxMobileShell/MobileShellComposite+ConnectionRecovery.swift:4:8: warning: public import of 'CmuxMobileRPC' was not used in public declarations or inlinable code
   2 | internal import CmuxMobileDiagnostics
   3 | public import CmuxMobilePairedMac
   4 | public import CmuxMobileRPC
     |        `- warning: public import of 'CmuxMobileRPC' was not used in public declarations or inlinable code
   5 | public import CmuxMobileShellModel
   6 | public import CmuxMobileTransport

/private/tmp/cmux-verify-20260908170330-19681-7317/source-1198ba65bf/Packages/iOS/CmuxMobileShell/Sources/CmuxMobileShell/MobileShellComposite+ConnectionRecovery.swift:6:8: warning: public import of 'CmuxMobileTransport' was not used in public declarations or inlinable code
   4 | public import CmuxMobileRPC
   5 | public import CmuxMobileShellModel
   6 | public import CmuxMobileTransport
     |        `- warning: public import of 'CmuxMobileTransport' was not used in public declarations or inlinable code
   7 | public import Foundation
   8 | internal import OSLog

/private/tmp/cmux-verify-20260908170330-19681-7317/source-1198ba65bf/Packages/iOS/CmuxMobileShell/Sources/CmuxMobileShell/MobileShellComposite+ConnectionRecovery.swift:7:8: warning: public import of 'Foundation' was not used in public declarations or inlinable code
   5 | public import CmuxMobileShellModel
   6 | public import CmuxMobileTransport
   7 | public import Foundation
     |        `- warning: public import of 'Foundation' was not used in public declarations or inlinable code
   8 | internal import OSLog
   9 | 

/private/tmp/cmux-verify-20260908170330-19681-7317/source-1198ba65bf/Packages/iOS/CmuxMobileShell/Sources/CmuxMobileShell/MobileShellComposite+DemoContent.swift:4:8: warning: public import of 'CmuxMobileShellModel' was not used in public declarations or inlinable code
  2 | internal import CmuxMobileDiagnostics
  3 | public import CmuxMobilePairedMac
  4 | public import CmuxMobileShellModel
    |        `- warning: public import of 'CmuxMobileShellModel' was not used in public declarations or inlinable code
  5 | import Foundation
  6 | 
[690/766] Compiling CmuxMobileShell MobileShellComposite+ConnectionRecovery.swift
/private/tmp/cmux-verify-20260908170330-19681-7317/source-1198ba65bf/Packages/iOS/CmuxMobileShell/Sources/CmuxMobileShell/MobileShellComposite+ConnectionDiagnostics.swift:1:8: warning: public import of 'CMUXMobileCore' was not used in public declarations or inlinable code
  1 | public import CMUXMobileCore
    |        `- warning: public import of 'CMUXMobileCore' was not used in public declarations or inlinable code
  2 | public import CmuxMobileRPC
  3 | 

/private/tmp/cmux-verify-20260908170330-19681-7317/source-1198ba65bf/Packages/iOS/CmuxMobileShell/Sources/CmuxMobileShell/MobileShellComposite+ConnectionDiagnostics.swift:2:8: warning: public import of 'CmuxMobileRPC' was not used in public declarations or inlinable code
  1 | public import CMUXMobileCore
  2 | public import CmuxMobileRPC
    |        `- warning: public import of 'CmuxMobileRPC' was not used in public declarations or inlinable code
  3 | 
  4 | @MainActor

/private/tmp/cmux-verify-20260908170330-19681-7317/source-1198ba65bf/Packages/iOS/CmuxMobileShell/Sources/CmuxMobileShell/MobileShellComposite+ConnectionRecovery.swift:1:8: warning: public import of 'CMUXMobileCore' was not used in public declarations or inlinable code
   1 | public import CMUXMobileCore
     |        `- warning: public import of 'CMUXMobileCore' was not used in public declarations or inlinable code
   2 | internal import CmuxMobileDiagnostics
   3 | public import CmuxMobilePairedMac

/private/tmp/cmux-verify-20260908170330-19681-7317/source-1198ba65bf/Packages/iOS/CmuxMobileShell/Sources/CmuxMobileShell/MobileShellComposite+ConnectionRecovery.swift:3:8: warning: public import of 'CmuxMobilePairedMac' was not used in public declarations or inlinable code
   1 | public import CMUXMobileCore
   2 | internal import CmuxMobileDiagnostics
   3 | public import CmuxMobilePairedMac
     |        `- warning: public import of 'CmuxMobilePairedMac' was not used in public declarations or inlinable code
   4 | public import CmuxMobileRPC
   5 | public import CmuxMobileShellModel

/private/tmp/cmux-verify-20260908170330-19681-7317/source-1198ba65bf/Packages/iOS/CmuxMobileShell/Sources/CmuxMobileShell/MobileShellComposite+ConnectionRecovery.swift:4:8: warning: public import of 'CmuxMobileRPC' was not used in public declarations or inlinable code
   2 | internal import CmuxMobileDiagnostics
   3 | public import CmuxMobilePairedMac
   4 | public import CmuxMobileRPC
     |        `- warning: public import of 'CmuxMobileRPC' was not used in public declarations or inlinable code
   5 | public import CmuxMobileShellModel
   6 | public import CmuxMobileTransport

/private/tmp/cmux-verify-20260908170330-19681-7317/source-1198ba65bf/Packages/iOS/CmuxMobileShell/Sources/CmuxMobileShell/MobileShellComposite+ConnectionRecovery.swift:6:8: warning: public import of 'CmuxMobileTransport' was not used in public declarations or inlinable code
   4 | public import CmuxMobileRPC
   5 | public import CmuxMobileShellModel
   6 | public import CmuxMobileTransport
     |        `- warning: public import of 'CmuxMobileTransport' was not used in public declarations or inlinable code
   7 | public import Foundation
   8 | internal import OSLog

/private/tmp/cmux-verify-20260908170330-19681-7317/source-1198ba65bf/Packages/iOS/CmuxMobileShell/Sources/CmuxMobileShell/MobileShellComposite+ConnectionRecovery.swift:7:8: warning: public import of 'Foundation' was not used in public declarations or inlinable code
   5 | public import CmuxMobileShellModel
   6 | public import CmuxMobileTransport
   7 | public import Foundation
     |        `- warning: public import of 'Foundation' was not used in public declarations or inlinable code
   8 | internal import OSLog
   9 | 

/private/tmp/cmux-verify-20260908170330-19681-7317/source-1198ba65bf/Packages/iOS/CmuxMobileShell/Sources/CmuxMobileShell/MobileShellComposite+DemoContent.swift:4:8: warning: public import of 'CmuxMobileShellModel' was not used in public declarations or inlinable code
  2 | internal import CmuxMobileDiagnostics
  3 | public import CmuxMobilePairedMac
  4 | public import CmuxMobileShellModel
    |        `- warning: public import of 'CmuxMobileShellModel' was not used in public declarations or inlinable code
  5 | import Foundation
  6 | 
[691/766] Compiling CmuxMobileShell MobileShellComposite+DeeplinkNavigation.swift
/private/tmp/cmux-verify-20260908170330-19681-7317/source-1198ba65bf/Packages/iOS/CmuxMobileShell/Sources/CmuxMobileShell/MobileShellComposite+ConnectionDiagnostics.swift:1:8: warning: public import of 'CMUXMobileCore' was not used in public declarations or inlinable code
  1 | public import CMUXMobileCore
    |        `- warning: public import of 'CMUXMobileCore' was not used in public declarations or inlinable code
  2 | public import CmuxMobileRPC
  3 | 

/private/tmp/cmux-verify-20260908170330-19681-7317/source-1198ba65bf/Packages/iOS/CmuxMobileShell/Sources/CmuxMobileShell/MobileShellComposite+ConnectionDiagnostics.swift:2:8: warning: public import of 'CmuxMobileRPC' was not used in public declarations or inlinable code
  1 | public import CMUXMobileCore
  2 | public import CmuxMobileRPC
    |        `- warning: public import of 'CmuxMobileRPC' was not used in public declarations or inlinable code
  3 | 
  4 | @MainActor

/private/tmp/cmux-verify-20260908170330-19681-7317/source-1198ba65bf/Packages/iOS/CmuxMobileShell/Sources/CmuxMobileShell/MobileShellComposite+ConnectionRecovery.swift:1:8: warning: public import of 'CMUXMobileCore' was not used in public declarations or inlinable code
   1 | public import CMUXMobileCore
     |        `- warning: public import of 'CMUXMobileCore' was not used in public declarations or inlinable code
   2 | internal import CmuxMobileDiagnostics
   3 | public import CmuxMobilePairedMac

/private/tmp/cmux-verify-20260908170330-19681-7317/source-1198ba65bf/Packages/iOS/CmuxMobileShell/Sources/CmuxMobileShell/MobileShellComposite+ConnectionRecovery.swift:3:8: warning: public import of 'CmuxMobilePairedMac' was not used in public declarations or inlinable code
   1 | public import CMUXMobileCore
   2 | internal import CmuxMobileDiagnostics
   3 | public import CmuxMobilePairedMac
     |        `- warning: public import of 'CmuxMobilePairedMac' was not used in public declarations or inlinable code
   4 | public import CmuxMobileRPC
   5 | public import CmuxMobileShellModel

/private/tmp/cmux-verify-20260908170330-19681-7317/source-1198ba65bf/Packages/iOS/CmuxMobileShell/Sources/CmuxMobileShell/MobileShellComposite+ConnectionRecovery.swift:4:8: warning: public import of 'CmuxMobileRPC' was not used in public declarations or inlinable code
   2 | internal import CmuxMobileDiagnostics
   3 | public import CmuxMobilePairedMac
   4 | public import CmuxMobileRPC
     |        `- warning: public import of 'CmuxMobileRPC' was not used in public declarations or inlinable code
   5 | public import CmuxMobileShellModel
   6 | public import CmuxMobileTransport

/private/tmp/cmux-verify-20260908170330-19681-7317/source-1198ba65bf/Packages/iOS/CmuxMobileShell/Sources/CmuxMobileShell/MobileShellComposite+ConnectionRecovery.swift:6:8: warning: public import of 'CmuxMobileTransport' was not used in public declarations or inlinable code
   4 | public import CmuxMobileRPC
   5 | public import CmuxMobileShellModel
   6 | public import CmuxMobileTransport
     |        `- warning: public import of 'CmuxMobileTransport' was not used in public declarations or inlinable code
   7 | public import Foundation
   8 | internal import OSLog

/private/tmp/cmux-verify-20260908170330-19681-7317/source-1198ba65bf/Packages/iOS/CmuxMobileShell/Sources/CmuxMobileShell/MobileShellComposite+ConnectionRecovery.swift:7:8: warning: public import of 'Foundation' was not used in public declarations or inlinable code
   5 | public import CmuxMobileShellModel
   6 | public import CmuxMobileTransport
   7 | public import Foundation
     |        `- warning: public import of 'Foundation' was not used in public declarations or inlinable code
   8 | internal import OSLog
   9 | 

/private/tmp/cmux-verify-20260908170330-19681-7317/source-1198ba65bf/Packages/iOS/CmuxMobileShell/Sources/CmuxMobileShell/MobileShellComposite+DemoContent.swift:4:8: warning: public import of 'CmuxMobileShellModel' was not used in public declarations or inlinable code
  2 | internal import CmuxMobileDiagnostics
  3 | public import CmuxMobilePairedMac
  4 | public import CmuxMobileShellModel
    |        `- warning: public import of 'CmuxMobileShellModel' was not used in public declarations or inlinable code
  5 | import Foundation
  6 | 
[692/766] Compiling CmuxMobileShell MobileShellComposite+DemoContent.swift
/private/tmp/cmux-verify-20260908170330-19681-7317/source-1198ba65bf/Packages/iOS/CmuxMobileShell/Sources/CmuxMobileShell/MobileShellComposite+ConnectionDiagnostics.swift:1:8: warning: public import of 'CMUXMobileCore' was not used in public declarations or inlinable code
  1 | public import CMUXMobileCore
    |        `- warning: public import of 'CMUXMobileCore' was not used in public declarations or inlinable code
  2 | public import CmuxMobileRPC
  3 | 

/private/tmp/cmux-verify-20260908170330-19681-7317/source-1198ba65bf/Packages/iOS/CmuxMobileShell/Sources/CmuxMobileShell/MobileShellComposite+ConnectionDiagnostics.swift:2:8: warning: public import of 'CmuxMobileRPC' was not used in public declarations or inlinable code
  1 | public import CMUXMobileCore
  2 | public import CmuxMobileRPC
    |        `- warning: public import of 'CmuxMobileRPC' was not used in public declarations or inlinable code
  3 | 
  4 | @MainActor

/private/tmp/cmux-verify-20260908170330-19681-7317/source-1198ba65bf/Packages/iOS/CmuxMobileShell/Sources/CmuxMobileShell/MobileShellComposite+ConnectionRecovery.swift:1:8: warning: public import of 'CMUXMobileCore' was not used in public declarations or inlinable code
   1 | public import CMUXMobileCore
     |        `- warning: public import of 'CMUXMobileCore' was not used in public declarations or inlinable code
   2 | internal import CmuxMobileDiagnostics
   3 | public import CmuxMobilePairedMac

/private/tmp/cmux-verify-20260908170330-19681-7317/source-1198ba65bf/Packages/iOS/CmuxMobileShell/Sources/CmuxMobileShell/MobileShellComposite+ConnectionRecovery.swift:3:8: warning: public import of 'CmuxMobilePairedMac' was not used in public declarations or inlinable code
   1 | public import CMUXMobileCore
   2 | internal import CmuxMobileDiagnostics
   3 | public import CmuxMobilePairedMac
     |        `- warning: public import of 'CmuxMobilePairedMac' was not used in public declarations or inlinable code
   4 | public import CmuxMobileRPC
   5 | public import CmuxMobileShellModel

/private/tmp/cmux-verify-20260908170330-19681-7317/source-1198ba65bf/Packages/iOS/CmuxMobileShell/Sources/CmuxMobileShell/MobileShellComposite+ConnectionRecovery.swift:4:8: warning: public import of 'CmuxMobileRPC' was not used in public declarations or inlinable code
   2 | internal import CmuxMobileDiagnostics
   3 | public import CmuxMobilePairedMac
   4 | public import CmuxMobileRPC
     |        `- warning: public import of 'CmuxMobileRPC' was not used in public declarations or inlinable code
   5 | public import CmuxMobileShellModel
   6 | public import CmuxMobileTransport

/private/tmp/cmux-verify-20260908170330-19681-7317/source-1198ba65bf/Packages/iOS/CmuxMobileShell/Sources/CmuxMobileShell/MobileShellComposite+ConnectionRecovery.swift:6:8: warning: public import of 'CmuxMobileTransport' was not used in public declarations or inlinable code
   4 | public import CmuxMobileRPC
   5 | public import CmuxMobileShellModel
   6 | public import CmuxMobileTransport
     |        `- warning: public import of 'CmuxMobileTransport' was not used in public declarations or inlinable code
   7 | public import Foundation
   8 | internal import OSLog

/private/tmp/cmux-verify-20260908170330-19681-7317/source-1198ba65bf/Packages/iOS/CmuxMobileShell/Sources/CmuxMobileShell/MobileShellComposite+ConnectionRecovery.swift:7:8: warning: public import of 'Foundation' was not used in public declarations or inlinable code
   5 | public import CmuxMobileShellModel
   6 | public import CmuxMobileTransport
   7 | public import Foundation
     |        `- warning: public import of 'Foundation' was not used in public declarations or inlinable code
   8 | internal import OSLog
   9 | 

/private/tmp/cmux-verify-20260908170330-19681-7317/source-1198ba65bf/Packages/iOS/CmuxMobileShell/Sources/CmuxMobileShell/MobileShellComposite+DemoContent.swift:4:8: warning: public import of 'CmuxMobileShellModel' was not used in public declarations or inlinable code
  2 | internal import CmuxMobileDiagnostics
  3 | public import CmuxMobilePairedMac
  4 | public import CmuxMobileShellModel
    |        `- warning: public import of 'CmuxMobileShellModel' was not used in public declarations or inlinable code
  5 | import Foundation
  6 | 
[693/790] Compiling CmuxMobileShell MobileWorkspaceChangesChip.swift
/private/tmp/cmux-verify-20260908170330-19681-7317/source-1198ba65bf/Packages/iOS/CmuxMobileShell/Sources/CmuxMobileShell/MobileWorkspaceMutationFailure.swift:2:8: warning: public import of 'Foundation' was not used in public declarations or inlinable code
 1 | public import CMUXMobileCore
 2 | public import Foundation
   |        `- warning: public import of 'Foundation' was not used in public declarations or inlinable code
 3 | 
 4 | /// Failure reasons surfaced back to the mobile workspace-list UI for Mac-backed
[694/790] Compiling CmuxMobileShell MobileWorkspaceChangesHint.swift
/private/tmp/cmux-verify-20260908170330-19681-7317/source-1198ba65bf/Packages/iOS/CmuxMobileShell/Sources/CmuxMobileShell/MobileWorkspaceMutationFailure.swift:2:8: warning: public import of 'Foundation' was not used in public declarations or inlinable code
 1 | public import CMUXMobileCore
 2 | public import Foundation
   |        `- warning: public import of 'Foundation' was not used in public declarations or inlinable code
 3 | 
 4 | /// Failure reasons surfaced back to the mobile workspace-list UI for Mac-backed
[695/790] Compiling CmuxMobileShell MobileWorkspaceChangesHintDismissalStore.swift
/private/tmp/cmux-verify-20260908170330-19681-7317/source-1198ba65bf/Packages/iOS/CmuxMobileShell/Sources/CmuxMobileShell/MobileWorkspaceMutationFailure.swift:2:8: warning: public import of 'Foundation' was not used in public declarations or inlinable code
 1 | public import CMUXMobileCore
 2 | public import Foundation
   |        `- warning: public import of 'Foundation' was not used in public declarations or inlinable code
 3 | 
 4 | /// Failure reasons surfaced back to the mobile workspace-list UI for Mac-backed
[696/790] Compiling CmuxMobileShell MobileWorkspaceCreateSpec.swift
/private/tmp/cmux-verify-20260908170330-19681-7317/source-1198ba65bf/Packages/iOS/CmuxMobileShell/Sources/CmuxMobileShell/MobileWorkspaceMutationFailure.swift:2:8: warning: public import of 'Foundation' was not used in public declarations or inlinable code
 1 | public import CMUXMobileCore
 2 | public import Foundation
   |        `- warning: public import of 'Foundation' was not used in public declarations or inlinable code
 3 | 
 4 | /// Failure reasons surfaced back to the mobile workspace-list UI for Mac-backed
[697/790] Compiling CmuxMobileShell MobileWorkspaceMutationFailure.swift
/private/tmp/cmux-verify-20260908170330-19681-7317/source-1198ba65bf/Packages/iOS/CmuxMobileShell/Sources/CmuxMobileShell/MobileWorkspaceMutationFailure.swift:2:8: warning: public import of 'Foundation' was not used in public declarations or inlinable code
 1 | public import CMUXMobileCore
 2 | public import Foundation
   |        `- warning: public import of 'Foundation' was not used in public declarations or inlinable code
 3 | 
 4 | /// Failure reasons surfaced back to the mobile workspace-list UI for Mac-backed
[698/790] Compiling CmuxMobileShell MultiMacAggregationFlag.swift
/private/tmp/cmux-verify-20260908170330-19681-7317/source-1198ba65bf/Packages/iOS/CmuxMobileShell/Sources/CmuxMobileShell/MobileWorkspaceMutationFailure.swift:2:8: warning: public import of 'Foundation' was not used in public declarations or inlinable code
 1 | public import CMUXMobileCore
 2 | public import Foundation
   |        `- warning: public import of 'Foundation' was not used in public declarations or inlinable code
 3 | 
 4 | /// Failure reasons surfaced back to the mobile workspace-list UI for Mac-backed
[699/790] Compiling CmuxMobileShell NoopDeliveredNotificationClearer.swift
/private/tmp/cmux-verify-20260908170330-19681-7317/source-1198ba65bf/Packages/iOS/CmuxMobileShell/Sources/CmuxMobileShell/MobileWorkspaceMutationFailure.swift:2:8: warning: public import of 'Foundation' was not used in public declarations or inlinable code
 1 | public import CMUXMobileCore
 2 | public import Foundation
   |        `- warning: public import of 'Foundation' was not used in public declarations or inlinable code
 3 | 
 4 | /// Failure reasons surfaced back to the mobile workspace-list UI for Mac-backed
[700/790] Compiling CmuxMobileShell NotificationFeedClientTarget.swift
/private/tmp/cmux-verify-20260908170330-19681-7317/source-1198ba65bf/Packages/iOS/CmuxMobileShell/Sources/CmuxMobileShell/MobileWorkspaceMutationFailure.swift:2:8: warning: public import of 'Foundation' was not used in public declarations or inlinable code
 1 | public import CMUXMobileCore
 2 | public import Foundation
   |        `- warning: public import of 'Foundation' was not used in public declarations or inlinable code
 3 | 
 4 | /// Failure reasons surfaced back to the mobile workspace-list UI for Mac-backed
[701/790] Compiling CmuxMobileShell NotificationFeedFetchOutcome.swift
/private/tmp/cmux-verify-20260908170330-19681-7317/source-1198ba65bf/Packages/iOS/CmuxMobileShell/Sources/CmuxMobileShell/MobileWorkspaceMutationFailure.swift:2:8: warning: public import of 'Foundation' was not used in public declarations or inlinable code
 1 | public import CMUXMobileCore
 2 | public import Foundation
   |        `- warning: public import of 'Foundation' was not used in public declarations or inlinable code
 3 | 
 4 | /// Failure reasons surfaced back to the mobile workspace-list UI for Mac-backed
[702/790] Compiling CmuxMobileShell NotificationFeedMacSnapshot.swift
/private/tmp/cmux-verify-20260908170330-19681-7317/source-1198ba65bf/Packages/iOS/CmuxMobileShell/Sources/CmuxMobileShell/MobileWorkspaceMutationFailure.swift:2:8: warning: public import of 'Foundation' was not used in public declarations or inlinable code
 1 | public import CMUXMobileCore
 2 | public import Foundation
   |        `- warning: public import of 'Foundation' was not used in public declarations or inlinable code
 3 | 
 4 | /// Failure reasons surfaced back to the mobile workspace-list UI for Mac-backed
[703/790] Compiling CmuxMobileShell NotificationFeedWorkspaceLookupKey.swift
/private/tmp/cmux-verify-20260908170330-19681-7317/source-1198ba65bf/Packages/iOS/CmuxMobileShell/Sources/CmuxMobileShell/MobileWorkspaceMutationFailure.swift:2:8: warning: public import of 'Foundation' was not used in public declarations or inlinable code
 1 | public import CMUXMobileCore
 2 | public import Foundation
   |        `- warning: public import of 'Foundation' was not used in public declarations or inlinable code
 3 | 
 4 | /// Failure reasons surfaced back to the mobile workspace-list UI for Mac-backed
[704/790] Compiling CmuxMobileShell NotificationFeedWorkspaceTarget.swift
/private/tmp/cmux-verify-20260908170330-19681-7317/source-1198ba65bf/Packages/iOS/CmuxMobileShell/Sources/CmuxMobileShell/MobileWorkspaceMutationFailure.swift:2:8: warning: public import of 'Foundation' was not used in public declarations or inlinable code
 1 | public import CMUXMobileCore
 2 | public import Foundation
   |        `- warning: public import of 'Foundation' was not used in public declarations or inlinable code
 3 | 
 4 | /// Failure reasons surfaced back to the mobile workspace-list UI for Mac-backed
[705/790] Compiling CmuxMobileShell NotificationFeedWorkspaceTargetIndex.swift
/private/tmp/cmux-verify-20260908170330-19681-7317/source-1198ba65bf/Packages/iOS/CmuxMobileShell/Sources/CmuxMobileShell/MobileWorkspaceMutationFailure.swift:2:8: warning: public import of 'Foundation' was not used in public declarations or inlinable code
 1 | public import CMUXMobileCore
 2 | public import Foundation
   |        `- warning: public import of 'Foundation' was not used in public declarations or inlinable code
 3 | 
 4 | /// Failure reasons surfaced back to the mobile workspace-list UI for Mac-backed
[706/790] Compiling CmuxMobileShell PairedMacAliasUnionFind.swift
/private/tmp/cmux-verify-20260908170330-19681-7317/source-1198ba65bf/Packages/iOS/CmuxMobileShell/Sources/CmuxMobileShell/MobileWorkspaceMutationFailure.swift:2:8: warning: public import of 'Foundation' was not used in public declarations or inlinable code
 1 | public import CMUXMobileCore
 2 | public import Foundation
   |        `- warning: public import of 'Foundation' was not used in public declarations or inlinable code
 3 | 
 4 | /// Failure reasons surfaced back to the mobile workspace-list UI for Mac-backed
[707/790] Compiling CmuxMobileShell PairedMacBackingUp.swift
/private/tmp/cmux-verify-20260908170330-19681-7317/source-1198ba65bf/Packages/iOS/CmuxMobileShell/Sources/CmuxMobileShell/MobileWorkspaceMutationFailure.swift:2:8: warning: public import of 'Foundation' was not used in public declarations or inlinable code
 1 | public import CMUXMobileCore
 2 | public import Foundation
   |        `- warning: public import of 'Foundation' was not used in public declarations or inlinable code
 3 | 
 4 | /// Failure reasons surfaced back to the mobile workspace-list UI for Mac-backed
[708/790] Compiling CmuxMobileShell PairedMacBackupClient.swift
/private/tmp/cmux-verify-20260908170330-19681-7317/source-1198ba65bf/Packages/iOS/CmuxMobileShell/Sources/CmuxMobileShell/MobileWorkspaceMutationFailure.swift:2:8: warning: public import of 'Foundation' was not used in public declarations or inlinable code
 1 | public import CMUXMobileCore
 2 | public import Foundation
   |        `- warning: public import of 'Foundation' was not used in public declarations or inlinable code
 3 | 
 4 | /// Failure reasons surfaced back to the mobile workspace-list UI for Mac-backed
[709/790] Compiling CmuxMobileShell PairedMacBackupClientScopeSelection.swift
/private/tmp/cmux-verify-20260908170330-19681-7317/source-1198ba65bf/Packages/iOS/CmuxMobileShell/Sources/CmuxMobileShell/MobileWorkspaceMutationFailure.swift:2:8: warning: public import of 'Foundation' was not used in public declarations or inlinable code
 1 | public import CMUXMobileCore
 2 | public import Foundation
   |        `- warning: public import of 'Foundation' was not used in public declarations or inlinable code
 3 | 
 4 | /// Failure reasons surfaced back to the mobile workspace-list UI for Mac-backed
[710/790] Compiling CmuxMobileShell PairedMacBackupFailableRecord.swift
/private/tmp/cmux-verify-20260908170330-19681-7317/source-1198ba65bf/Packages/iOS/CmuxMobileShell/Sources/CmuxMobileShell/MobileWorkspaceMutationFailure.swift:2:8: warning: public import of 'Foundation' was not used in public declarations or inlinable code
 1 | public import CMUXMobileCore
 2 | public import Foundation
   |        `- warning: public import of 'Foundation' was not used in public declarations or inlinable code
 3 | 
 4 | /// Failure reasons surfaced back to the mobile workspace-list UI for Mac-backed
[711/790] Compiling CmuxMobileShell PairedMacBackupFailableRoute.swift
/private/tmp/cmux-verify-20260908170330-19681-7317/source-1198ba65bf/Packages/iOS/CmuxMobileShell/Sources/CmuxMobileShell/MobileWorkspaceMutationFailure.swift:2:8: warning: public import of 'Foundation' was not used in public declarations or inlinable code
 1 | public import CMUXMobileCore
 2 | public import Foundation
   |        `- warning: public import of 'Foundation' was not used in public declarations or inlinable code
 3 | 
 4 | /// Failure reasons surfaced back to the mobile workspace-list UI for Mac-backed
[712/790] Compiling CmuxMobileShell PairedMacBackupListResponse.swift
/private/tmp/cmux-verify-20260908170330-19681-7317/source-1198ba65bf/Packages/iOS/CmuxMobileShell/Sources/CmuxMobileShell/MobileWorkspaceMutationFailure.swift:2:8: warning: public import of 'Foundation' was not used in public declarations or inlinable code
 1 | public import CMUXMobileCore
 2 | public import Foundation
   |        `- warning: public import of 'Foundation' was not used in public declarations or inlinable code
 3 | 
 4 | /// Failure reasons surfaced back to the mobile workspace-list UI for Mac-backed
[713/790] Compiling CmuxMobileShell PairedMacBackupMigrationPlan.swift
/private/tmp/cmux-verify-20260908170330-19681-7317/source-1198ba65bf/Packages/iOS/CmuxMobileShell/Sources/CmuxMobileShell/MobileWorkspaceMutationFailure.swift:2:8: warning: public import of 'Foundation' was not used in public declarations or inlinable code
 1 | public import CMUXMobileCore
 2 | public import Foundation
   |        `- warning: public import of 'Foundation' was not used in public declarations or inlinable code
 3 | 
 4 | /// Failure reasons surfaced back to the mobile workspace-list UI for Mac-backed
[714/790] Compiling CmuxMobileShell PairedMacBackupMigrationScope.swift
/private/tmp/cmux-verify-20260908170330-19681-7317/source-1198ba65bf/Packages/iOS/CmuxMobileShell/Sources/CmuxMobileShell/MobileWorkspaceMutationFailure.swift:2:8: warning: public import of 'Foundation' was not used in public declarations or inlinable code
 1 | public import CMUXMobileCore
 2 | public import Foundation
   |        `- warning: public import of 'Foundation' was not used in public declarations or inlinable code
 3 | 
 4 | /// Failure reasons surfaced back to the mobile workspace-list UI for Mac-backed
[715/790] Compiling CmuxMobileShell PairedMacBackupOp.swift
/private/tmp/cmux-verify-20260908170330-19681-7317/source-1198ba65bf/Packages/iOS/CmuxMobileShell/Sources/CmuxMobileShell/MobileWorkspaceMutationFailure.swift:2:8: warning: public import of 'Foundation' was not used in public declarations or inlinable code
 1 | public import CMUXMobileCore
 2 | public import Foundation
   |        `- warning: public import of 'Foundation' was not used in public declarations or inlinable code
 3 | 
 4 | /// Failure reasons surfaced back to the mobile workspace-list UI for Mac-backed
[716/790] Compiling CmuxMobileShell PairedMacBackupOpWire.swift
/private/tmp/cmux-verify-20260908170330-19681-7317/source-1198ba65bf/Packages/iOS/CmuxMobileShell/Sources/CmuxMobileShell/MobileWorkspaceMutationFailure.swift:2:8: warning: public import of 'Foundation' was not used in public declarations or inlinable code
 1 | public import CMUXMobileCore
 2 | public import Foundation
   |        `- warning: public import of 'Foundation' was not used in public declarations or inlinable code
 3 | 
 4 | /// Failure reasons surfaced back to the mobile workspace-list UI for Mac-backed
[717/813] Compiling CmuxMobileShell MobileShellComposite+SimulatorDiagnostics.swift
/private/tmp/cmux-verify-20260908170330-19681-7317/source-1198ba65bf/Packages/iOS/CmuxMobileShell/Sources/CmuxMobileShell/MobileShellComposite+TaskDirectoryList.swift:1:8: warning: public import of 'CMUXMobileCore' was not used in public declarations or inlinable code
  1 | public import CMUXMobileCore
    |        `- warning: public import of 'CMUXMobileCore' was not used in public declarations or inlinable code
  2 | public import CmuxMobileRPC
  3 | internal import Foundation

/private/tmp/cmux-verify-20260908170330-19681-7317/source-1198ba65bf/Packages/iOS/CmuxMobileShell/Sources/CmuxMobileShell/MobileShellComposite+TerminalReplayLifecycle.swift:3:8: warning: public import of 'Foundation' was not used in public declarations or inlinable code
  1 | internal import CmuxMobileDiagnostics
  2 | internal import CmuxMobileRPC
  3 | public import Foundation
    |        `- warning: public import of 'Foundation' was not used in public declarations or inlinable code
  4 | 
  5 | /// Terminal replay barrier and replay-request lifecycle for

/private/tmp/cmux-verify-20260908170330-19681-7317/source-1198ba65bf/Packages/iOS/CmuxMobileShell/Sources/CmuxMobileShell/MobileShellComposite+WorkspaceChangesContent.swift:1:8: warning: public import of 'CMUXMobileCore' was not used in public declarations or inlinable code
  1 | public import CMUXMobileCore
    |        `- warning: public import of 'CMUXMobileCore' was not used in public declarations or inlinable code
  2 | public import CmuxAgentChat
  3 | public import CmuxMobileChanges
[718/813] Compiling CmuxMobileShell MobileShellComposite+SimulatorStream.swift
/private/tmp/cmux-verify-20260908170330-19681-7317/source-1198ba65bf/Packages/iOS/CmuxMobileShell/Sources/CmuxMobileShell/MobileShellComposite+TaskDirectoryList.swift:1:8: warning: public import of 'CMUXMobileCore' was not used in public declarations or inlinable code
  1 | public import CMUXMobileCore
    |        `- warning: public import of 'CMUXMobileCore' was not used in public declarations or inlinable code
  2 | public import CmuxMobileRPC
  3 | internal import Foundation

/private/tmp/cmux-verify-20260908170330-19681-7317/source-1198ba65bf/Packages/iOS/CmuxMobileShell/Sources/CmuxMobileShell/MobileShellComposite+TerminalReplayLifecycle.swift:3:8: warning: public import of 'Foundation' was not used in public declarations or inlinable code
  1 | internal import CmuxMobileDiagnostics
  2 | internal import CmuxMobileRPC
  3 | public import Foundation
    |        `- warning: public import of 'Foundation' was not used in public declarations or inlinable code
  4 | 
  5 | /// Terminal replay barrier and replay-request lifecycle for

/private/tmp/cmux-verify-20260908170330-19681-7317/source-1198ba65bf/Packages/iOS/CmuxMobileShell/Sources/CmuxMobileShell/MobileShellComposite+WorkspaceChangesContent.swift:1:8: warning: public import of 'CMUXMobileCore' was not used in public declarations or inlinable code
  1 | public import CMUXMobileCore
    |        `- warning: public import of 'CMUXMobileCore' was not used in public declarations or inlinable code
  2 | public import CmuxAgentChat
  3 | public import CmuxMobileChanges
[719/813] Compiling CmuxMobileShell MobileShellComposite+SimulatorStreamV2.swift
/private/tmp/cmux-verify-20260908170330-19681-7317/source-1198ba65bf/Packages/iOS/CmuxMobileShell/Sources/CmuxMobileShell/MobileShellComposite+TaskDirectoryList.swift:1:8: warning: public import of 'CMUXMobileCore' was not used in public declarations or inlinable code
  1 | public import CMUXMobileCore
    |        `- warning: public import of 'CMUXMobileCore' was not used in public declarations or inlinable code
  2 | public import CmuxMobileRPC
  3 | internal import Foundation

/private/tmp/cmux-verify-20260908170330-19681-7317/source-1198ba65bf/Packages/iOS/CmuxMobileShell/Sources/CmuxMobileShell/MobileShellComposite+TerminalReplayLifecycle.swift:3:8: warning: public import of 'Foundation' was not used in public declarations or inlinable code
  1 | internal import CmuxMobileDiagnostics
  2 | internal import CmuxMobileRPC
  3 | public import Foundation
    |        `- warning: public import of 'Foundation' was not used in public declarations or inlinable code
  4 | 
  5 | /// Terminal replay barrier and replay-request lifecycle for

/private/tmp/cmux-verify-20260908170330-19681-7317/source-1198ba65bf/Packages/iOS/CmuxMobileShell/Sources/CmuxMobileShell/MobileShellComposite+WorkspaceChangesContent.swift:1:8: warning: public import of 'CMUXMobileCore' was not used in public declarations or inlinable code
  1 | public import CMUXMobileCore
    |        `- warning: public import of 'CMUXMobileCore' was not used in public declarations or inlinable code
  2 | public import CmuxAgentChat
  3 | public import CmuxMobileChanges
[720/813] Compiling CmuxMobileShell MobileShellComposite+StateSync.swift
/private/tmp/cmux-verify-20260908170330-19681-7317/source-1198ba65bf/Packages/iOS/CmuxMobileShell/Sources/CmuxMobileShell/MobileShellComposite+TaskDirectoryList.swift:1:8: warning: public import of 'CMUXMobileCore' was not used in public declarations or inlinable code
  1 | public import CMUXMobileCore
    |        `- warning: public import of 'CMUXMobileCore' was not used in public declarations or inlinable code
  2 | public import CmuxMobileRPC
  3 | internal import Foundation

/private/tmp/cmux-verify-20260908170330-19681-7317/source-1198ba65bf/Packages/iOS/CmuxMobileShell/Sources/CmuxMobileShell/MobileShellComposite+TerminalReplayLifecycle.swift:3:8: warning: public import of 'Foundation' was not used in public declarations or inlinable code
  1 | internal import CmuxMobileDiagnostics
  2 | internal import CmuxMobileRPC
  3 | public import Foundation
    |        `- warning: public import of 'Foundation' was not used in public declarations or inlinable code
  4 | 
  5 | /// Terminal replay barrier and replay-request lifecycle for

/private/tmp/cmux-verify-20260908170330-19681-7317/source-1198ba65bf/Packages/iOS/CmuxMobileShell/Sources/CmuxMobileShell/MobileShellComposite+WorkspaceChangesContent.swift:1:8: warning: public import of 'CMUXMobileCore' was not used in public declarations or inlinable code
  1 | public import CMUXMobileCore
    |        `- warning: public import of 'CMUXMobileCore' was not used in public declarations or inlinable code
  2 | public import CmuxAgentChat
  3 | public import CmuxMobileChanges
[721/813] Compiling CmuxMobileShell MobileShellComposite+SurfaceFocus.swift
/private/tmp/cmux-verify-20260908170330-19681-7317/source-1198ba65bf/Packages/iOS/CmuxMobileShell/Sources/CmuxMobileShell/MobileShellComposite+TaskDirectoryList.swift:1:8: warning: public import of 'CMUXMobileCore' was not used in public declarations or inlinable code
  1 | public import CMUXMobileCore
    |        `- warning: public import of 'CMUXMobileCore' was not used in public declarations or inlinable code
  2 | public import CmuxMobileRPC
  3 | internal import Foundation

/private/tmp/cmux-verify-20260908170330-19681-7317/source-1198ba65bf/Packages/iOS/CmuxMobileShell/Sources/CmuxMobileShell/MobileShellComposite+TerminalReplayLifecycle.swift:3:8: warning: public import of 'Foundation' was not used in public declarations or inlinable code
  1 | internal import CmuxMobileDiagnostics
  2 | internal import CmuxMobileRPC
  3 | public import Foundation
    |        `- warning: public import of 'Foundation' was not used in public declarations or inlinable code
  4 | 
  5 | /// Terminal replay barrier and replay-request lifecycle for

/private/tmp/cmux-verify-20260908170330-19681-7317/source-1198ba65bf/Packages/iOS/CmuxMobileShell/Sources/CmuxMobileShell/MobileShellComposite+WorkspaceChangesContent.swift:1:8: warning: public import of 'CMUXMobileCore' was not used in public declarations or inlinable code
  1 | public import CMUXMobileCore
    |        `- warning: public import of 'CMUXMobileCore' was not used in public declarations or inlinable code
  2 | public import CmuxAgentChat
  3 | public import CmuxMobileChanges
[722/813] Compiling CmuxMobileShell MobileShellComposite+TaskAttachments.swift
/private/tmp/cmux-verify-20260908170330-19681-7317/source-1198ba65bf/Packages/iOS/CmuxMobileShell/Sources/CmuxMobileShell/MobileShellComposite+TaskDirectoryList.swift:1:8: warning: public import of 'CMUXMobileCore' was not used in public declarations or inlinable code
  1 | public import CMUXMobileCore
    |        `- warning: public import of 'CMUXMobileCore' was not used in public declarations or inlinable code
  2 | public import CmuxMobileRPC
  3 | internal import Foundation

/private/tmp/cmux-verify-20260908170330-19681-7317/source-1198ba65bf/Packages/iOS/CmuxMobileShell/Sources/CmuxMobileShell/MobileShellComposite+TerminalReplayLifecycle.swift:3:8: warning: public import of 'Foundation' was not used in public declarations or inlinable code
  1 | internal import CmuxMobileDiagnostics
  2 | internal import CmuxMobileRPC
  3 | public import Foundation
    |        `- warning: public import of 'Foundation' was not used in public declarations or inlinable code
  4 | 
  5 | /// Terminal replay barrier and replay-request lifecycle for

/private/tmp/cmux-verify-20260908170330-19681-7317/source-1198ba65bf/Packages/iOS/CmuxMobileShell/Sources/CmuxMobileShell/MobileShellComposite+WorkspaceChangesContent.swift:1:8: warning: public import of 'CMUXMobileCore' was not used in public declarations or inlinable code
  1 | public import CMUXMobileCore
    |        `- warning: public import of 'CMUXMobileCore' was not used in public declarations or inlinable code
  2 | public import CmuxAgentChat
  3 | public import CmuxMobileChanges
[723/813] Compiling CmuxMobileShell MobileShellComposite+TaskComposer.swift
/private/tmp/cmux-verify-20260908170330-19681-7317/source-1198ba65bf/Packages/iOS/CmuxMobileShell/Sources/CmuxMobileShell/MobileShellComposite+TaskDirectoryList.swift:1:8: warning: public import of 'CMUXMobileCore' was not used in public declarations or inlinable code
  1 | public import CMUXMobileCore
    |        `- warning: public import of 'CMUXMobileCore' was not used in public declarations or inlinable code
  2 | public import CmuxMobileRPC
  3 | internal import Foundation

/private/tmp/cmux-verify-20260908170330-19681-7317/source-1198ba65bf/Packages/iOS/CmuxMobileShell/Sources/CmuxMobileShell/MobileShellComposite+TerminalReplayLifecycle.swift:3:8: warning: public import of 'Foundation' was not used in public declarations or inlinable code
  1 | internal import CmuxMobileDiagnostics
  2 | internal import CmuxMobileRPC
  3 | public import Foundation
    |        `- warning: public import of 'Foundation' was not used in public declarations or inlinable code
  4 | 
  5 | /// Terminal replay barrier and replay-request lifecycle for

/private/tmp/cmux-verify-20260908170330-19681-7317/source-1198ba65bf/Packages/iOS/CmuxMobileShell/Sources/CmuxMobileShell/MobileShellComposite+WorkspaceChangesContent.swift:1:8: warning: public import of 'CMUXMobileCore' was not used in public declarations or inlinable code
  1 | public import CMUXMobileCore
    |        `- warning: public import of 'CMUXMobileCore' was not used in public declarations or inlinable code
  2 | public import CmuxAgentChat
  3 | public import CmuxMobileChanges
[724/813] Compiling CmuxMobileShell MobileShellComposite+TaskDirectoryList.swift
/private/tmp/cmux-verify-20260908170330-19681-7317/source-1198ba65bf/Packages/iOS/CmuxMobileShell/Sources/CmuxMobileShell/MobileShellComposite+TaskDirectoryList.swift:1:8: warning: public import of 'CMUXMobileCore' was not used in public declarations or inlinable code
  1 | public import CMUXMobileCore
    |        `- warning: public import of 'CMUXMobileCore' was not used in public declarations or inlinable code
  2 | public import CmuxMobileRPC
  3 | internal import Foundation

/private/tmp/cmux-verify-20260908170330-19681-7317/source-1198ba65bf/Packages/iOS/CmuxMobileShell/Sources/CmuxMobileShell/MobileShellComposite+TerminalReplayLifecycle.swift:3:8: warning: public import of 'Foundation' was not used in public declarations or inlinable code
  1 | internal import CmuxMobileDiagnostics
  2 | internal import CmuxMobileRPC
  3 | public import Foundation
    |        `- warning: public import of 'Foundation' was not used in public declarations or inlinable code
  4 | 
  5 | /// Terminal replay barrier and replay-request lifecycle for

/private/tmp/cmux-verify-20260908170330-19681-7317/source-1198ba65bf/Packages/iOS/CmuxMobileShell/Sources/CmuxMobileShell/MobileShellComposite+WorkspaceChangesContent.swift:1:8: warning: public import of 'CMUXMobileCore' was not used in public declarations or inlinable code
  1 | public import CMUXMobileCore
    |        `- warning: public import of 'CMUXMobileCore' was not used in public declarations or inlinable code
  2 | public import CmuxAgentChat
  3 | public import CmuxMobileChanges
[725/813] Compiling CmuxMobileShell MobileShellComposite+TaskModels.swift
/private/tmp/cmux-verify-20260908170330-19681-7317/source-1198ba65bf/Packages/iOS/CmuxMobileShell/Sources/CmuxMobileShell/MobileShellComposite+TaskDirectoryList.swift:1:8: warning: public import of 'CMUXMobileCore' was not used in public declarations or inlinable code
  1 | public import CMUXMobileCore
    |        `- warning: public import of 'CMUXMobileCore' was not used in public declarations or inlinable code
  2 | public import CmuxMobileRPC
  3 | internal import Foundation

/private/tmp/cmux-verify-20260908170330-19681-7317/source-1198ba65bf/Packages/iOS/CmuxMobileShell/Sources/CmuxMobileShell/MobileShellComposite+TerminalReplayLifecycle.swift:3:8: warning: public import of 'Foundation' was not used in public declarations or inlinable code
  1 | internal import CmuxMobileDiagnostics
  2 | internal import CmuxMobileRPC
  3 | public import Foundation
    |        `- warning: public import of 'Foundation' was not used in public declarations or inlinable code
  4 | 
  5 | /// Terminal replay barrier and replay-request lifecycle for

/private/tmp/cmux-verify-20260908170330-19681-7317/source-1198ba65bf/Packages/iOS/CmuxMobileShell/Sources/CmuxMobileShell/MobileShellComposite+WorkspaceChangesContent.swift:1:8: warning: public import of 'CMUXMobileCore' was not used in public declarations or inlinable code
  1 | public import CMUXMobileCore
    |        `- warning: public import of 'CMUXMobileCore' was not used in public declarations or inlinable code
  2 | public import CmuxAgentChat
  3 | public import CmuxMobileChanges
[726/813] Compiling CmuxMobileShell MobileShellComposite+TerminalLane.swift
/private/tmp/cmux-verify-20260908170330-19681-7317/source-1198ba65bf/Packages/iOS/CmuxMobileShell/Sources/CmuxMobileShell/MobileShellComposite+TaskDirectoryList.swift:1:8: warning: public import of 'CMUXMobileCore' was not used in public declarations or inlinable code
  1 | public import CMUXMobileCore
    |        `- warning: public import of 'CMUXMobileCore' was not used in public declarations or inlinable code
  2 | public import CmuxMobileRPC
  3 | internal import Foundation

/private/tmp/cmux-verify-20260908170330-19681-7317/source-1198ba65bf/Packages/iOS/CmuxMobileShell/Sources/CmuxMobileShell/MobileShellComposite+TerminalReplayLifecycle.swift:3:8: warning: public import of 'Foundation' was not used in public declarations or inlinable code
  1 | internal import CmuxMobileDiagnostics
  2 | internal import CmuxMobileRPC
  3 | public import Foundation
    |        `- warning: public import of 'Foundation' was not used in public declarations or inlinable code
  4 | 
  5 | /// Terminal replay barrier and replay-request lifecycle for

/private/tmp/cmux-verify-20260908170330-19681-7317/source-1198ba65bf/Packages/iOS/CmuxMobileShell/Sources/CmuxMobileShell/MobileShellComposite+WorkspaceChangesContent.swift:1:8: warning: public import of 'CMUXMobileCore' was not used in public declarations or inlinable code
  1 | public import CMUXMobileCore
    |        `- warning: public import of 'CMUXMobileCore' was not used in public declarations or inlinable code
  2 | public import CmuxAgentChat
  3 | public import CmuxMobileChanges
[727/813] Compiling CmuxMobileShell MobileShellComposite+TerminalOutputDelivery.swift
/private/tmp/cmux-verify-20260908170330-19681-7317/source-1198ba65bf/Packages/iOS/CmuxMobileShell/Sources/CmuxMobileShell/MobileShellComposite+TaskDirectoryList.swift:1:8: warning: public import of 'CMUXMobileCore' was not used in public declarations or inlinable code
  1 | public import CMUXMobileCore
    |        `- warning: public import of 'CMUXMobileCore' was not used in public declarations or inlinable code
  2 | public import CmuxMobileRPC
  3 | internal import Foundation

/private/tmp/cmux-verify-20260908170330-19681-7317/source-1198ba65bf/Packages/iOS/CmuxMobileShell/Sources/CmuxMobileShell/MobileShellComposite+TerminalReplayLifecycle.swift:3:8: warning: public import of 'Foundation' was not used in public declarations or inlinable code
  1 | internal import CmuxMobileDiagnostics
  2 | internal import CmuxMobileRPC
  3 | public import Foundation
    |        `- warning: public import of 'Foundation' was not used in public declarations or inlinable code
  4 | 
  5 | /// Terminal replay barrier and replay-request lifecycle for

/private/tmp/cmux-verify-20260908170330-19681-7317/source-1198ba65bf/Packages/iOS/CmuxMobileShell/Sources/CmuxMobileShell/MobileShellComposite+WorkspaceChangesContent.swift:1:8: warning: public import of 'CMUXMobileCore' was not used in public declarations or inlinable code
  1 | public import CMUXMobileCore
    |        `- warning: public import of 'CMUXMobileCore' was not used in public declarations or inlinable code
  2 | public import CmuxAgentChat
  3 | public import CmuxMobileChanges
[728/813] Compiling CmuxMobileShell MobileShellComposite+TerminalReplayLifecycle.swift
/private/tmp/cmux-verify-20260908170330-19681-7317/source-1198ba65bf/Packages/iOS/CmuxMobileShell/Sources/CmuxMobileShell/MobileShellComposite+TaskDirectoryList.swift:1:8: warning: public import of 'CMUXMobileCore' was not used in public declarations or inlinable code
  1 | public import CMUXMobileCore
    |        `- warning: public import of 'CMUXMobileCore' was not used in public declarations or inlinable code
  2 | public import CmuxMobileRPC
  3 | internal import Foundation

/private/tmp/cmux-verify-20260908170330-19681-7317/source-1198ba65bf/Packages/iOS/CmuxMobileShell/Sources/CmuxMobileShell/MobileShellComposite+TerminalReplayLifecycle.swift:3:8: warning: public import of 'Foundation' was not used in public declarations or inlinable code
  1 | internal import CmuxMobileDiagnostics
  2 | internal import CmuxMobileRPC
  3 | public import Foundation
    |        `- warning: public import of 'Foundation' was not used in public declarations or inlinable code
  4 | 
  5 | /// Terminal replay barrier and replay-request lifecycle for

/private/tmp/cmux-verify-20260908170330-19681-7317/source-1198ba65bf/Packages/iOS/CmuxMobileShell/Sources/CmuxMobileShell/MobileShellComposite+WorkspaceChangesContent.swift:1:8: warning: public import of 'CMUXMobileCore' was not used in public declarations or inlinable code
  1 | public import CMUXMobileCore
    |        `- warning: public import of 'CMUXMobileCore' was not used in public declarations or inlinable code
  2 | public import CmuxAgentChat
  3 | public import CmuxMobileChanges
[729/813] Compiling CmuxMobileShell MobileShellComposite+TerminalReplayRetry.swift
/private/tmp/cmux-verify-20260908170330-19681-7317/source-1198ba65bf/Packages/iOS/CmuxMobileShell/Sources/CmuxMobileShell/MobileShellComposite+TaskDirectoryList.swift:1:8: warning: public import of 'CMUXMobileCore' was not used in public declarations or inlinable code
  1 | public import CMUXMobileCore
    |        `- warning: public import of 'CMUXMobileCore' was not used in public declarations or inlinable code
  2 | public import CmuxMobileRPC
  3 | internal import Foundation

/private/tmp/cmux-verify-20260908170330-19681-7317/source-1198ba65bf/Packages/iOS/CmuxMobileShell/Sources/CmuxMobileShell/MobileShellComposite+TerminalReplayLifecycle.swift:3:8: warning: public import of 'Foundation' was not used in public declarations or inlinable code
  1 | internal import CmuxMobileDiagnostics
  2 | internal import CmuxMobileRPC
  3 | public import Foundation
    |        `- warning: public import of 'Foundation' was not used in public declarations or inlinable code
  4 | 
  5 | /// Terminal replay barrier and replay-request lifecycle for

/private/tmp/cmux-verify-20260908170330-19681-7317/source-1198ba65bf/Packages/iOS/CmuxMobileShell/Sources/CmuxMobileShell/MobileShellComposite+WorkspaceChangesContent.swift:1:8: warning: public import of 'CMUXMobileCore' was not used in public declarations or inlinable code
  1 | public import CMUXMobileCore
    |        `- warning: public import of 'CMUXMobileCore' was not used in public declarations or inlinable code
  2 | public import CmuxAgentChat
  3 | public import CmuxMobileChanges
[730/813] Compiling CmuxMobileShell MobileShellComposite+TerminalScrollDelivery.swift
/private/tmp/cmux-verify-20260908170330-19681-7317/source-1198ba65bf/Packages/iOS/CmuxMobileShell/Sources/CmuxMobileShell/MobileShellComposite+TaskDirectoryList.swift:1:8: warning: public import of 'CMUXMobileCore' was not used in public declarations or inlinable code
  1 | public import CMUXMobileCore
    |        `- warning: public import of 'CMUXMobileCore' was not used in public declarations or inlinable code
  2 | public import CmuxMobileRPC
  3 | internal import Foundation

/private/tmp/cmux-verify-20260908170330-19681-7317/source-1198ba65bf/Packages/iOS/CmuxMobileShell/Sources/CmuxMobileShell/MobileShellComposite+TerminalReplayLifecycle.swift:3:8: warning: public import of 'Foundation' was not used in public declarations or inlinable code
  1 | internal import CmuxMobileDiagnostics
  2 | internal import CmuxMobileRPC
  3 | public import Foundation
    |        `- warning: public import of 'Foundation' was not used in public declarations or inlinable code
  4 | 
  5 | /// Terminal replay barrier and replay-request lifecycle for

/private/tmp/cmux-verify-20260908170330-19681-7317/source-1198ba65bf/Packages/iOS/CmuxMobileShell/Sources/CmuxMobileShell/MobileShellComposite+WorkspaceChangesContent.swift:1:8: warning: public import of 'CMUXMobileCore' was not used in public declarations or inlinable code
  1 | public import CMUXMobileCore
    |        `- warning: public import of 'CMUXMobileCore' was not used in public declarations or inlinable code
  2 | public import CmuxAgentChat
  3 | public import CmuxMobileChanges
[731/813] Compiling CmuxMobileShell MobileShellComposite+TerminalTheme.swift
/private/tmp/cmux-verify-20260908170330-19681-7317/source-1198ba65bf/Packages/iOS/CmuxMobileShell/Sources/CmuxMobileShell/MobileShellComposite+TaskDirectoryList.swift:1:8: warning: public import of 'CMUXMobileCore' was not used in public declarations or inlinable code
  1 | public import CMUXMobileCore
    |        `- warning: public import of 'CMUXMobileCore' was not used in public declarations or inlinable code
  2 | public import CmuxMobileRPC
  3 | internal import Foundation

/private/tmp/cmux-verify-20260908170330-19681-7317/source-1198ba65bf/Packages/iOS/CmuxMobileShell/Sources/CmuxMobileShell/MobileShellComposite+TerminalReplayLifecycle.swift:3:8: warning: public import of 'Foundation' was not used in public declarations or inlinable code
  1 | internal import CmuxMobileDiagnostics
  2 | internal import CmuxMobileRPC
  3 | public import Foundation
    |        `- warning: public import of 'Foundation' was not used in public declarations or inlinable code
  4 | 
  5 | /// Terminal replay barrier and replay-request lifecycle for

/private/tmp/cmux-verify-20260908170330-19681-7317/source-1198ba65bf/Packages/iOS/CmuxMobileShell/Sources/CmuxMobileShell/MobileShellComposite+WorkspaceChangesContent.swift:1:8: warning: public import of 'CMUXMobileCore' was not used in public declarations or inlinable code
  1 | public import CMUXMobileCore
    |        `- warning: public import of 'CMUXMobileCore' was not used in public declarations or inlinable code
  2 | public import CmuxAgentChat
  3 | public import CmuxMobileChanges
[732/813] Compiling CmuxMobileShell MobileShellComposite+TerminalViewport.swift
/private/tmp/cmux-verify-20260908170330-19681-7317/source-1198ba65bf/Packages/iOS/CmuxMobileShell/Sources/CmuxMobileShell/MobileShellComposite+TaskDirectoryList.swift:1:8: warning: public import of 'CMUXMobileCore' was not used in public declarations or inlinable code
  1 | public import CMUXMobileCore
    |        `- warning: public import of 'CMUXMobileCore' was not used in public declarations or inlinable code
  2 | public import CmuxMobileRPC
  3 | internal import Foundation

/private/tmp/cmux-verify-20260908170330-19681-7317/source-1198ba65bf/Packages/iOS/CmuxMobileShell/Sources/CmuxMobileShell/MobileShellComposite+TerminalReplayLifecycle.swift:3:8: warning: public import of 'Foundation' was not used in public declarations or inlinable code
  1 | internal import CmuxMobileDiagnostics
  2 | internal import CmuxMobileRPC
  3 | public import Foundation
    |        `- warning: public import of 'Foundation' was not used in public declarations or inlinable code
  4 | 
  5 | /// Terminal replay barrier and replay-request lifecycle for

/private/tmp/cmux-verify-20260908170330-19681-7317/source-1198ba65bf/Packages/iOS/CmuxMobileShell/Sources/CmuxMobileShell/MobileShellComposite+WorkspaceChangesContent.swift:1:8: warning: public import of 'CMUXMobileCore' was not used in public declarations or inlinable code
  1 | public import CMUXMobileCore
    |        `- warning: public import of 'CMUXMobileCore' was not used in public declarations or inlinable code
  2 | public import CmuxAgentChat
  3 | public import CmuxMobileChanges
[733/813] Compiling CmuxMobileShell MobileShellComposite+Todo.swift
/private/tmp/cmux-verify-20260908170330-19681-7317/source-1198ba65bf/Packages/iOS/CmuxMobileShell/Sources/CmuxMobileShell/MobileShellComposite+TaskDirectoryList.swift:1:8: warning: public import of 'CMUXMobileCore' was not used in public declarations or inlinable code
  1 | public import CMUXMobileCore
    |        `- warning: public import of 'CMUXMobileCore' was not used in public declarations or inlinable code
  2 | public import CmuxMobileRPC
  3 | internal import Foundation

/private/tmp/cmux-verify-20260908170330-19681-7317/source-1198ba65bf/Packages/iOS/CmuxMobileShell/Sources/CmuxMobileShell/MobileShellComposite+TerminalReplayLifecycle.swift:3:8: warning: public import of 'Foundation' was not used in public declarations or inlinable code
  1 | internal import CmuxMobileDiagnostics
  2 | internal import CmuxMobileRPC
  3 | public import Foundation
    |        `- warning: public import of 'Foundation' was not used in public declarations or inlinable code
  4 | 
  5 | /// Terminal replay barrier and replay-request lifecycle for

/private/tmp/cmux-verify-20260908170330-19681-7317/source-1198ba65bf/Packages/iOS/CmuxMobileShell/Sources/CmuxMobileShell/MobileShellComposite+WorkspaceChangesContent.swift:1:8: warning: public import of 'CMUXMobileCore' was not used in public declarations or inlinable code
  1 | public import CMUXMobileCore
    |        `- warning: public import of 'CMUXMobileCore' was not used in public declarations or inlinable code
  2 | public import CmuxAgentChat
  3 | public import CmuxMobileChanges
[734/813] Compiling CmuxMobileShell MobileShellComposite+UITestWorkspaceCreation.swift
/private/tmp/cmux-verify-20260908170330-19681-7317/source-1198ba65bf/Packages/iOS/CmuxMobileShell/Sources/CmuxMobileShell/MobileShellComposite+TaskDirectoryList.swift:1:8: warning: public import of 'CMUXMobileCore' was not used in public declarations or inlinable code
  1 | public import CMUXMobileCore
    |        `- warning: public import of 'CMUXMobileCore' was not used in public declarations or inlinable code
  2 | public import CmuxMobileRPC
  3 | internal import Foundation

/private/tmp/cmux-verify-20260908170330-19681-7317/source-1198ba65bf/Packages/iOS/CmuxMobileShell/Sources/CmuxMobileShell/MobileShellComposite+TerminalReplayLifecycle.swift:3:8: warning: public import of 'Foundation' was not used in public declarations or inlinable code
  1 | internal import CmuxMobileDiagnostics
  2 | internal import CmuxMobileRPC
  3 | public import Foundation
    |        `- warning: public import of 'Foundation' was not used in public declarations or inlinable code
  4 | 
  5 | /// Terminal replay barrier and replay-request lifecycle for

/private/tmp/cmux-verify-20260908170330-19681-7317/source-1198ba65bf/Packages/iOS/CmuxMobileShell/Sources/CmuxMobileShell/MobileShellComposite+WorkspaceChangesContent.swift:1:8: warning: public import of 'CMUXMobileCore' was not used in public declarations or inlinable code
  1 | public import CMUXMobileCore
    |        `- warning: public import of 'CMUXMobileCore' was not used in public declarations or inlinable code
  2 | public import CmuxAgentChat
  3 | public import CmuxMobileChanges
[735/813] Compiling CmuxMobileShell MobileShellComposite+WorkspaceActions.swift
/private/tmp/cmux-verify-20260908170330-19681-7317/source-1198ba65bf/Packages/iOS/CmuxMobileShell/Sources/CmuxMobileShell/MobileShellComposite+TaskDirectoryList.swift:1:8: warning: public import of 'CMUXMobileCore' was not used in public declarations or inlinable code
  1 | public import CMUXMobileCore
    |        `- warning: public import of 'CMUXMobileCore' was not used in public declarations or inlinable code
  2 | public import CmuxMobileRPC
  3 | internal import Foundation

/private/tmp/cmux-verify-20260908170330-19681-7317/source-1198ba65bf/Packages/iOS/CmuxMobileShell/Sources/CmuxMobileShell/MobileShellComposite+TerminalReplayLifecycle.swift:3:8: warning: public import of 'Foundation' was not used in public declarations or inlinable code
  1 | internal import CmuxMobileDiagnostics
  2 | internal import CmuxMobileRPC
  3 | public import Foundation
    |        `- warning: public import of 'Foundation' was not used in public declarations or inlinable code
  4 | 
  5 | /// Terminal replay barrier and replay-request lifecycle for

/private/tmp/cmux-verify-20260908170330-19681-7317/source-1198ba65bf/Packages/iOS/CmuxMobileShell/Sources/CmuxMobileShell/MobileShellComposite+WorkspaceChangesContent.swift:1:8: warning: public import of 'CMUXMobileCore' was not used in public declarations or inlinable code
  1 | public import CMUXMobileCore
    |        `- warning: public import of 'CMUXMobileCore' was not used in public declarations or inlinable code
  2 | public import CmuxAgentChat
  3 | public import CmuxMobileChanges
[736/813] Compiling CmuxMobileShell MobileShellComposite+WorkspaceChanges.swift
/private/tmp/cmux-verify-20260908170330-19681-7317/source-1198ba65bf/Packages/iOS/CmuxMobileShell/Sources/CmuxMobileShell/MobileShellComposite+TaskDirectoryList.swift:1:8: warning: public import of 'CMUXMobileCore' was not used in public declarations or inlinable code
  1 | public import CMUXMobileCore
    |        `- warning: public import of 'CMUXMobileCore' was not used in public declarations or inlinable code
  2 | public import CmuxMobileRPC
  3 | internal import Foundation

/private/tmp/cmux-verify-20260908170330-19681-7317/source-1198ba65bf/Packages/iOS/CmuxMobileShell/Sources/CmuxMobileShell/MobileShellComposite+TerminalReplayLifecycle.swift:3:8: warning: public import of 'Foundation' was not used in public declarations or inlinable code
  1 | internal import CmuxMobileDiagnostics
  2 | internal import CmuxMobileRPC
  3 | public import Foundation
    |        `- warning: public import of 'Foundation' was not used in public declarations or inlinable code
  4 | 
  5 | /// Terminal replay barrier and replay-request lifecycle for

/private/tmp/cmux-verify-20260908170330-19681-7317/source-1198ba65bf/Packages/iOS/CmuxMobileShell/Sources/CmuxMobileShell/MobileShellComposite+WorkspaceChangesContent.swift:1:8: warning: public import of 'CMUXMobileCore' was not used in public declarations or inlinable code
  1 | public import CMUXMobileCore
    |        `- warning: public import of 'CMUXMobileCore' was not used in public declarations or inlinable code
  2 | public import CmuxAgentChat
  3 | public import CmuxMobileChanges
[737/813] Compiling CmuxMobileShell MobileShellComposite+WorkspaceChangesContent.swift
/private/tmp/cmux-verify-20260908170330-19681-7317/source-1198ba65bf/Packages/iOS/CmuxMobileShell/Sources/CmuxMobileShell/MobileShellComposite+TaskDirectoryList.swift:1:8: warning: public import of 'CMUXMobileCore' was not used in public declarations or inlinable code
  1 | public import CMUXMobileCore
    |        `- warning: public import of 'CMUXMobileCore' was not used in public declarations or inlinable code
  2 | public import CmuxMobileRPC
  3 | internal import Foundation

/private/tmp/cmux-verify-20260908170330-19681-7317/source-1198ba65bf/Packages/iOS/CmuxMobileShell/Sources/CmuxMobileShell/MobileShellComposite+TerminalReplayLifecycle.swift:3:8: warning: public import of 'Foundation' was not used in public declarations or inlinable code
  1 | internal import CmuxMobileDiagnostics
  2 | internal import CmuxMobileRPC
  3 | public import Foundation
    |        `- warning: public import of 'Foundation' was not used in public declarations or inlinable code
  4 | 
  5 | /// Terminal replay barrier and replay-request lifecycle for

/private/tmp/cmux-verify-20260908170330-19681-7317/source-1198ba65bf/Packages/iOS/CmuxMobileShell/Sources/CmuxMobileShell/MobileShellComposite+WorkspaceChangesContent.swift:1:8: warning: public import of 'CMUXMobileCore' was not used in public declarations or inlinable code
  1 | public import CMUXMobileCore
    |        `- warning: public import of 'CMUXMobileCore' was not used in public declarations or inlinable code
  2 | public import CmuxAgentChat
  3 | public import CmuxMobileChanges
[738/813] Compiling CmuxMobileShell MobileShellComposite+WorkspaceChangesPruning.swift
/private/tmp/cmux-verify-20260908170330-19681-7317/source-1198ba65bf/Packages/iOS/CmuxMobileShell/Sources/CmuxMobileShell/MobileShellComposite+TaskDirectoryList.swift:1:8: warning: public import of 'CMUXMobileCore' was not used in public declarations or inlinable code
  1 | public import CMUXMobileCore
    |        `- warning: public import of 'CMUXMobileCore' was not used in public declarations or inlinable code
  2 | public import CmuxMobileRPC
  3 | internal import Foundation

/private/tmp/cmux-verify-20260908170330-19681-7317/source-1198ba65bf/Packages/iOS/CmuxMobileShell/Sources/CmuxMobileShell/MobileShellComposite+TerminalReplayLifecycle.swift:3:8: warning: public import of 'Foundation' was not used in public declarations or inlinable code
  1 | internal import CmuxMobileDiagnostics
  2 | internal import CmuxMobileRPC
  3 | public import Foundation
    |        `- warning: public import of 'Foundation' was not used in public declarations or inlinable code
  4 | 
  5 | /// Terminal replay barrier and replay-request lifecycle for

/private/tmp/cmux-verify-20260908170330-19681-7317/source-1198ba65bf/Packages/iOS/CmuxMobileShell/Sources/CmuxMobileShell/MobileShellComposite+WorkspaceChangesContent.swift:1:8: warning: public import of 'CMUXMobileCore' was not used in public declarations or inlinable code
  1 | public import CMUXMobileCore
    |        `- warning: public import of 'CMUXMobileCore' was not used in public declarations or inlinable code
  2 | public import CmuxAgentChat
  3 | public import CmuxMobileChanges
[739/813] Compiling CmuxMobileShell MobileShellComposite+WorkspaceCreateRequest.swift
/private/tmp/cmux-verify-20260908170330-19681-7317/source-1198ba65bf/Packages/iOS/CmuxMobileShell/Sources/CmuxMobileShell/MobileShellComposite+TaskDirectoryList.swift:1:8: warning: public import of 'CMUXMobileCore' was not used in public declarations or inlinable code
  1 | public import CMUXMobileCore
    |        `- warning: public import of 'CMUXMobileCore' was not used in public declarations or inlinable code
  2 | public import CmuxMobileRPC
  3 | internal import Foundation

/private/tmp/cmux-verify-20260908170330-19681-7317/source-1198ba65bf/Packages/iOS/CmuxMobileShell/Sources/CmuxMobileShell/MobileShellComposite+TerminalReplayLifecycle.swift:3:8: warning: public import of 'Foundation' was not used in public declarations or inlinable code
  1 | internal import CmuxMobileDiagnostics
  2 | internal import CmuxMobileRPC
  3 | public import Foundation
    |        `- warning: public import of 'Foundation' was not used in public declarations or inlinable code
  4 | 
  5 | /// Terminal replay barrier and replay-request lifecycle for

/private/tmp/cmux-verify-20260908170330-19681-7317/source-1198ba65bf/Packages/iOS/CmuxMobileShell/Sources/CmuxMobileShell/MobileShellComposite+WorkspaceChangesContent.swift:1:8: warning: public import of 'CMUXMobileCore' was not used in public declarations or inlinable code
  1 | public import CMUXMobileCore
    |        `- warning: public import of 'CMUXMobileCore' was not used in public declarations or inlinable code
  2 | public import CmuxAgentChat
  3 | public import CmuxMobileChanges
[740/813] Compiling CmuxMobileShell MobileShellComposite+WorkspaceListRecovery.swift
/private/tmp/cmux-verify-20260908170330-19681-7317/source-1198ba65bf/Packages/iOS/CmuxMobileShell/Sources/CmuxMobileShell/MobileShellComposite+TaskDirectoryList.swift:1:8: warning: public import of 'CMUXMobileCore' was not used in public declarations or inlinable code
  1 | public import CMUXMobileCore
    |        `- warning: public import of 'CMUXMobileCore' was not used in public declarations or inlinable code
  2 | public import CmuxMobileRPC
  3 | internal import Foundation

/private/tmp/cmux-verify-20260908170330-19681-7317/source-1198ba65bf/Packages/iOS/CmuxMobileShell/Sources/CmuxMobileShell/MobileShellComposite+TerminalReplayLifecycle.swift:3:8: warning: public import of 'Foundation' was not used in public declarations or inlinable code
  1 | internal import CmuxMobileDiagnostics
  2 | internal import CmuxMobileRPC
  3 | public import Foundation
    |        `- warning: public import of 'Foundation' was not used in public declarations or inlinable code
  4 | 
  5 | /// Terminal replay barrier and replay-request lifecycle for

/private/tmp/cmux-verify-20260908170330-19681-7317/source-1198ba65bf/Packages/iOS/CmuxMobileShell/Sources/CmuxMobileShell/MobileShellComposite+WorkspaceChangesContent.swift:1:8: warning: public import of 'CMUXMobileCore' was not used in public declarations or inlinable code
  1 | public import CMUXMobileCore
    |        `- warning: public import of 'CMUXMobileCore' was not used in public declarations or inlinable code
  2 | public import CmuxAgentChat
  3 | public import CmuxMobileChanges
[741/836] Compiling CmuxMobileShell MobileShellComposite+DisplayFormatting.swift
/private/tmp/cmux-verify-20260908170330-19681-7317/source-1198ba65bf/Packages/iOS/CmuxMobileShell/Sources/CmuxMobileShell/MobileShellComposite+RouteRemoval.swift:2:8: warning: public import of 'CmuxMobilePairedMac' was not used in public declarations or inlinable code
  1 | public import CMUXMobileCore
  2 | public import CmuxMobilePairedMac
    |        `- warning: public import of 'CmuxMobilePairedMac' was not used in public declarations or inlinable code
  3 | import Foundation
  4 | 
[742/836] Compiling CmuxMobileShell MobileShellComposite+DogfoodFeedback.swift
/private/tmp/cmux-verify-20260908170330-19681-7317/source-1198ba65bf/Packages/iOS/CmuxMobileShell/Sources/CmuxMobileShell/MobileShellComposite+RouteRemoval.swift:2:8: warning: public import of 'CmuxMobilePairedMac' was not used in public declarations or inlinable code
  1 | public import CMUXMobileCore
  2 | public import CmuxMobilePairedMac
    |        `- warning: public import of 'CmuxMobilePairedMac' was not used in public declarations or inlinable code
  3 | import Foundation
  4 | 
[743/836] Compiling CmuxMobileShell MobileShellComposite+ExplicitTerminalInput.swift
/private/tmp/cmux-verify-20260908170330-19681-7317/source-1198ba65bf/Packages/iOS/CmuxMobileShell/Sources/CmuxMobileShell/MobileShellComposite+RouteRemoval.swift:2:8: warning: public import of 'CmuxMobilePairedMac' was not used in public declarations or inlinable code
  1 | public import CMUXMobileCore
  2 | public import CmuxMobilePairedMac
    |        `- warning: public import of 'CmuxMobilePairedMac' was not used in public declarations or inlinable code
  3 | import Foundation
  4 | 
[744/836] Compiling CmuxMobileShell MobileShellComposite+Helpers.swift
/private/tmp/cmux-verify-20260908170330-19681-7317/source-1198ba65bf/Packages/iOS/CmuxMobileShell/Sources/CmuxMobileShell/MobileShellComposite+RouteRemoval.swift:2:8: warning: public import of 'CmuxMobilePairedMac' was not used in public declarations or inlinable code
  1 | public import CMUXMobileCore
  2 | public import CmuxMobilePairedMac
    |        `- warning: public import of 'CmuxMobilePairedMac' was not used in public declarations or inlinable code
  3 | import Foundation
  4 | 
[745/836] Compiling CmuxMobileShell MobileShellComposite+HiddenMacs.swift
/private/tmp/cmux-verify-20260908170330-19681-7317/source-1198ba65bf/Packages/iOS/CmuxMobileShell/Sources/CmuxMobileShell/MobileShellComposite+RouteRemoval.swift:2:8: warning: public import of 'CmuxMobilePairedMac' was not used in public declarations or inlinable code
  1 | public import CMUXMobileCore
  2 | public import CmuxMobilePairedMac
    |        `- warning: public import of 'CmuxMobilePairedMac' was not used in public declarations or inlinable code
  3 | import Foundation
  4 | 
[746/836] Compiling CmuxMobileShell MobileShellComposite+InstanceAuthority.swift
/private/tmp/cmux-verify-20260908170330-19681-7317/source-1198ba65bf/Packages/iOS/CmuxMobileShell/Sources/CmuxMobileShell/MobileShellComposite+RouteRemoval.swift:2:8: warning: public import of 'CmuxMobilePairedMac' was not used in public declarations or inlinable code
  1 | public import CMUXMobileCore
  2 | public import CmuxMobilePairedMac
    |        `- warning: public import of 'CmuxMobilePairedMac' was not used in public declarations or inlinable code
  3 | import Foundation
  4 | 
[747/836] Compiling CmuxMobileShell MobileShellComposite+IrohPeerFocus.swift
/private/tmp/cmux-verify-20260908170330-19681-7317/source-1198ba65bf/Packages/iOS/CmuxMobileShell/Sources/CmuxMobileShell/MobileShellComposite+RouteRemoval.swift:2:8: warning: public import of 'CmuxMobilePairedMac' was not used in public declarations or inlinable code
  1 | public import CMUXMobileCore
  2 | public import CmuxMobilePairedMac
    |        `- warning: public import of 'CmuxMobilePairedMac' was not used in public declarations or inlinable code
  3 | import Foundation
  4 | 
[748/836] Compiling CmuxMobileShell MobileShellComposite+IrohReleaseGate.swift
/private/tmp/cmux-verify-20260908170330-19681-7317/source-1198ba65bf/Packages/iOS/CmuxMobileShell/Sources/CmuxMobileShell/MobileShellComposite+RouteRemoval.swift:2:8: warning: public import of 'CmuxMobilePairedMac' was not used in public declarations or inlinable code
  1 | public import CMUXMobileCore
  2 | public import CmuxMobilePairedMac
    |        `- warning: public import of 'CmuxMobilePairedMac' was not used in public declarations or inlinable code
  3 | import Foundation
  4 | 
[749/836] Compiling CmuxMobileShell MobileShellComposite+LatencyProbe.swift
/private/tmp/cmux-verify-20260908170330-19681-7317/source-1198ba65bf/Packages/iOS/CmuxMobileShell/Sources/CmuxMobileShell/MobileShellComposite+RouteRemoval.swift:2:8: warning: public import of 'CmuxMobilePairedMac' was not used in public declarations or inlinable code
  1 | public import CMUXMobileCore
  2 | public import CmuxMobilePairedMac
    |        `- warning: public import of 'CmuxMobilePairedMac' was not used in public declarations or inlinable code
  3 | import Foundation
  4 | 
[750/836] Compiling CmuxMobileShell MobileShellComposite+MacSwitchState.swift
/private/tmp/cmux-verify-20260908170330-19681-7317/source-1198ba65bf/Packages/iOS/CmuxMobileShell/Sources/CmuxMobileShell/MobileShellComposite+RouteRemoval.swift:2:8: warning: public import of 'CmuxMobilePairedMac' was not used in public declarations or inlinable code
  1 | public import CMUXMobileCore
  2 | public import CmuxMobilePairedMac
    |        `- warning: public import of 'CmuxMobilePairedMac' was not used in public declarations or inlinable code
  3 | import Foundation
  4 | 
[751/836] Compiling CmuxMobileShell MobileShellComposite+MacUpdateHint.swift
/private/tmp/cmux-verify-20260908170330-19681-7317/source-1198ba65bf/Packages/iOS/CmuxMobileShell/Sources/CmuxMobileShell/MobileShellComposite+RouteRemoval.swift:2:8: warning: public import of 'CmuxMobilePairedMac' was not used in public declarations or inlinable code
  1 | public import CMUXMobileCore
  2 | public import CmuxMobilePairedMac
    |        `- warning: public import of 'CmuxMobilePairedMac' was not used in public declarations or inlinable code
  3 | import Foundation
  4 | 
[752/836] Compiling CmuxMobileShell MobileShellComposite+ManualAttachTicket.swift
/private/tmp/cmux-verify-20260908170330-19681-7317/source-1198ba65bf/Packages/iOS/CmuxMobileShell/Sources/CmuxMobileShell/MobileShellComposite+RouteRemoval.swift:2:8: warning: public import of 'CmuxMobilePairedMac' was not used in public declarations or inlinable code
  1 | public import CMUXMobileCore
  2 | public import CmuxMobilePairedMac
    |        `- warning: public import of 'CmuxMobilePairedMac' was not used in public declarations or inlinable code
  3 | import Foundation
  4 | 
[753/836] Compiling CmuxMobileShell MobileShellComposite+NotificationDismissSync.swift
/private/tmp/cmux-verify-20260908170330-19681-7317/source-1198ba65bf/Packages/iOS/CmuxMobileShell/Sources/CmuxMobileShell/MobileShellComposite+RouteRemoval.swift:2:8: warning: public import of 'CmuxMobilePairedMac' was not used in public declarations or inlinable code
  1 | public import CMUXMobileCore
  2 | public import CmuxMobilePairedMac
    |        `- warning: public import of 'CmuxMobilePairedMac' was not used in public declarations or inlinable code
  3 | import Foundation
  4 | 
[754/836] Compiling CmuxMobileShell MobileShellComposite+NotificationFeed.swift
/private/tmp/cmux-verify-20260908170330-19681-7317/source-1198ba65bf/Packages/iOS/CmuxMobileShell/Sources/CmuxMobileShell/MobileShellComposite+RouteRemoval.swift:2:8: warning: public import of 'CmuxMobilePairedMac' was not used in public declarations or inlinable code
  1 | public import CMUXMobileCore
  2 | public import CmuxMobilePairedMac
    |        `- warning: public import of 'CmuxMobilePairedMac' was not used in public declarations or inlinable code
  3 | import Foundation
  4 | 
[755/836] Compiling CmuxMobileShell MobileShellComposite+PairedMacAliases.swift
/private/tmp/cmux-verify-20260908170330-19681-7317/source-1198ba65bf/Packages/iOS/CmuxMobileShell/Sources/CmuxMobileShell/MobileShellComposite+RouteRemoval.swift:2:8: warning: public import of 'CmuxMobilePairedMac' was not used in public declarations or inlinable code
  1 | public import CMUXMobileCore
  2 | public import CmuxMobilePairedMac
    |        `- warning: public import of 'CmuxMobilePairedMac' was not used in public declarations or inlinable code
  3 | import Foundation
  4 | 
[756/836] Compiling CmuxMobileShell MobileShellComposite+PairedMacCoalescing.swift
/private/tmp/cmux-verify-20260908170330-19681-7317/source-1198ba65bf/Packages/iOS/CmuxMobileShell/Sources/CmuxMobileShell/MobileShellComposite+RouteRemoval.swift:2:8: warning: public import of 'CmuxMobilePairedMac' was not used in public declarations or inlinable code
  1 | public import CMUXMobileCore
  2 | public import CmuxMobilePairedMac
    |        `- warning: public import of 'CmuxMobilePairedMac' was not used in public declarations or inlinable code
  3 | import Foundation
  4 | 
[757/836] Compiling CmuxMobileShell MobileShellComposite+PairedMacPersistence.swift
/private/tmp/cmux-verify-20260908170330-19681-7317/source-1198ba65bf/Packages/iOS/CmuxMobileShell/Sources/CmuxMobileShell/MobileShellComposite+RouteRemoval.swift:2:8: warning: public import of 'CmuxMobilePairedMac' was not used in public declarations or inlinable code
  1 | public import CMUXMobileCore
  2 | public import CmuxMobilePairedMac
    |        `- warning: public import of 'CmuxMobilePairedMac' was not used in public declarations or inlinable code
  3 | import Foundation
  4 | 
[758/836] Compiling CmuxMobileShell MobileShellComposite+PairingConnectionStatus.swift
/private/tmp/cmux-verify-20260908170330-19681-7317/source-1198ba65bf/Packages/iOS/CmuxMobileShell/Sources/CmuxMobileShell/MobileShellComposite+RouteRemoval.swift:2:8: warning: public import of 'CmuxMobilePairedMac' was not used in public declarations or inlinable code
  1 | public import CMUXMobileCore
  2 | public import CmuxMobilePairedMac
    |        `- warning: public import of 'CmuxMobilePairedMac' was not used in public declarations or inlinable code
  3 | import Foundation
  4 | 
[759/836] Compiling CmuxMobileShell MobileShellComposite+PresenceRouteSync.swift
/private/tmp/cmux-verify-20260908170330-19681-7317/source-1198ba65bf/Packages/iOS/CmuxMobileShell/Sources/CmuxMobileShell/MobileShellComposite+RouteRemoval.swift:2:8: warning: public import of 'CmuxMobilePairedMac' was not used in public declarations or inlinable code
  1 | public import CMUXMobileCore
  2 | public import CmuxMobilePairedMac
    |        `- warning: public import of 'CmuxMobilePairedMac' was not used in public declarations or inlinable code
  3 | import Foundation
  4 | 
[760/836] Compiling CmuxMobileShell MobileShellComposite+ReconnectRoutes.swift
/private/tmp/cmux-verify-20260908170330-19681-7317/source-1198ba65bf/Packages/iOS/CmuxMobileShell/Sources/CmuxMobileShell/MobileShellComposite+RouteRemoval.swift:2:8: warning: public import of 'CmuxMobilePairedMac' was not used in public declarations or inlinable code
  1 | public import CMUXMobileCore
  2 | public import CmuxMobilePairedMac
    |        `- warning: public import of 'CmuxMobilePairedMac' was not used in public declarations or inlinable code
  3 | import Foundation
  4 | 
[761/836] Compiling CmuxMobileShell MobileShellComposite+RouteRemoval.swift
/private/tmp/cmux-verify-20260908170330-19681-7317/source-1198ba65bf/Packages/iOS/CmuxMobileShell/Sources/CmuxMobileShell/MobileShellComposite+RouteRemoval.swift:2:8: warning: public import of 'CmuxMobilePairedMac' was not used in public declarations or inlinable code
  1 | public import CMUXMobileCore
  2 | public import CmuxMobilePairedMac
    |        `- warning: public import of 'CmuxMobilePairedMac' was not used in public declarations or inlinable code
  3 | import Foundation
  4 | 
[762/836] Compiling CmuxMobileShell MobileShellComposite+RouteSelection.swift
/private/tmp/cmux-verify-20260908170330-19681-7317/source-1198ba65bf/Packages/iOS/CmuxMobileShell/Sources/CmuxMobileShell/MobileShellComposite+RouteRemoval.swift:2:8: warning: public import of 'CmuxMobilePairedMac' was not used in public declarations or inlinable code
  1 | public import CMUXMobileCore
  2 | public import CmuxMobilePairedMac
    |        `- warning: public import of 'CmuxMobilePairedMac' was not used in public declarations or inlinable code
  3 | import Foundation
  4 | 
[763/836] Compiling CmuxMobileShell MobileShellComposite+Scope.swift
/private/tmp/cmux-verify-20260908170330-19681-7317/source-1198ba65bf/Packages/iOS/CmuxMobileShell/Sources/CmuxMobileShell/MobileShellComposite+RouteRemoval.swift:2:8: warning: public import of 'CmuxMobilePairedMac' was not used in public declarations or inlinable code
  1 | public import CMUXMobileCore
  2 | public import CmuxMobilePairedMac
    |        `- warning: public import of 'CmuxMobilePairedMac' was not used in public declarations or inlinable code
  3 | import Foundation
  4 | 
[764/836] Compiling CmuxMobileShell MobileShellComposite+SecondaryPromotion.swift
/private/tmp/cmux-verify-20260908170330-19681-7317/source-1198ba65bf/Packages/iOS/CmuxMobileShell/Sources/CmuxMobileShell/MobileShellComposite+RouteRemoval.swift:2:8: warning: public import of 'CmuxMobilePairedMac' was not used in public declarations or inlinable code
  1 | public import CMUXMobileCore
  2 | public import CmuxMobilePairedMac
    |        `- warning: public import of 'CmuxMobilePairedMac' was not used in public declarations or inlinable code
  3 | import Foundation
  4 | 
[765/859] Compiling CmuxMobileShell PairedMacBackupRecord.swift
[766/859] Compiling CmuxMobileShell PairedMacBackupRecordWire.swift
[767/859] Compiling CmuxMobileShell PairedMacBackupRefreshing.swift
[768/859] Compiling CmuxMobileShell PairedMacBackupRequestBody.swift
[769/859] Compiling CmuxMobileShell PairedMacBackupRouteDisclosure.swift
[770/859] Compiling CmuxMobileShell PairedMacBackupSnapshot.swift
[771/859] Compiling CmuxMobileShell PairedMacBackupTeamStoring.swift
[772/859] Compiling CmuxMobileShell PairedMacFetchedSnapshot.swift
[773/859] Compiling CmuxMobileShell PairedMacHiddenStoring.swift
[774/859] Compiling CmuxMobileShell PairedMacMutationGate.swift
[775/859] Compiling CmuxMobileShell PairedMacPendingDeleteStoring.swift
[776/859] Compiling CmuxMobileShell PairedMacRestore.swift
[777/859] Compiling CmuxMobileShell PairedMacRestoreBoundary.swift
[778/859] Compiling CmuxMobileShell PendingNotificationDismissQueue.swift
[779/859] Compiling CmuxMobileShell PendingTerminalSubscriptionHandoff.swift
[780/859] Compiling CmuxMobileShell PresenceClient.swift
[781/859] Compiling CmuxMobileShell PresenceClientError.swift
[782/859] Compiling CmuxMobileShell PresenceDevice.swift
[783/859] Compiling CmuxMobileShell PresenceInstance.swift
[784/859] Compiling CmuxMobileShell PresenceMap.swift
[785/859] Compiling CmuxMobileShell PresenceOfflineReason.swift
[786/859] Compiling CmuxMobileShell PresenceServiceConfiguration.swift
[787/859] Compiling CmuxMobileShell PresenceSnapshot.swift
[788/859] Compiling CmuxMobileShell PresenceSubscribing.swift
/private/tmp/cmux-verify-20260908170330-19681-7317/source-1198ba65bf/Packages/iOS/CmuxMobileShell/Sources/CmuxMobileShell/PresenceSubscribing.swift:1:8: warning: public import of 'Foundation' was not used in public declarations or inlinable code
 1 | public import Foundation
   |        `- warning: public import of 'Foundation' was not used in public declarations or inlinable code
 2 | 
 3 | /// The shell store's seam onto the presence subscribe stream, so the live
[789/859] Compiling CmuxMobileShell PresenceTokenSource.swift
/private/tmp/cmux-verify-20260908170330-19681-7317/source-1198ba65bf/Packages/iOS/CmuxMobileShell/Sources/CmuxMobileShell/PresenceSubscribing.swift:1:8: warning: public import of 'Foundation' was not used in public declarations or inlinable code
 1 | public import Foundation
   |        `- warning: public import of 'Foundation' was not used in public declarations or inlinable code
 2 | 
 3 | /// The shell store's seam onto the presence subscribe stream, so the live
[790/859] Compiling CmuxMobileShell PresenceUpdate.swift
/private/tmp/cmux-verify-20260908170330-19681-7317/source-1198ba65bf/Packages/iOS/CmuxMobileShell/Sources/CmuxMobileShell/PresenceSubscribing.swift:1:8: warning: public import of 'Foundation' was not used in public declarations or inlinable code
 1 | public import Foundation
   |        `- warning: public import of 'Foundation' was not used in public declarations or inlinable code
 2 | 
 3 | /// The shell store's seam onto the presence subscribe stream, so the live
[791/859] Compiling CmuxMobileShell ResolveForegroundMacID.swift
/private/tmp/cmux-verify-20260908170330-19681-7317/source-1198ba65bf/Packages/iOS/CmuxMobileShell/Sources/CmuxMobileShell/PresenceSubscribing.swift:1:8: warning: public import of 'Foundation' was not used in public declarations or inlinable code
 1 | public import Foundation
   |        `- warning: public import of 'Foundation' was not used in public declarations or inlinable code
 2 | 
 3 | /// The shell store's seam onto the presence subscribe stream, so the live
[792/859] Compiling CmuxMobileShell RestoreOutcome.swift
/private/tmp/cmux-verify-20260908170330-19681-7317/source-1198ba65bf/Packages/iOS/CmuxMobileShell/Sources/CmuxMobileShell/PresenceSubscribing.swift:1:8: warning: public import of 'Foundation' was not used in public declarations or inlinable code
 1 | public import Foundation
   |        `- warning: public import of 'Foundation' was not used in public declarations or inlinable code
 2 | 
 3 | /// The shell store's seam onto the presence subscribe stream, so the live
[793/859] Compiling CmuxMobileShell SameDeviceEvidence.swift
/private/tmp/cmux-verify-20260908170330-19681-7317/source-1198ba65bf/Packages/iOS/CmuxMobileShell/Sources/CmuxMobileShell/PresenceSubscribing.swift:1:8: warning: public import of 'Foundation' was not used in public declarations or inlinable code
 1 | public import Foundation
   |        `- warning: public import of 'Foundation' was not used in public declarations or inlinable code
 2 | 
 3 | /// The shell store's seam onto the presence subscribe stream, so the live
[794/859] Compiling CmuxMobileShell SecondaryClientAttempt.swift
/private/tmp/cmux-verify-20260908170330-19681-7317/source-1198ba65bf/Packages/iOS/CmuxMobileShell/Sources/CmuxMobileShell/PresenceSubscribing.swift:1:8: warning: public import of 'Foundation' was not used in public declarations or inlinable code
 1 | public import Foundation
   |        `- warning: public import of 'Foundation' was not used in public declarations or inlinable code
 2 | 
 3 | /// The shell store's seam onto the presence subscribe stream, so the live
[795/859] Compiling CmuxMobileShell SecondaryClientHandle.swift
/private/tmp/cmux-verify-20260908170330-19681-7317/source-1198ba65bf/Packages/iOS/CmuxMobileShell/Sources/CmuxMobileShell/PresenceSubscribing.swift:1:8: warning: public import of 'Foundation' was not used in public declarations or inlinable code
 1 | public import Foundation
   |        `- warning: public import of 'Foundation' was not used in public declarations or inlinable code
 2 | 
 3 | /// The shell store's seam onto the presence subscribe stream, so the live
[796/859] Compiling CmuxMobileShell SecondaryControlAttemptPolicy.swift
/private/tmp/cmux-verify-20260908170330-19681-7317/source-1198ba65bf/Packages/iOS/CmuxMobileShell/Sources/CmuxMobileShell/PresenceSubscribing.swift:1:8: warning: public import of 'Foundation' was not used in public declarations or inlinable code
 1 | public import Foundation
   |        `- warning: public import of 'Foundation' was not used in public declarations or inlinable code
 2 | 
 3 | /// The shell store's seam onto the presence subscribe stream, so the live
[797/859] Compiling CmuxMobileShell SecondaryEventSubscriptionActivation.swift
/private/tmp/cmux-verify-20260908170330-19681-7317/source-1198ba65bf/Packages/iOS/CmuxMobileShell/Sources/CmuxMobileShell/PresenceSubscribing.swift:1:8: warning: public import of 'Foundation' was not used in public declarations or inlinable code
 1 | public import Foundation
   |        `- warning: public import of 'Foundation' was not used in public declarations or inlinable code
 2 | 
 3 | /// The shell store's seam onto the presence subscribe stream, so the live
[798/859] Compiling CmuxMobileShell SecondaryHostStatusAttempt.swift
/private/tmp/cmux-verify-20260908170330-19681-7317/source-1198ba65bf/Packages/iOS/CmuxMobileShell/Sources/CmuxMobileShell/PresenceSubscribing.swift:1:8: warning: public import of 'Foundation' was not used in public declarations or inlinable code
 1 | public import Foundation
   |        `- warning: public import of 'Foundation' was not used in public declarations or inlinable code
 2 | 
 3 | /// The shell store's seam onto the presence subscribe stream, so the live
[799/859] Compiling CmuxMobileShell SecondaryMacEstablishmentFlight.swift
/private/tmp/cmux-verify-20260908170330-19681-7317/source-1198ba65bf/Packages/iOS/CmuxMobileShell/Sources/CmuxMobileShell/PresenceSubscribing.swift:1:8: warning: public import of 'Foundation' was not used in public declarations or inlinable code
 1 | public import Foundation
   |        `- warning: public import of 'Foundation' was not used in public declarations or inlinable code
 2 | 
 3 | /// The shell store's seam onto the presence subscribe stream, so the live
[800/859] Compiling CmuxMobileShell SecondaryMacEstablishmentOutcome.swift
/private/tmp/cmux-verify-20260908170330-19681-7317/source-1198ba65bf/Packages/iOS/CmuxMobileShell/Sources/CmuxMobileShell/PresenceSubscribing.swift:1:8: warning: public import of 'Foundation' was not used in public declarations or inlinable code
 1 | public import Foundation
   |        `- warning: public import of 'Foundation' was not used in public declarations or inlinable code
 2 | 
 3 | /// The shell store's seam onto the presence subscribe stream, so the live
[801/859] Compiling CmuxMobileShell SecondaryMacPostDrainAction.swift
/private/tmp/cmux-verify-20260908170330-19681-7317/source-1198ba65bf/Packages/iOS/CmuxMobileShell/Sources/CmuxMobileShell/PresenceSubscribing.swift:1:8: warning: public import of 'Foundation' was not used in public declarations or inlinable code
 1 | public import Foundation
   |        `- warning: public import of 'Foundation' was not used in public declarations or inlinable code
 2 | 
 3 | /// The shell store's seam onto the presence subscribe stream, so the live
[802/859] Compiling CmuxMobileShell SecondaryMacSubscription.swift
/private/tmp/cmux-verify-20260908170330-19681-7317/source-1198ba65bf/Packages/iOS/CmuxMobileShell/Sources/CmuxMobileShell/PresenceSubscribing.swift:1:8: warning: public import of 'Foundation' was not used in public declarations or inlinable code
 1 | public import Foundation
   |        `- warning: public import of 'Foundation' was not used in public declarations or inlinable code
 2 | 
 3 | /// The shell store's seam onto the presence subscribe stream, so the live
[803/859] Compiling CmuxMobileShell SecondaryMacTransportDrainOperation.swift
/private/tmp/cmux-verify-20260908170330-19681-7317/source-1198ba65bf/Packages/iOS/CmuxMobileShell/Sources/CmuxMobileShell/PresenceSubscribing.swift:1:8: warning: public import of 'Foundation' was not used in public declarations or inlinable code
 1 | public import Foundation
   |        `- warning: public import of 'Foundation' was not used in public declarations or inlinable code
 2 | 
 3 | /// The shell store's seam onto the presence subscribe stream, so the live
[804/859] Compiling CmuxMobileShell SecondaryMacTransportDrainWaiter.swift
/private/tmp/cmux-verify-20260908170330-19681-7317/source-1198ba65bf/Packages/iOS/CmuxMobileShell/Sources/CmuxMobileShell/PresenceSubscribing.swift:1:8: warning: public import of 'Foundation' was not used in public declarations or inlinable code
 1 | public import Foundation
   |        `- warning: public import of 'Foundation' was not used in public declarations or inlinable code
 2 | 
 3 | /// The shell store's seam onto the presence subscribe stream, so the live
[805/859] Compiling CmuxMobileShell SecondaryOwnedEventSubscriptionActivation.swift
/private/tmp/cmux-verify-20260908170330-19681-7317/source-1198ba65bf/Packages/iOS/CmuxMobileShell/Sources/CmuxMobileShell/PresenceSubscribing.swift:1:8: warning: public import of 'Foundation' was not used in public declarations or inlinable code
 1 | public import Foundation
   |        `- warning: public import of 'Foundation' was not used in public declarations or inlinable code
 2 | 
 3 | /// The shell store's seam onto the presence subscribe stream, so the live
[806/859] Compiling CmuxMobileShell SecondaryStoredAuthorityValidation.swift
/private/tmp/cmux-verify-20260908170330-19681-7317/source-1198ba65bf/Packages/iOS/CmuxMobileShell/Sources/CmuxMobileShell/PresenceSubscribing.swift:1:8: warning: public import of 'Foundation' was not used in public declarations or inlinable code
 1 | public import Foundation
   |        `- warning: public import of 'Foundation' was not used in public declarations or inlinable code
 2 | 
 3 | /// The shell store's seam onto the presence subscribe stream, so the live
[807/859] Compiling CmuxMobileShell SecondaryWorkspaceFetchAttempt.swift
/private/tmp/cmux-verify-20260908170330-19681-7317/source-1198ba65bf/Packages/iOS/CmuxMobileShell/Sources/CmuxMobileShell/PresenceSubscribing.swift:1:8: warning: public import of 'Foundation' was not used in public declarations or inlinable code
 1 | public import Foundation
   |        `- warning: public import of 'Foundation' was not used in public declarations or inlinable code
 2 | 
 3 | /// The shell store's seam onto the presence subscribe stream, so the live
[808/859] Compiling CmuxMobileShell SecondaryWorkspaceSnapshot.swift
/private/tmp/cmux-verify-20260908170330-19681-7317/source-1198ba65bf/Packages/iOS/CmuxMobileShell/Sources/CmuxMobileShell/PresenceSubscribing.swift:1:8: warning: public import of 'Foundation' was not used in public declarations or inlinable code
 1 | public import Foundation
   |        `- warning: public import of 'Foundation' was not used in public declarations or inlinable code
 2 | 
 3 | /// The shell store's seam onto the presence subscribe stream, so the live
[809/859] Compiling CmuxMobileShell SystemDeliveredNotificationClearer.swift
/private/tmp/cmux-verify-20260908170330-19681-7317/source-1198ba65bf/Packages/iOS/CmuxMobileShell/Sources/CmuxMobileShell/PresenceSubscribing.swift:1:8: warning: public import of 'Foundation' was not used in public declarations or inlinable code
 1 | public import Foundation
   |        `- warning: public import of 'Foundation' was not used in public declarations or inlinable code
 2 | 
 3 | /// The shell store's seam onto the presence subscribe stream, so the live
[810/859] Compiling CmuxMobileShell TeamScopedPairedMacStore.swift
/private/tmp/cmux-verify-20260908170330-19681-7317/source-1198ba65bf/Packages/iOS/CmuxMobileShell/Sources/CmuxMobileShell/PresenceSubscribing.swift:1:8: warning: public import of 'Foundation' was not used in public declarations or inlinable code
 1 | public import Foundation
   |        `- warning: public import of 'Foundation' was not used in public declarations or inlinable code
 2 | 
 3 | /// The shell store's seam onto the presence subscribe stream, so the live
[811/859] Compiling CmuxMobileShell TerminalConfigThemeMismatchResetPolicy.swift
[812/859] Compiling CmuxMobileShell TerminalDraftStoring.swift
[813/859] Compiling CmuxMobileShell TerminalOutputDelivery.swift
[814/859] Compiling CmuxMobileShell TerminalOutputTransportSelection.swift
[815/859] Compiling CmuxMobileShell TerminalScrollDelivery.swift
[816/859] Compiling CmuxMobileShell TerminalTextSnapshot.swift
[817/859] Compiling CmuxMobileShell UserDefaultsPairedMacBackupTeamStore.swift
[818/859] Compiling CmuxMobileShell UserDefaultsPairedMacHiddenStore.swift
[819/859] Compiling CmuxMobileShell UserDefaultsPairedMacPendingDeleteStore.swift
[820/859] Compiling CmuxMobileShell WarmControlPoolCapacity.swift
[821/859] Compiling CmuxMobileShell WorkspaceAbsenceAuthority.swift
[822/859] Compiling CmuxMobileShell WorkspaceChangesContentFingerprintPolicy.swift
[823/859] Compiling CmuxMobileShell WorkspaceChangesContentRequest.swift
[824/859] Compiling CmuxMobileShell WorkspaceChangesContentResponse.swift
[825/859] Compiling CmuxMobileShell WorkspaceChangesExpansionDownloadPolicy.swift
[826/859] Compiling CmuxMobileShell WorkspaceChangesFileRevision.swift
[827/859] Compiling CmuxMobileShell WorkspaceChangesSummaryFetchPlan.swift
[828/859] Compiling CmuxMobileShell WorkspaceChangesSummaryFetchPolicy.swift
[829/859] Compiling CmuxMobileShell WorkspaceChangesSummaryRefreshSchedulePolicy.swift
[830/859] Compiling CmuxMobileShell WorkspaceChangesSummaryRefreshScope.swift
[831/859] Compiling CmuxMobileShell WorkspaceChangesSummaryWorkspaceSet.swift
[832/859] Compiling CmuxMobileShell WorkspaceCreatePinnedContext.swift
[833/859] Compiling CmuxMobileShell WorkspaceMutationTarget.swift
[834/859] Compiling CmuxMobileShell MobileShellComposite+WorkspaceMutationCapabilities.swift
/private/tmp/cmux-verify-20260908170330-19681-7317/source-1198ba65bf/Packages/iOS/CmuxMobileShell/Sources/CmuxMobileShell/MobileShellComposite.swift:2:8: warning: public import of 'CmuxAgentChat' was not used in public declarations or inlinable code
    1 | public import CMUXMobileCore
    2 | public import CmuxAgentChat
      |        `- warning: public import of 'CmuxAgentChat' was not used in public declarations or inlinable code
    3 | internal import CmuxMobileDiagnostics
    4 | public import CmuxMobileBrowserStream
[835/859] Compiling CmuxMobileShell MobileShellComposite+ZeroTouchIroh.swift
/private/tmp/cmux-verify-20260908170330-19681-7317/source-1198ba65bf/Packages/iOS/CmuxMobileShell/Sources/CmuxMobileShell/MobileShellComposite.swift:2:8: warning: public import of 'CmuxAgentChat' was not used in public declarations or inlinable code
    1 | public import CMUXMobileCore
    2 | public import CmuxAgentChat
      |        `- warning: public import of 'CmuxAgentChat' was not used in public declarations or inlinable code
    3 | internal import CmuxMobileDiagnostics
    4 | public import CmuxMobileBrowserStream
[836/859] Compiling CmuxMobileShell MobileShellComposite.swift
/private/tmp/cmux-verify-20260908170330-19681-7317/source-1198ba65bf/Packages/iOS/CmuxMobileShell/Sources/CmuxMobileShell/MobileShellComposite.swift:2:8: warning: public import of 'CmuxAgentChat' was not used in public declarations or inlinable code
    1 | public import CMUXMobileCore
    2 | public import CmuxAgentChat
      |        `- warning: public import of 'CmuxAgentChat' was not used in public declarations or inlinable code
    3 | internal import CmuxMobileDiagnostics
    4 | public import CmuxMobileBrowserStream
[837/859] Compiling CmuxMobileShell MobileShellMacAvailabilityFailureClassifier.swift
/private/tmp/cmux-verify-20260908170330-19681-7317/source-1198ba65bf/Packages/iOS/CmuxMobileShell/Sources/CmuxMobileShell/MobileShellComposite.swift:2:8: warning: public import of 'CmuxAgentChat' was not used in public declarations or inlinable code
    1 | public import CMUXMobileCore
    2 | public import CmuxAgentChat
      |        `- warning: public import of 'CmuxAgentChat' was not used in public declarations or inlinable code
    3 | internal import CmuxMobileDiagnostics
    4 | public import CmuxMobileBrowserStream
[838/859] Compiling CmuxMobileShell MobileShellScopeSnapshot.swift
/private/tmp/cmux-verify-20260908170330-19681-7317/source-1198ba65bf/Packages/iOS/CmuxMobileShell/Sources/CmuxMobileShell/MobileShellComposite.swift:2:8: warning: public import of 'CmuxAgentChat' was not used in public declarations or inlinable code
    1 | public import CMUXMobileCore
    2 | public import CmuxAgentChat
      |        `- warning: public import of 'CmuxAgentChat' was not used in public declarations or inlinable code
    3 | internal import CmuxMobileDiagnostics
    4 | public import CmuxMobileBrowserStream
[839/859] Compiling CmuxMobileShell MobileShellTerminalReplayOffMainDecoding.swift
/private/tmp/cmux-verify-20260908170330-19681-7317/source-1198ba65bf/Packages/iOS/CmuxMobileShell/Sources/CmuxMobileShell/MobileShellComposite.swift:2:8: warning: public import of 'CmuxAgentChat' was not used in public declarations or inlinable code
    1 | public import CMUXMobileCore
    2 | public import CmuxAgentChat
      |        `- warning: public import of 'CmuxAgentChat' was not used in public declarations or inlinable code
    3 | internal import CmuxMobileDiagnostics
    4 | public import CmuxMobileBrowserStream
[840/859] Compiling CmuxMobileShell MobileShellWorkspaceMutationTicketPolicy.swift
/private/tmp/cmux-verify-20260908170330-19681-7317/source-1198ba65bf/Packages/iOS/CmuxMobileShell/Sources/CmuxMobileShell/MobileShellComposite.swift:2:8: warning: public import of 'CmuxAgentChat' was not used in public declarations or inlinable code
    1 | public import CMUXMobileCore
    2 | public import CmuxAgentChat
      |        `- warning: public import of 'CmuxAgentChat' was not used in public declarations or inlinable code
    3 | internal import CmuxMobileDiagnostics
    4 | public import CmuxMobileBrowserStream
[841/859] Compiling CmuxMobileShell MobileSimulatorStreamStalenessMonitor.swift
/private/tmp/cmux-verify-20260908170330-19681-7317/source-1198ba65bf/Packages/iOS/CmuxMobileShell/Sources/CmuxMobileShell/MobileShellComposite.swift:2:8: warning: public import of 'CmuxAgentChat' was not used in public declarations or inlinable code
    1 | public import CMUXMobileCore
    2 | public import CmuxAgentChat
      |        `- warning: public import of 'CmuxAgentChat' was not used in public declarations or inlinable code
    3 | internal import CmuxMobileDiagnostics
    4 | public import CmuxMobileBrowserStream
[842/859] Compiling CmuxMobileShell MobileSimulatorStreamStore.swift
/private/tmp/cmux-verify-20260908170330-19681-7317/source-1198ba65bf/Packages/iOS/CmuxMobileShell/Sources/CmuxMobileShell/MobileShellComposite.swift:2:8: warning: public import of 'CmuxAgentChat' was not used in public declarations or inlinable code
    1 | public import CMUXMobileCore
    2 | public import CmuxAgentChat
      |        `- warning: public import of 'CmuxAgentChat' was not used in public declarations or inlinable code
    3 | internal import CmuxMobileDiagnostics
    4 | public import CmuxMobileBrowserStream
[843/859] Compiling CmuxMobileShell MobileTaskDirectoryListFailure.swift
/private/tmp/cmux-verify-20260908170330-19681-7317/source-1198ba65bf/Packages/iOS/CmuxMobileShell/Sources/CmuxMobileShell/MobileShellComposite.swift:2:8: warning: public import of 'CmuxAgentChat' was not used in public declarations or inlinable code
    1 | public import CMUXMobileCore
    2 | public import CmuxAgentChat
      |        `- warning: public import of 'CmuxAgentChat' was not used in public declarations or inlinable code
    3 | internal import CmuxMobileDiagnostics
    4 | public import CmuxMobileBrowserStream
[844/859] Compiling CmuxMobileShell MobileTaskModelCacheEntry.swift
/private/tmp/cmux-verify-20260908170330-19681-7317/source-1198ba65bf/Packages/iOS/CmuxMobileShell/Sources/CmuxMobileShell/MobileShellComposite.swift:2:8: warning: public import of 'CmuxAgentChat' was not used in public declarations or inlinable code
    1 | public import CMUXMobileCore
    2 | public import CmuxAgentChat
      |        `- warning: public import of 'CmuxAgentChat' was not used in public declarations or inlinable code
    3 | internal import CmuxMobileDiagnostics
    4 | public import CmuxMobileBrowserStream
[845/859] Compiling CmuxMobileShell MobileTaskModelCacheKey.swift
/private/tmp/cmux-verify-20260908170330-19681-7317/source-1198ba65bf/Packages/iOS/CmuxMobileShell/Sources/CmuxMobileShell/MobileShellComposite.swift:2:8: warning: public import of 'CmuxAgentChat' was not used in public declarations or inlinable code
    1 | public import CMUXMobileCore
    2 | public import CmuxAgentChat
      |        `- warning: public import of 'CmuxAgentChat' was not used in public declarations or inlinable code
    3 | internal import CmuxMobileDiagnostics
    4 | public import CmuxMobileBrowserStream
[846/859] Compiling CmuxMobileShell MobileTaskModelCatalogClient.swift
/private/tmp/cmux-verify-20260908170330-19681-7317/source-1198ba65bf/Packages/iOS/CmuxMobileShell/Sources/CmuxMobileShell/MobileShellComposite.swift:2:8: warning: public import of 'CmuxAgentChat' was not used in public declarations or inlinable code
    1 | public import CMUXMobileCore
    2 | public import CmuxAgentChat
      |        `- warning: public import of 'CmuxAgentChat' was not used in public declarations or inlinable code
    3 | internal import CmuxMobileDiagnostics
    4 | public import CmuxMobileBrowserStream
[847/859] Compiling CmuxMobileShell MobileTaskTemplateStore.swift
/private/tmp/cmux-verify-20260908170330-19681-7317/source-1198ba65bf/Packages/iOS/CmuxMobileShell/Sources/CmuxMobileShell/MobileShellComposite.swift:2:8: warning: public import of 'CmuxAgentChat' was not used in public declarations or inlinable code
    1 | public import CMUXMobileCore
    2 | public import CmuxAgentChat
      |        `- warning: public import of 'CmuxAgentChat' was not used in public declarations or inlinable code
    3 | internal import CmuxMobileDiagnostics
    4 | public import CmuxMobileBrowserStream
[848/859] Compiling CmuxMobileShell MobileTaskTemplateStoring.swift
/private/tmp/cmux-verify-20260908170330-19681-7317/source-1198ba65bf/Packages/iOS/CmuxMobileShell/Sources/CmuxMobileShell/MobileShellComposite.swift:2:8: warning: public import of 'CmuxAgentChat' was not used in public declarations or inlinable code
    1 | public import CMUXMobileCore
    2 | public import CmuxAgentChat
      |        `- warning: public import of 'CmuxAgentChat' was not used in public declarations or inlinable code
    3 | internal import CmuxMobileDiagnostics
    4 | public import CmuxMobileBrowserStream
[849/859] Compiling CmuxMobileShell MobileTerminalEventSubscriptionReadiness.swift
/private/tmp/cmux-verify-20260908170330-19681-7317/source-1198ba65bf/Packages/iOS/CmuxMobileShell/Sources/CmuxMobileShell/MobileShellComposite.swift:2:8: warning: public import of 'CmuxAgentChat' was not used in public declarations or inlinable code
    1 | public import CMUXMobileCore
    2 | public import CmuxAgentChat
      |        `- warning: public import of 'CmuxAgentChat' was not used in public declarations or inlinable code
    3 | internal import CmuxMobileDiagnostics
    4 | public import CmuxMobileBrowserStream
[850/859] Compiling CmuxMobileShell MobileTerminalInputRPCPipeline.swift
/private/tmp/cmux-verify-20260908170330-19681-7317/source-1198ba65bf/Packages/iOS/CmuxMobileShell/Sources/CmuxMobileShell/MobileShellComposite.swift:2:8: warning: public import of 'CmuxAgentChat' was not used in public declarations or inlinable code
    1 | public import CMUXMobileCore
    2 | public import CmuxAgentChat
      |        `- warning: public import of 'CmuxAgentChat' was not used in public declarations or inlinable code
    3 | internal import CmuxMobileDiagnostics
    4 | public import CmuxMobileBrowserStream
[851/859] Compiling CmuxMobileShell MobileTerminalLaneCoordinator.swift
/private/tmp/cmux-verify-20260908170330-19681-7317/source-1198ba65bf/Packages/iOS/CmuxMobileShell/Sources/CmuxMobileShell/MobileShellComposite.swift:2:8: warning: public import of 'CmuxAgentChat' was not used in public declarations or inlinable code
    1 | public import CMUXMobileCore
    2 | public import CmuxAgentChat
      |        `- warning: public import of 'CmuxAgentChat' was not used in public declarations or inlinable code
    3 | internal import CmuxMobileDiagnostics
    4 | public import CmuxMobileBrowserStream
[852/859] Compiling CmuxMobileShell MobileTerminalRenderGridFrame+TerminalOutputDelivery.swift
/private/tmp/cmux-verify-20260908170330-19681-7317/source-1198ba65bf/Packages/iOS/CmuxMobileShell/Sources/CmuxMobileShell/MobileShellComposite.swift:2:8: warning: public import of 'CmuxAgentChat' was not used in public declarations or inlinable code
    1 | public import CMUXMobileCore
    2 | public import CmuxAgentChat
      |        `- warning: public import of 'CmuxAgentChat' was not used in public declarations or inlinable code
    3 | internal import CmuxMobileDiagnostics
    4 | public import CmuxMobileBrowserStream
[853/859] Compiling CmuxMobileShell MobileTerminalSubscriptionValidation.swift
/private/tmp/cmux-verify-20260908170330-19681-7317/source-1198ba65bf/Packages/iOS/CmuxMobileShell/Sources/CmuxMobileShell/MobileShellComposite.swift:2:8: warning: public import of 'CmuxAgentChat' was not used in public declarations or inlinable code
    1 | public import CMUXMobileCore
    2 | public import CmuxAgentChat
      |        `- warning: public import of 'CmuxAgentChat' was not used in public declarations or inlinable code
    3 | internal import CmuxMobileDiagnostics
    4 | public import CmuxMobileBrowserStream
[854/859] Compiling CmuxMobileShell MobileTerminalThemeState.swift
/private/tmp/cmux-verify-20260908170330-19681-7317/source-1198ba65bf/Packages/iOS/CmuxMobileShell/Sources/CmuxMobileShell/MobileShellComposite.swift:2:8: warning: public import of 'CmuxAgentChat' was not used in public declarations or inlinable code
    1 | public import CMUXMobileCore
    2 | public import CmuxAgentChat
      |        `- warning: public import of 'CmuxAgentChat' was not used in public declarations or inlinable code
    3 | internal import CmuxMobileDiagnostics
    4 | public import CmuxMobileBrowserStream
[855/859] Compiling CmuxMobileShell MobileTerminalViewportKey.swift
/private/tmp/cmux-verify-20260908170330-19681-7317/source-1198ba65bf/Packages/iOS/CmuxMobileShell/Sources/CmuxMobileShell/MobileShellComposite.swift:2:8: warning: public import of 'CmuxAgentChat' was not used in public declarations or inlinable code
    1 | public import CMUXMobileCore
    2 | public import CmuxAgentChat
      |        `- warning: public import of 'CmuxAgentChat' was not used in public declarations or inlinable code
    3 | internal import CmuxMobileDiagnostics
    4 | public import CmuxMobileBrowserStream
[856/859] Compiling CmuxMobileShell MobileTerminalViewportSequenceKey.swift
/private/tmp/cmux-verify-20260908170330-19681-7317/source-1198ba65bf/Packages/iOS/CmuxMobileShell/Sources/CmuxMobileShell/MobileShellComposite.swift:2:8: warning: public import of 'CmuxAgentChat' was not used in public declarations or inlinable code
    1 | public import CMUXMobileCore
    2 | public import CmuxAgentChat
      |        `- warning: public import of 'CmuxAgentChat' was not used in public declarations or inlinable code
    3 | internal import CmuxMobileDiagnostics
    4 | public import CmuxMobileBrowserStream
[857/859] Compiling CmuxMobileShell MobileWorkspaceChangeStatus+FileChangeKind.swift
/private/tmp/cmux-verify-20260908170330-19681-7317/source-1198ba65bf/Packages/iOS/CmuxMobileShell/Sources/CmuxMobileShell/MobileShellComposite.swift:2:8: warning: public import of 'CmuxAgentChat' was not used in public declarations or inlinable code
    1 | public import CMUXMobileCore
    2 | public import CmuxAgentChat
      |        `- warning: public import of 'CmuxAgentChat' was not used in public declarations or inlinable code
    3 | internal import CmuxMobileDiagnostics
    4 | public import CmuxMobileBrowserStream
[858/867] Compiling CmuxMobileShellReleaseGateSupport MobileIrohReleaseGateArtifactPreparation.swift
[859/867] Compiling CmuxMobileShellReleaseGateSupport MobileIrohReleaseGateProbeFailure.swift
[860/867] Compiling CmuxMobileShellReleaseGateSupport MobileIrohReleaseGateProbeResult.swift
[861/867] Compiling CmuxMobileShellReleaseGateSupport MobileIrohReleaseGateResponseValidator.swift
[862/867] Compiling CmuxMobileShellReleaseGateSupport MobileIrohReleaseGateScenario.swift
[863/867] Emitting module CmuxMobileShellReleaseGateSupport
[864/867] Compiling CmuxMobileShellReleaseGateSupport MobileIrohReleaseGateRPCMethodInventory.swift
[865/867] Compiling CmuxMobileShellReleaseGateSupport MobileIrohReleaseGateRenderGridProbe.swift
[866/869] Compiling CmuxMobileShellReleaseGateSupport MobileIrohReleaseGateTerminalProbe.swift
[867/869] Compiling CmuxMobileShellReleaseGateSupport MobileShellComposite+IrohReleaseGate.swift
[868/942] Emitting module CmuxMobileShellTests
/private/tmp/cmux-verify-20260908170330-19681-7317/source-1198ba65bf/Packages/iOS/CmuxMobileShell/Tests/CmuxMobileShellTests/DeviceRegistryRequestDedupTests.swift:95:13: warning: 'nonisolated(unsafe)' is unnecessary for a constant with 'Sendable' type 'DispatchSemaphore', consider removing it
 93 |     private nonisolated(unsafe) static var teams: [String?] = []
 94 |     private nonisolated(unsafe) static var blocksFirstRequest = true
 95 |     private nonisolated(unsafe) static let firstRequestRelease = DispatchSemaphore(value: 0)
    |             `- warning: 'nonisolated(unsafe)' is unnecessary for a constant with 'Sendable' type 'DispatchSemaphore', consider removing it
 96 | 
 97 |     static var requestCount: Int {
[869/966] Compiling CmuxMobileShellTests AlwaysOnlineReachability.swift
/private/tmp/cmux-verify-20260908170330-19681-7317/source-1198ba65bf/Packages/iOS/CmuxMobileShell/Tests/CmuxMobileShellTests/ComposerSubmitRoutingTests.swift:30:22: warning: expression of type 'Bool' is unused [#no-usage]
 28 | 
 29 |         await router.releaseFirstPasteImage()
 30 |         await submit.value
    |                      `- warning: expression of type 'Bool' is unused [#no-usage]
 31 | 
 32 |         #expect(store.terminalSendStatus(forTerminalID: terminalID) == .sent)

/private/tmp/cmux-verify-20260908170330-19681-7317/source-1198ba65bf/Packages/iOS/CmuxMobileShell/Tests/CmuxMobileShellTests/ComposerSubmitRoutingTests.swift:116:22: warning: expression of type 'Bool' is unused [#no-usage]
114 |         store.selectTerminal(MobileTerminalPreview.ID(rawValue: termB))
115 |         await router.releaseFirstPasteImage()
116 |         await submit.value
    |                      `- warning: expression of type 'Bool' is unused [#no-usage]
117 | 
118 |         let images = await router.recordedPasteImages()

/private/tmp/cmux-verify-20260908170330-19681-7317/source-1198ba65bf/Packages/iOS/CmuxMobileShell/Tests/CmuxMobileShellTests/ComposerSubmitRoutingTests.swift:151:22: warning: expression of type 'Bool' is unused [#no-usage]
149 |         store.terminalInputText = "edited after send"
150 |         await router.releaseFirstPasteImage()
151 |         await submit.value
    |                      `- warning: expression of type 'Bool' is unused [#no-usage]
152 | 
153 |         let pastes = await router.recordedPastes()

/private/tmp/cmux-verify-20260908170330-19681-7317/source-1198ba65bf/Packages/iOS/CmuxMobileShell/Tests/CmuxMobileShellTests/ComposerSubmitRoutingTests.swift:184:22: warning: expression of type 'Bool' is unused [#no-usage]
182 |         store.terminalInputText = "b-draft"
183 |         await router.releaseFirstPasteImage()
184 |         await submit.value
    |                      `- warning: expression of type 'Bool' is unused [#no-usage]
185 | 
186 |         let pastes = await router.recordedPastes()

/private/tmp/cmux-verify-20260908170330-19681-7317/source-1198ba65bf/Packages/iOS/CmuxMobileShell/Tests/CmuxMobileShellTests/ComposerSubmitRoutingTests.swift:211:22: warning: expression of type 'Bool' is unused [#no-usage]
209 |         await router.awaitFirstPasteImageReached()
210 |         let second = Task { await store.submitComposer() }
211 |         await second.value
    |                      `- warning: expression of type 'Bool' is unused [#no-usage]
212 |         await router.releaseFirstPasteImage()
213 |         await first.value

/private/tmp/cmux-verify-20260908170330-19681-7317/source-1198ba65bf/Packages/iOS/CmuxMobileShell/Tests/CmuxMobileShellTests/ComposerSubmitRoutingTests.swift:213:21: warning: expression of type 'Bool' is unused [#no-usage]
211 |         await second.value
212 |         await router.releaseFirstPasteImage()
213 |         await first.value
    |                     `- warning: expression of type 'Bool' is unused [#no-usage]
214 | 
215 |         let images = await router.recordedPasteImages()

/private/tmp/cmux-verify-20260908170330-19681-7317/source-1198ba65bf/Packages/iOS/CmuxMobileShell/Tests/CmuxMobileShellTests/ComposerSubmitRoutingTests.swift:271:22: warning: expression of type 'Bool' is unused [#no-usage]
269 |         store.removePendingAttachment(id: secondID, forTerminalID: termA)
270 |         await router.releaseFirstPasteImage()
271 |         await submit.value
    |                      `- warning: expression of type 'Bool' is unused [#no-usage]
272 | 
273 |         let images = await router.recordedPasteImages()

/private/tmp/cmux-verify-20260908170330-19681-7317/source-1198ba65bf/Packages/iOS/CmuxMobileShell/Tests/CmuxMobileShellTests/ComposerSubmitRoutingTests.swift:337:22: warning: expression of type 'Bool' is unused [#no-usage]
335 |         try installFreshRemoteClient(on: store, router: newRouter)
336 |         await firstRouter.releaseFirstPasteImage()
337 |         await submit.value
    |                      `- warning: expression of type 'Bool' is unused [#no-usage]
338 | 
339 |         // The first image reached the OLD session (it was already in flight); the

/private/tmp/cmux-verify-20260908170330-19681-7317/source-1198ba65bf/Packages/iOS/CmuxMobileShell/Tests/CmuxMobileShellTests/ComposerSubmitRoutingTests.swift:376:22: warning: expression of type 'Bool' is unused [#no-usage]
374 |         try installFreshRemoteClient(on: store, router: newRouter)
375 |         await firstRouter.releaseFirstPasteImage()
376 |         await submit.value
    |                      `- warning: expression of type 'Bool' is unused [#no-usage]
377 | 
378 |         // Only the in-flight first image reached the old connection; nothing else.
[870/966] Compiling CmuxMobileShellTests ComposerDefaultOpenTests.swift
/private/tmp/cmux-verify-20260908170330-19681-7317/source-1198ba65bf/Packages/iOS/CmuxMobileShell/Tests/CmuxMobileShellTests/ComposerSubmitRoutingTests.swift:30:22: warning: expression of type 'Bool' is unused [#no-usage]
 28 | 
 29 |         await router.releaseFirstPasteImage()
 30 |         await submit.value
    |                      `- warning: expression of type 'Bool' is unused [#no-usage]
 31 | 
 32 |         #expect(store.terminalSendStatus(forTerminalID: terminalID) == .sent)

/private/tmp/cmux-verify-20260908170330-19681-7317/source-1198ba65bf/Packages/iOS/CmuxMobileShell/Tests/CmuxMobileShellTests/ComposerSubmitRoutingTests.swift:116:22: warning: expression of type 'Bool' is unused [#no-usage]
114 |         store.selectTerminal(MobileTerminalPreview.ID(rawValue: termB))
115 |         await router.releaseFirstPasteImage()
116 |         await submit.value
    |                      `- warning: expression of type 'Bool' is unused [#no-usage]
117 | 
118 |         let images = await router.recordedPasteImages()

/private/tmp/cmux-verify-20260908170330-19681-7317/source-1198ba65bf/Packages/iOS/CmuxMobileShell/Tests/CmuxMobileShellTests/ComposerSubmitRoutingTests.swift:151:22: warning: expression of type 'Bool' is unused [#no-usage]
149 |         store.terminalInputText = "edited after send"
150 |         await router.releaseFirstPasteImage()
151 |         await submit.value
    |                      `- warning: expression of type 'Bool' is unused [#no-usage]
152 | 
153 |         let pastes = await router.recordedPastes()

/private/tmp/cmux-verify-20260908170330-19681-7317/source-1198ba65bf/Packages/iOS/CmuxMobileShell/Tests/CmuxMobileShellTests/ComposerSubmitRoutingTests.swift:184:22: warning: expression of type 'Bool' is unused [#no-usage]
182 |         store.terminalInputText = "b-draft"
183 |         await router.releaseFirstPasteImage()
184 |         await submit.value
    |                      `- warning: expression of type 'Bool' is unused [#no-usage]
185 | 
186 |         let pastes = await router.recordedPastes()

/private/tmp/cmux-verify-20260908170330-19681-7317/source-1198ba65bf/Packages/iOS/CmuxMobileShell/Tests/CmuxMobileShellTests/ComposerSubmitRoutingTests.swift:211:22: warning: expression of type 'Bool' is unused [#no-usage]
209 |         await router.awaitFirstPasteImageReached()
210 |         let second = Task { await store.submitComposer() }
211 |         await second.value
    |                      `- warning: expression of type 'Bool' is unused [#no-usage]
212 |         await router.releaseFirstPasteImage()
213 |         await first.value

/private/tmp/cmux-verify-20260908170330-19681-7317/source-1198ba65bf/Packages/iOS/CmuxMobileShell/Tests/CmuxMobileShellTests/ComposerSubmitRoutingTests.swift:213:21: warning: expression of type 'Bool' is unused [#no-usage]
211 |         await second.value
212 |         await router.releaseFirstPasteImage()
213 |         await first.value
    |                     `- warning: expression of type 'Bool' is unused [#no-usage]
214 | 
215 |         let images = await router.recordedPasteImages()

/private/tmp/cmux-verify-20260908170330-19681-7317/source-1198ba65bf/Packages/iOS/CmuxMobileShell/Tests/CmuxMobileShellTests/ComposerSubmitRoutingTests.swift:271:22: warning: expression of type 'Bool' is unused [#no-usage]
269 |         store.removePendingAttachment(id: secondID, forTerminalID: termA)
270 |         await router.releaseFirstPasteImage()
271 |         await submit.value
    |                      `- warning: expression of type 'Bool' is unused [#no-usage]
272 | 
273 |         let images = await router.recordedPasteImages()

/private/tmp/cmux-verify-20260908170330-19681-7317/source-1198ba65bf/Packages/iOS/CmuxMobileShell/Tests/CmuxMobileShellTests/ComposerSubmitRoutingTests.swift:337:22: warning: expression of type 'Bool' is unused [#no-usage]
335 |         try installFreshRemoteClient(on: store, router: newRouter)
336 |         await firstRouter.releaseFirstPasteImage()
337 |         await submit.value
    |                      `- warning: expression of type 'Bool' is unused [#no-usage]
338 | 
339 |         // The first image reached the OLD session (it was already in flight); the

/private/tmp/cmux-verify-20260908170330-19681-7317/source-1198ba65bf/Packages/iOS/CmuxMobileShell/Tests/CmuxMobileShellTests/ComposerSubmitRoutingTests.swift:376:22: warning: expression of type 'Bool' is unused [#no-usage]
374 |         try installFreshRemoteClient(on: store, router: newRouter)
375 |         await firstRouter.releaseFirstPasteImage()
376 |         await submit.value
    |                      `- warning: expression of type 'Bool' is unused [#no-usage]
377 | 
378 |         // Only the in-flight first image reached the old connection; nothing else.
[871/966] Compiling CmuxMobileShellTests ComposerFileAttachmentSubmitTests.swift
/private/tmp/cmux-verify-20260908170330-19681-7317/source-1198ba65bf/Packages/iOS/CmuxMobileShell/Tests/CmuxMobileShellTests/ComposerSubmitRoutingTests.swift:30:22: warning: expression of type 'Bool' is unused [#no-usage]
 28 | 
 29 |         await router.releaseFirstPasteImage()
 30 |         await submit.value
    |                      `- warning: expression of type 'Bool' is unused [#no-usage]
 31 | 
 32 |         #expect(store.terminalSendStatus(forTerminalID: terminalID) == .sent)

/private/tmp/cmux-verify-20260908170330-19681-7317/source-1198ba65bf/Packages/iOS/CmuxMobileShell/Tests/CmuxMobileShellTests/ComposerSubmitRoutingTests.swift:116:22: warning: expression of type 'Bool' is unused [#no-usage]
114 |         store.selectTerminal(MobileTerminalPreview.ID(rawValue: termB))
115 |         await router.releaseFirstPasteImage()
116 |         await submit.value
    |                      `- warning: expression of type 'Bool' is unused [#no-usage]
117 | 
118 |         let images = await router.recordedPasteImages()

/private/tmp/cmux-verify-20260908170330-19681-7317/source-1198ba65bf/Packages/iOS/CmuxMobileShell/Tests/CmuxMobileShellTests/ComposerSubmitRoutingTests.swift:151:22: warning: expression of type 'Bool' is unused [#no-usage]
149 |         store.terminalInputText = "edited after send"
150 |         await router.releaseFirstPasteImage()
151 |         await submit.value
    |                      `- warning: expression of type 'Bool' is unused [#no-usage]
152 | 
153 |         let pastes = await router.recordedPastes()

/private/tmp/cmux-verify-20260908170330-19681-7317/source-1198ba65bf/Packages/iOS/CmuxMobileShell/Tests/CmuxMobileShellTests/ComposerSubmitRoutingTests.swift:184:22: warning: expression of type 'Bool' is unused [#no-usage]
182 |         store.terminalInputText = "b-draft"
183 |         await router.releaseFirstPasteImage()
184 |         await submit.value
    |                      `- warning: expression of type 'Bool' is unused [#no-usage]
185 | 
186 |         let pastes = await router.recordedPastes()

/private/tmp/cmux-verify-20260908170330-19681-7317/source-1198ba65bf/Packages/iOS/CmuxMobileShell/Tests/CmuxMobileShellTests/ComposerSubmitRoutingTests.swift:211:22: warning: expression of type 'Bool' is unused [#no-usage]
209 |         await router.awaitFirstPasteImageReached()
210 |         let second = Task { await store.submitComposer() }
211 |         await second.value
    |                      `- warning: expression of type 'Bool' is unused [#no-usage]
212 |         await router.releaseFirstPasteImage()
213 |         await first.value

/private/tmp/cmux-verify-20260908170330-19681-7317/source-1198ba65bf/Packages/iOS/CmuxMobileShell/Tests/CmuxMobileShellTests/ComposerSubmitRoutingTests.swift:213:21: warning: expression of type 'Bool' is unused [#no-usage]
211 |         await second.value
212 |         await router.releaseFirstPasteImage()
213 |         await first.value
    |                     `- warning: expression of type 'Bool' is unused [#no-usage]
214 | 
215 |         let images = await router.recordedPasteImages()

/private/tmp/cmux-verify-20260908170330-19681-7317/source-1198ba65bf/Packages/iOS/CmuxMobileShell/Tests/CmuxMobileShellTests/ComposerSubmitRoutingTests.swift:271:22: warning: expression of type 'Bool' is unused [#no-usage]
269 |         store.removePendingAttachment(id: secondID, forTerminalID: termA)
270 |         await router.releaseFirstPasteImage()
271 |         await submit.value
    |                      `- warning: expression of type 'Bool' is unused [#no-usage]
272 | 
273 |         let images = await router.recordedPasteImages()

/private/tmp/cmux-verify-20260908170330-19681-7317/source-1198ba65bf/Packages/iOS/CmuxMobileShell/Tests/CmuxMobileShellTests/ComposerSubmitRoutingTests.swift:337:22: warning: expression of type 'Bool' is unused [#no-usage]
335 |         try installFreshRemoteClient(on: store, router: newRouter)
336 |         await firstRouter.releaseFirstPasteImage()
337 |         await submit.value
    |                      `- warning: expression of type 'Bool' is unused [#no-usage]
338 | 
339 |         // The first image reached the OLD session (it was already in flight); the

/private/tmp/cmux-verify-20260908170330-19681-7317/source-1198ba65bf/Packages/iOS/CmuxMobileShell/Tests/CmuxMobileShellTests/ComposerSubmitRoutingTests.swift:376:22: warning: expression of type 'Bool' is unused [#no-usage]
374 |         try installFreshRemoteClient(on: store, router: newRouter)
375 |         await firstRouter.releaseFirstPasteImage()
376 |         await submit.value
    |                      `- warning: expression of type 'Bool' is unused [#no-usage]
377 | 
378 |         // Only the in-flight first image reached the old connection; nothing else.
[872/966] Compiling CmuxMobileShellTests ComposerPendingAttachmentTests.swift
/private/tmp/cmux-verify-20260908170330-19681-7317/source-1198ba65bf/Packages/iOS/CmuxMobileShell/Tests/CmuxMobileShellTests/ComposerSubmitRoutingTests.swift:30:22: warning: expression of type 'Bool' is unused [#no-usage]
 28 | 
 29 |         await router.releaseFirstPasteImage()
 30 |         await submit.value
    |                      `- warning: expression of type 'Bool' is unused [#no-usage]
 31 | 
 32 |         #expect(store.terminalSendStatus(forTerminalID: terminalID) == .sent)

/private/tmp/cmux-verify-20260908170330-19681-7317/source-1198ba65bf/Packages/iOS/CmuxMobileShell/Tests/CmuxMobileShellTests/ComposerSubmitRoutingTests.swift:116:22: warning: expression of type 'Bool' is unused [#no-usage]
114 |         store.selectTerminal(MobileTerminalPreview.ID(rawValue: termB))
115 |         await router.releaseFirstPasteImage()
116 |         await submit.value
    |                      `- warning: expression of type 'Bool' is unused [#no-usage]
117 | 
118 |         let images = await router.recordedPasteImages()

/private/tmp/cmux-verify-20260908170330-19681-7317/source-1198ba65bf/Packages/iOS/CmuxMobileShell/Tests/CmuxMobileShellTests/ComposerSubmitRoutingTests.swift:151:22: warning: expression of type 'Bool' is unused [#no-usage]
149 |         store.terminalInputText = "edited after send"
150 |         await router.releaseFirstPasteImage()
151 |         await submit.value
    |                      `- warning: expression of type 'Bool' is unused [#no-usage]
152 | 
153 |         let pastes = await router.recordedPastes()

/private/tmp/cmux-verify-20260908170330-19681-7317/source-1198ba65bf/Packages/iOS/CmuxMobileShell/Tests/CmuxMobileShellTests/ComposerSubmitRoutingTests.swift:184:22: warning: expression of type 'Bool' is unused [#no-usage]
182 |         store.terminalInputText = "b-draft"
183 |         await router.releaseFirstPasteImage()
184 |         await submit.value
    |                      `- warning: expression of type 'Bool' is unused [#no-usage]
185 | 
186 |         let pastes = await router.recordedPastes()

/private/tmp/cmux-verify-20260908170330-19681-7317/source-1198ba65bf/Packages/iOS/CmuxMobileShell/Tests/CmuxMobileShellTests/ComposerSubmitRoutingTests.swift:211:22: warning: expression of type 'Bool' is unused [#no-usage]
209 |         await router.awaitFirstPasteImageReached()
210 |         let second = Task { await store.submitComposer() }
211 |         await second.value
    |                      `- warning: expression of type 'Bool' is unused [#no-usage]
212 |         await router.releaseFirstPasteImage()
213 |         await first.value

/private/tmp/cmux-verify-20260908170330-19681-7317/source-1198ba65bf/Packages/iOS/CmuxMobileShell/Tests/CmuxMobileShellTests/ComposerSubmitRoutingTests.swift:213:21: warning: expression of type 'Bool' is unused [#no-usage]
211 |         await second.value
212 |         await router.releaseFirstPasteImage()
213 |         await first.value
    |                     `- warning: expression of type 'Bool' is unused [#no-usage]
214 | 
215 |         let images = await router.recordedPasteImages()

/private/tmp/cmux-verify-20260908170330-19681-7317/source-1198ba65bf/Packages/iOS/CmuxMobileShell/Tests/CmuxMobileShellTests/ComposerSubmitRoutingTests.swift:271:22: warning: expression of type 'Bool' is unused [#no-usage]
269 |         store.removePendingAttachment(id: secondID, forTerminalID: termA)
270 |         await router.releaseFirstPasteImage()
271 |         await submit.value
    |                      `- warning: expression of type 'Bool' is unused [#no-usage]
272 | 
273 |         let images = await router.recordedPasteImages()

/private/tmp/cmux-verify-20260908170330-19681-7317/source-1198ba65bf/Packages/iOS/CmuxMobileShell/Tests/CmuxMobileShellTests/ComposerSubmitRoutingTests.swift:337:22: warning: expression of type 'Bool' is unused [#no-usage]
335 |         try installFreshRemoteClient(on: store, router: newRouter)
336 |         await firstRouter.releaseFirstPasteImage()
337 |         await submit.value
    |                      `- warning: expression of type 'Bool' is unused [#no-usage]
338 | 
339 |         // The first image reached the OLD session (it was already in flight); the

/private/tmp/cmux-verify-20260908170330-19681-7317/source-1198ba65bf/Packages/iOS/CmuxMobileShell/Tests/CmuxMobileShellTests/ComposerSubmitRoutingTests.swift:376:22: warning: expression of type 'Bool' is unused [#no-usage]
374 |         try installFreshRemoteClient(on: store, router: newRouter)
375 |         await firstRouter.releaseFirstPasteImage()
376 |         await submit.value
    |                      `- warning: expression of type 'Bool' is unused [#no-usage]
377 | 
378 |         // Only the in-flight first image reached the old connection; nothing else.
[873/966] Compiling CmuxMobileShellTests ComposerSubmitDraftReconcileTests.swift
/private/tmp/cmux-verify-20260908170330-19681-7317/source-1198ba65bf/Packages/iOS/CmuxMobileShell/Tests/CmuxMobileShellTests/ComposerSubmitRoutingTests.swift:30:22: warning: expression of type 'Bool' is unused [#no-usage]
 28 | 
 29 |         await router.releaseFirstPasteImage()
 30 |         await submit.value
    |                      `- warning: expression of type 'Bool' is unused [#no-usage]
 31 | 
 32 |         #expect(store.terminalSendStatus(forTerminalID: terminalID) == .sent)

/private/tmp/cmux-verify-20260908170330-19681-7317/source-1198ba65bf/Packages/iOS/CmuxMobileShell/Tests/CmuxMobileShellTests/ComposerSubmitRoutingTests.swift:116:22: warning: expression of type 'Bool' is unused [#no-usage]
114 |         store.selectTerminal(MobileTerminalPreview.ID(rawValue: termB))
115 |         await router.releaseFirstPasteImage()
116 |         await submit.value
    |                      `- warning: expression of type 'Bool' is unused [#no-usage]
117 | 
118 |         let images = await router.recordedPasteImages()

/private/tmp/cmux-verify-20260908170330-19681-7317/source-1198ba65bf/Packages/iOS/CmuxMobileShell/Tests/CmuxMobileShellTests/ComposerSubmitRoutingTests.swift:151:22: warning: expression of type 'Bool' is unused [#no-usage]
149 |         store.terminalInputText = "edited after send"
150 |         await router.releaseFirstPasteImage()
151 |         await submit.value
    |                      `- warning: expression of type 'Bool' is unused [#no-usage]
152 | 
153 |         let pastes = await router.recordedPastes()

/private/tmp/cmux-verify-20260908170330-19681-7317/source-1198ba65bf/Packages/iOS/CmuxMobileShell/Tests/CmuxMobileShellTests/ComposerSubmitRoutingTests.swift:184:22: warning: expression of type 'Bool' is unused [#no-usage]
182 |         store.terminalInputText = "b-draft"
183 |         await router.releaseFirstPasteImage()
184 |         await submit.value
    |                      `- warning: expression of type 'Bool' is unused [#no-usage]
185 | 
186 |         let pastes = await router.recordedPastes()

/private/tmp/cmux-verify-20260908170330-19681-7317/source-1198ba65bf/Packages/iOS/CmuxMobileShell/Tests/CmuxMobileShellTests/ComposerSubmitRoutingTests.swift:211:22: warning: expression of type 'Bool' is unused [#no-usage]
209 |         await router.awaitFirstPasteImageReached()
210 |         let second = Task { await store.submitComposer() }
211 |         await second.value
    |                      `- warning: expression of type 'Bool' is unused [#no-usage]
212 |         await router.releaseFirstPasteImage()
213 |         await first.value

/private/tmp/cmux-verify-20260908170330-19681-7317/source-1198ba65bf/Packages/iOS/CmuxMobileShell/Tests/CmuxMobileShellTests/ComposerSubmitRoutingTests.swift:213:21: warning: expression of type 'Bool' is unused [#no-usage]
211 |         await second.value
212 |         await router.releaseFirstPasteImage()
213 |         await first.value
    |                     `- warning: expression of type 'Bool' is unused [#no-usage]
214 | 
215 |         let images = await router.recordedPasteImages()

/private/tmp/cmux-verify-20260908170330-19681-7317/source-1198ba65bf/Packages/iOS/CmuxMobileShell/Tests/CmuxMobileShellTests/ComposerSubmitRoutingTests.swift:271:22: warning: expression of type 'Bool' is unused [#no-usage]
269 |         store.removePendingAttachment(id: secondID, forTerminalID: termA)
270 |         await router.releaseFirstPasteImage()
271 |         await submit.value
    |                      `- warning: expression of type 'Bool' is unused [#no-usage]
272 | 
273 |         let images = await router.recordedPasteImages()

/private/tmp/cmux-verify-20260908170330-19681-7317/source-1198ba65bf/Packages/iOS/CmuxMobileShell/Tests/CmuxMobileShellTests/ComposerSubmitRoutingTests.swift:337:22: warning: expression of type 'Bool' is unused [#no-usage]
335 |         try installFreshRemoteClient(on: store, router: newRouter)
336 |         await firstRouter.releaseFirstPasteImage()
337 |         await submit.value
    |                      `- warning: expression of type 'Bool' is unused [#no-usage]
338 | 
339 |         // The first image reached the OLD session (it was already in flight); the

/private/tmp/cmux-verify-20260908170330-19681-7317/source-1198ba65bf/Packages/iOS/CmuxMobileShell/Tests/CmuxMobileShellTests/ComposerSubmitRoutingTests.swift:376:22: warning: expression of type 'Bool' is unused [#no-usage]
374 |         try installFreshRemoteClient(on: store, router: newRouter)
375 |         await firstRouter.releaseFirstPasteImage()
376 |         await submit.value
    |                      `- warning: expression of type 'Bool' is unused [#no-usage]
377 | 
378 |         // Only the in-flight first image reached the old connection; nothing else.
[874/966] Compiling CmuxMobileShellTests ComposerSubmitRoutingStoreBuilders.swift
/private/tmp/cmux-verify-20260908170330-19681-7317/source-1198ba65bf/Packages/iOS/CmuxMobileShell/Tests/CmuxMobileShellTests/ComposerSubmitRoutingTests.swift:30:22: warning: expression of type 'Bool' is unused [#no-usage]
 28 | 
 29 |         await router.releaseFirstPasteImage()
 30 |         await submit.value
    |                      `- warning: expression of type 'Bool' is unused [#no-usage]
 31 | 
 32 |         #expect(store.terminalSendStatus(forTerminalID: terminalID) == .sent)

/private/tmp/cmux-verify-20260908170330-19681-7317/source-1198ba65bf/Packages/iOS/CmuxMobileShell/Tests/CmuxMobileShellTests/ComposerSubmitRoutingTests.swift:116:22: warning: expression of type 'Bool' is unused [#no-usage]
114 |         store.selectTerminal(MobileTerminalPreview.ID(rawValue: termB))
115 |         await router.releaseFirstPasteImage()
116 |         await submit.value
    |                      `- warning: expression of type 'Bool' is unused [#no-usage]
117 | 
118 |         let images = await router.recordedPasteImages()

/private/tmp/cmux-verify-20260908170330-19681-7317/source-1198ba65bf/Packages/iOS/CmuxMobileShell/Tests/CmuxMobileShellTests/ComposerSubmitRoutingTests.swift:151:22: warning: expression of type 'Bool' is unused [#no-usage]
149 |         store.terminalInputText = "edited after send"
150 |         await router.releaseFirstPasteImage()
151 |         await submit.value
    |                      `- warning: expression of type 'Bool' is unused [#no-usage]
152 | 
153 |         let pastes = await router.recordedPastes()

/private/tmp/cmux-verify-20260908170330-19681-7317/source-1198ba65bf/Packages/iOS/CmuxMobileShell/Tests/CmuxMobileShellTests/ComposerSubmitRoutingTests.swift:184:22: warning: expression of type 'Bool' is unused [#no-usage]
182 |         store.terminalInputText = "b-draft"
183 |         await router.releaseFirstPasteImage()
184 |         await submit.value
    |                      `- warning: expression of type 'Bool' is unused [#no-usage]
185 | 
186 |         let pastes = await router.recordedPastes()

/private/tmp/cmux-verify-20260908170330-19681-7317/source-1198ba65bf/Packages/iOS/CmuxMobileShell/Tests/CmuxMobileShellTests/ComposerSubmitRoutingTests.swift:211:22: warning: expression of type 'Bool' is unused [#no-usage]
209 |         await router.awaitFirstPasteImageReached()
210 |         let second = Task { await store.submitComposer() }
211 |         await second.value
    |                      `- warning: expression of type 'Bool' is unused [#no-usage]
212 |         await router.releaseFirstPasteImage()
213 |         await first.value

/private/tmp/cmux-verify-20260908170330-19681-7317/source-1198ba65bf/Packages/iOS/CmuxMobileShell/Tests/CmuxMobileShellTests/ComposerSubmitRoutingTests.swift:213:21: warning: expression of type 'Bool' is unused [#no-usage]
211 |         await second.value
212 |         await router.releaseFirstPasteImage()
213 |         await first.value
    |                     `- warning: expression of type 'Bool' is unused [#no-usage]
214 | 
215 |         let images = await router.recordedPasteImages()

/private/tmp/cmux-verify-20260908170330-19681-7317/source-1198ba65bf/Packages/iOS/CmuxMobileShell/Tests/CmuxMobileShellTests/ComposerSubmitRoutingTests.swift:271:22: warning: expression of type 'Bool' is unused [#no-usage]
269 |         store.removePendingAttachment(id: secondID, forTerminalID: termA)
270 |         await router.releaseFirstPasteImage()
271 |         await submit.value
    |                      `- warning: expression of type 'Bool' is unused [#no-usage]
272 | 
273 |         let images = await router.recordedPasteImages()

/private/tmp/cmux-verify-20260908170330-19681-7317/source-1198ba65bf/Packages/iOS/CmuxMobileShell/Tests/CmuxMobileShellTests/ComposerSubmitRoutingTests.swift:337:22: warning: expression of type 'Bool' is unused [#no-usage]
335 |         try installFreshRemoteClient(on: store, router: newRouter)
336 |         await firstRouter.releaseFirstPasteImage()
337 |         await submit.value
    |                      `- warning: expression of type 'Bool' is unused [#no-usage]
338 | 
339 |         // The first image reached the OLD session (it was already in flight); the

/private/tmp/cmux-verify-20260908170330-19681-7317/source-1198ba65bf/Packages/iOS/CmuxMobileShell/Tests/CmuxMobileShellTests/ComposerSubmitRoutingTests.swift:376:22: warning: expression of type 'Bool' is unused [#no-usage]
374 |         try installFreshRemoteClient(on: store, router: newRouter)
375 |         await firstRouter.releaseFirstPasteImage()
376 |         await submit.value
    |                      `- warning: expression of type 'Bool' is unused [#no-usage]
377 | 
378 |         // Only the in-flight first image reached the old connection; nothing else.
[875/966] Compiling CmuxMobileShellTests ComposerSubmitRoutingTestSupport.swift
/private/tmp/cmux-verify-20260908170330-19681-7317/source-1198ba65bf/Packages/iOS/CmuxMobileShell/Tests/CmuxMobileShellTests/ComposerSubmitRoutingTests.swift:30:22: warning: expression of type 'Bool' is unused [#no-usage]
 28 | 
 29 |         await router.releaseFirstPasteImage()
 30 |         await submit.value
    |                      `- warning: expression of type 'Bool' is unused [#no-usage]
 31 | 
 32 |         #expect(store.terminalSendStatus(forTerminalID: terminalID) == .sent)

/private/tmp/cmux-verify-20260908170330-19681-7317/source-1198ba65bf/Packages/iOS/CmuxMobileShell/Tests/CmuxMobileShellTests/ComposerSubmitRoutingTests.swift:116:22: warning: expression of type 'Bool' is unused [#no-usage]
114 |         store.selectTerminal(MobileTerminalPreview.ID(rawValue: termB))
115 |         await router.releaseFirstPasteImage()
116 |         await submit.value
    |                      `- warning: expression of type 'Bool' is unused [#no-usage]
117 | 
118 |         let images = await router.recordedPasteImages()

/private/tmp/cmux-verify-20260908170330-19681-7317/source-1198ba65bf/Packages/iOS/CmuxMobileShell/Tests/CmuxMobileShellTests/ComposerSubmitRoutingTests.swift:151:22: warning: expression of type 'Bool' is unused [#no-usage]
149 |         store.terminalInputText = "edited after send"
150 |         await router.releaseFirstPasteImage()
151 |         await submit.value
    |                      `- warning: expression of type 'Bool' is unused [#no-usage]
152 | 
153 |         let pastes = await router.recordedPastes()

/private/tmp/cmux-verify-20260908170330-19681-7317/source-1198ba65bf/Packages/iOS/CmuxMobileShell/Tests/CmuxMobileShellTests/ComposerSubmitRoutingTests.swift:184:22: warning: expression of type 'Bool' is unused [#no-usage]
182 |         store.terminalInputText = "b-draft"
183 |         await router.releaseFirstPasteImage()
184 |         await submit.value
    |                      `- warning: expression of type 'Bool' is unused [#no-usage]
185 | 
186 |         let pastes = await router.recordedPastes()

/private/tmp/cmux-verify-20260908170330-19681-7317/source-1198ba65bf/Packages/iOS/CmuxMobileShell/Tests/CmuxMobileShellTests/ComposerSubmitRoutingTests.swift:211:22: warning: expression of type 'Bool' is unused [#no-usage]
209 |         await router.awaitFirstPasteImageReached()
210 |         let second = Task { await store.submitComposer() }
211 |         await second.value
    |                      `- warning: expression of type 'Bool' is unused [#no-usage]
212 |         await router.releaseFirstPasteImage()
213 |         await first.value

/private/tmp/cmux-verify-20260908170330-19681-7317/source-1198ba65bf/Packages/iOS/CmuxMobileShell/Tests/CmuxMobileShellTests/ComposerSubmitRoutingTests.swift:213:21: warning: expression of type 'Bool' is unused [#no-usage]
211 |         await second.value
212 |         await router.releaseFirstPasteImage()
213 |         await first.value
    |                     `- warning: expression of type 'Bool' is unused [#no-usage]
214 | 
215 |         let images = await router.recordedPasteImages()

/private/tmp/cmux-verify-20260908170330-19681-7317/source-1198ba65bf/Packages/iOS/CmuxMobileShell/Tests/CmuxMobileShellTests/ComposerSubmitRoutingTests.swift:271:22: warning: expression of type 'Bool' is unused [#no-usage]
269 |         store.removePendingAttachment(id: secondID, forTerminalID: termA)
270 |         await router.releaseFirstPasteImage()
271 |         await submit.value
    |                      `- warning: expression of type 'Bool' is unused [#no-usage]
272 | 
273 |         let images = await router.recordedPasteImages()

/private/tmp/cmux-verify-20260908170330-19681-7317/source-1198ba65bf/Packages/iOS/CmuxMobileShell/Tests/CmuxMobileShellTests/ComposerSubmitRoutingTests.swift:337:22: warning: expression of type 'Bool' is unused [#no-usage]
335 |         try installFreshRemoteClient(on: store, router: newRouter)
336 |         await firstRouter.releaseFirstPasteImage()
337 |         await submit.value
    |                      `- warning: expression of type 'Bool' is unused [#no-usage]
338 | 
339 |         // The first image reached the OLD session (it was already in flight); the

/private/tmp/cmux-verify-20260908170330-19681-7317/source-1198ba65bf/Packages/iOS/CmuxMobileShell/Tests/CmuxMobileShellTests/ComposerSubmitRoutingTests.swift:376:22: warning: expression of type 'Bool' is unused [#no-usage]
374 |         try installFreshRemoteClient(on: store, router: newRouter)
375 |         await firstRouter.releaseFirstPasteImage()
376 |         await submit.value
    |                      `- warning: expression of type 'Bool' is unused [#no-usage]
377 | 
378 |         // Only the in-flight first image reached the old connection; nothing else.
[876/966] Compiling CmuxMobileShellTests ComposerSubmitRoutingTests.swift
/private/tmp/cmux-verify-20260908170330-19681-7317/source-1198ba65bf/Packages/iOS/CmuxMobileShell/Tests/CmuxMobileShellTests/ComposerSubmitRoutingTests.swift:30:22: warning: expression of type 'Bool' is unused [#no-usage]
 28 | 
 29 |         await router.releaseFirstPasteImage()
 30 |         await submit.value
    |                      `- warning: expression of type 'Bool' is unused [#no-usage]
 31 | 
 32 |         #expect(store.terminalSendStatus(forTerminalID: terminalID) == .sent)

/private/tmp/cmux-verify-20260908170330-19681-7317/source-1198ba65bf/Packages/iOS/CmuxMobileShell/Tests/CmuxMobileShellTests/ComposerSubmitRoutingTests.swift:116:22: warning: expression of type 'Bool' is unused [#no-usage]
114 |         store.selectTerminal(MobileTerminalPreview.ID(rawValue: termB))
115 |         await router.releaseFirstPasteImage()
116 |         await submit.value
    |                      `- warning: expression of type 'Bool' is unused [#no-usage]
117 | 
118 |         let images = await router.recordedPasteImages()

/private/tmp/cmux-verify-20260908170330-19681-7317/source-1198ba65bf/Packages/iOS/CmuxMobileShell/Tests/CmuxMobileShellTests/ComposerSubmitRoutingTests.swift:151:22: warning: expression of type 'Bool' is unused [#no-usage]
149 |         store.terminalInputText = "edited after send"
150 |         await router.releaseFirstPasteImage()
151 |         await submit.value
    |                      `- warning: expression of type 'Bool' is unused [#no-usage]
152 | 
153 |         let pastes = await router.recordedPastes()

/private/tmp/cmux-verify-20260908170330-19681-7317/source-1198ba65bf/Packages/iOS/CmuxMobileShell/Tests/CmuxMobileShellTests/ComposerSubmitRoutingTests.swift:184:22: warning: expression of type 'Bool' is unused [#no-usage]
182 |         store.terminalInputText = "b-draft"
183 |         await router.releaseFirstPasteImage()
184 |         await submit.value
    |                      `- warning: expression of type 'Bool' is unused [#no-usage]
185 | 
186 |         let pastes = await router.recordedPastes()

/private/tmp/cmux-verify-20260908170330-19681-7317/source-1198ba65bf/Packages/iOS/CmuxMobileShell/Tests/CmuxMobileShellTests/ComposerSubmitRoutingTests.swift:211:22: warning: expression of type 'Bool' is unused [#no-usage]
209 |         await router.awaitFirstPasteImageReached()
210 |         let second = Task { await store.submitComposer() }
211 |         await second.value
    |                      `- warning: expression of type 'Bool' is unused [#no-usage]
212 |         await router.releaseFirstPasteImage()
213 |         await first.value

/private/tmp/cmux-verify-20260908170330-19681-7317/source-1198ba65bf/Packages/iOS/CmuxMobileShell/Tests/CmuxMobileShellTests/ComposerSubmitRoutingTests.swift:213:21: warning: expression of type 'Bool' is unused [#no-usage]
211 |         await second.value
212 |         await router.releaseFirstPasteImage()
213 |         await first.value
    |                     `- warning: expression of type 'Bool' is unused [#no-usage]
214 | 
215 |         let images = await router.recordedPasteImages()

/private/tmp/cmux-verify-20260908170330-19681-7317/source-1198ba65bf/Packages/iOS/CmuxMobileShell/Tests/CmuxMobileShellTests/ComposerSubmitRoutingTests.swift:271:22: warning: expression of type 'Bool' is unused [#no-usage]
269 |         store.removePendingAttachment(id: secondID, forTerminalID: termA)
270 |         await router.releaseFirstPasteImage()
271 |         await submit.value
    |                      `- warning: expression of type 'Bool' is unused [#no-usage]
272 | 
273 |         let images = await router.recordedPasteImages()

/private/tmp/cmux-verify-20260908170330-19681-7317/source-1198ba65bf/Packages/iOS/CmuxMobileShell/Tests/CmuxMobileShellTests/ComposerSubmitRoutingTests.swift:337:22: warning: expression of type 'Bool' is unused [#no-usage]
335 |         try installFreshRemoteClient(on: store, router: newRouter)
336 |         await firstRouter.releaseFirstPasteImage()
337 |         await submit.value
    |                      `- warning: expression of type 'Bool' is unused [#no-usage]
338 | 
339 |         // The first image reached the OLD session (it was already in flight); the

/private/tmp/cmux-verify-20260908170330-19681-7317/source-1198ba65bf/Packages/iOS/CmuxMobileShell/Tests/CmuxMobileShellTests/ComposerSubmitRoutingTests.swift:376:22: warning: expression of type 'Bool' is unused [#no-usage]
374 |         try installFreshRemoteClient(on: store, router: newRouter)
375 |         await firstRouter.releaseFirstPasteImage()
376 |         await submit.value
    |                      `- warning: expression of type 'Bool' is unused [#no-usage]
377 | 
378 |         // Only the in-flight first image reached the old connection; nothing else.
[877/966] Compiling CmuxMobileShellTests ConnectionTeardownWorkspaceRetentionTests.swift
/private/tmp/cmux-verify-20260908170330-19681-7317/source-1198ba65bf/Packages/iOS/CmuxMobileShell/Tests/CmuxMobileShellTests/ComposerSubmitRoutingTests.swift:30:22: warning: expression of type 'Bool' is unused [#no-usage]
 28 | 
 29 |         await router.releaseFirstPasteImage()
 30 |         await submit.value
    |                      `- warning: expression of type 'Bool' is unused [#no-usage]
 31 | 
 32 |         #expect(store.terminalSendStatus(forTerminalID: terminalID) == .sent)

/private/tmp/cmux-verify-20260908170330-19681-7317/source-1198ba65bf/Packages/iOS/CmuxMobileShell/Tests/CmuxMobileShellTests/ComposerSubmitRoutingTests.swift:116:22: warning: expression of type 'Bool' is unused [#no-usage]
114 |         store.selectTerminal(MobileTerminalPreview.ID(rawValue: termB))
115 |         await router.releaseFirstPasteImage()
116 |         await submit.value
    |                      `- warning: expression of type 'Bool' is unused [#no-usage]
117 | 
118 |         let images = await router.recordedPasteImages()

/private/tmp/cmux-verify-20260908170330-19681-7317/source-1198ba65bf/Packages/iOS/CmuxMobileShell/Tests/CmuxMobileShellTests/ComposerSubmitRoutingTests.swift:151:22: warning: expression of type 'Bool' is unused [#no-usage]
149 |         store.terminalInputText = "edited after send"
150 |         await router.releaseFirstPasteImage()
151 |         await submit.value
    |                      `- warning: expression of type 'Bool' is unused [#no-usage]
152 | 
153 |         let pastes = await router.recordedPastes()

/private/tmp/cmux-verify-20260908170330-19681-7317/source-1198ba65bf/Packages/iOS/CmuxMobileShell/Tests/CmuxMobileShellTests/ComposerSubmitRoutingTests.swift:184:22: warning: expression of type 'Bool' is unused [#no-usage]
182 |         store.terminalInputText = "b-draft"
183 |         await router.releaseFirstPasteImage()
184 |         await submit.value
    |                      `- warning: expression of type 'Bool' is unused [#no-usage]
185 | 
186 |         let pastes = await router.recordedPastes()

/private/tmp/cmux-verify-20260908170330-19681-7317/source-1198ba65bf/Packages/iOS/CmuxMobileShell/Tests/CmuxMobileShellTests/ComposerSubmitRoutingTests.swift:211:22: warning: expression of type 'Bool' is unused [#no-usage]
209 |         await router.awaitFirstPasteImageReached()
210 |         let second = Task { await store.submitComposer() }
211 |         await second.value
    |                      `- warning: expression of type 'Bool' is unused [#no-usage]
212 |         await router.releaseFirstPasteImage()
213 |         await first.value

/private/tmp/cmux-verify-20260908170330-19681-7317/source-1198ba65bf/Packages/iOS/CmuxMobileShell/Tests/CmuxMobileShellTests/ComposerSubmitRoutingTests.swift:213:21: warning: expression of type 'Bool' is unused [#no-usage]
211 |         await second.value
212 |         await router.releaseFirstPasteImage()
213 |         await first.value
    |                     `- warning: expression of type 'Bool' is unused [#no-usage]
214 | 
215 |         let images = await router.recordedPasteImages()

/private/tmp/cmux-verify-20260908170330-19681-7317/source-1198ba65bf/Packages/iOS/CmuxMobileShell/Tests/CmuxMobileShellTests/ComposerSubmitRoutingTests.swift:271:22: warning: expression of type 'Bool' is unused [#no-usage]
269 |         store.removePendingAttachment(id: secondID, forTerminalID: termA)
270 |         await router.releaseFirstPasteImage()
271 |         await submit.value
    |                      `- warning: expression of type 'Bool' is unused [#no-usage]
272 | 
273 |         let images = await router.recordedPasteImages()

/private/tmp/cmux-verify-20260908170330-19681-7317/source-1198ba65bf/Packages/iOS/CmuxMobileShell/Tests/CmuxMobileShellTests/ComposerSubmitRoutingTests.swift:337:22: warning: expression of type 'Bool' is unused [#no-usage]
335 |         try installFreshRemoteClient(on: store, router: newRouter)
336 |         await firstRouter.releaseFirstPasteImage()
337 |         await submit.value
    |                      `- warning: expression of type 'Bool' is unused [#no-usage]
338 | 
339 |         // The first image reached the OLD session (it was already in flight); the

/private/tmp/cmux-verify-20260908170330-19681-7317/source-1198ba65bf/Packages/iOS/CmuxMobileShell/Tests/CmuxMobileShellTests/ComposerSubmitRoutingTests.swift:376:22: warning: expression of type 'Bool' is unused [#no-usage]
374 |         try installFreshRemoteClient(on: store, router: newRouter)
375 |         await firstRouter.releaseFirstPasteImage()
376 |         await submit.value
    |                      `- warning: expression of type 'Bool' is unused [#no-usage]
377 | 
378 |         // Only the in-flight first image reached the old connection; nothing else.
[878/966] Compiling CmuxMobileShellTests ControlPoolManualClock.swift
/private/tmp/cmux-verify-20260908170330-19681-7317/source-1198ba65bf/Packages/iOS/CmuxMobileShell/Tests/CmuxMobileShellTests/ComposerSubmitRoutingTests.swift:30:22: warning: expression of type 'Bool' is unused [#no-usage]
 28 | 
 29 |         await router.releaseFirstPasteImage()
 30 |         await submit.value
    |                      `- warning: expression of type 'Bool' is unused [#no-usage]
 31 | 
 32 |         #expect(store.terminalSendStatus(forTerminalID: terminalID) == .sent)

/private/tmp/cmux-verify-20260908170330-19681-7317/source-1198ba65bf/Packages/iOS/CmuxMobileShell/Tests/CmuxMobileShellTests/ComposerSubmitRoutingTests.swift:116:22: warning: expression of type 'Bool' is unused [#no-usage]
114 |         store.selectTerminal(MobileTerminalPreview.ID(rawValue: termB))
115 |         await router.releaseFirstPasteImage()
116 |         await submit.value
    |                      `- warning: expression of type 'Bool' is unused [#no-usage]
117 | 
118 |         let images = await router.recordedPasteImages()

/private/tmp/cmux-verify-20260908170330-19681-7317/source-1198ba65bf/Packages/iOS/CmuxMobileShell/Tests/CmuxMobileShellTests/ComposerSubmitRoutingTests.swift:151:22: warning: expression of type 'Bool' is unused [#no-usage]
149 |         store.terminalInputText = "edited after send"
150 |         await router.releaseFirstPasteImage()
151 |         await submit.value
    |                      `- warning: expression of type 'Bool' is unused [#no-usage]
152 | 
153 |         let pastes = await router.recordedPastes()

/private/tmp/cmux-verify-20260908170330-19681-7317/source-1198ba65bf/Packages/iOS/CmuxMobileShell/Tests/CmuxMobileShellTests/ComposerSubmitRoutingTests.swift:184:22: warning: expression of type 'Bool' is unused [#no-usage]
182 |         store.terminalInputText = "b-draft"
183 |         await router.releaseFirstPasteImage()
184 |         await submit.value
    |                      `- warning: expression of type 'Bool' is unused [#no-usage]
185 | 
186 |         let pastes = await router.recordedPastes()

/private/tmp/cmux-verify-20260908170330-19681-7317/source-1198ba65bf/Packages/iOS/CmuxMobileShell/Tests/CmuxMobileShellTests/ComposerSubmitRoutingTests.swift:211:22: warning: expression of type 'Bool' is unused [#no-usage]
209 |         await router.awaitFirstPasteImageReached()
210 |         let second = Task { await store.submitComposer() }
211 |         await second.value
    |                      `- warning: expression of type 'Bool' is unused [#no-usage]
212 |         await router.releaseFirstPasteImage()
213 |         await first.value

/private/tmp/cmux-verify-20260908170330-19681-7317/source-1198ba65bf/Packages/iOS/CmuxMobileShell/Tests/CmuxMobileShellTests/ComposerSubmitRoutingTests.swift:213:21: warning: expression of type 'Bool' is unused [#no-usage]
211 |         await second.value
212 |         await router.releaseFirstPasteImage()
213 |         await first.value
    |                     `- warning: expression of type 'Bool' is unused [#no-usage]
214 | 
215 |         let images = await router.recordedPasteImages()

/private/tmp/cmux-verify-20260908170330-19681-7317/source-1198ba65bf/Packages/iOS/CmuxMobileShell/Tests/CmuxMobileShellTests/ComposerSubmitRoutingTests.swift:271:22: warning: expression of type 'Bool' is unused [#no-usage]
269 |         store.removePendingAttachment(id: secondID, forTerminalID: termA)
270 |         await router.releaseFirstPasteImage()
271 |         await submit.value
    |                      `- warning: expression of type 'Bool' is unused [#no-usage]
272 | 
273 |         let images = await router.recordedPasteImages()

/private/tmp/cmux-verify-20260908170330-19681-7317/source-1198ba65bf/Packages/iOS/CmuxMobileShell/Tests/CmuxMobileShellTests/ComposerSubmitRoutingTests.swift:337:22: warning: expression of type 'Bool' is unused [#no-usage]
335 |         try installFreshRemoteClient(on: store, router: newRouter)
336 |         await firstRouter.releaseFirstPasteImage()
337 |         await submit.value
    |                      `- warning: expression of type 'Bool' is unused [#no-usage]
338 | 
339 |         // The first image reached the OLD session (it was already in flight); the

/private/tmp/cmux-verify-20260908170330-19681-7317/source-1198ba65bf/Packages/iOS/CmuxMobileShell/Tests/CmuxMobileShellTests/ComposerSubmitRoutingTests.swift:376:22: warning: expression of type 'Bool' is unused [#no-usage]
374 |         try installFreshRemoteClient(on: store, router: newRouter)
375 |         await firstRouter.releaseFirstPasteImage()
376 |         await submit.value
    |                      `- warning: expression of type 'Bool' is unused [#no-usage]
377 | 
378 |         // Only the in-flight first image reached the old connection; nothing else.
[879/966] Compiling CmuxMobileShellTests ControlPoolManualClockInstant.swift
/private/tmp/cmux-verify-20260908170330-19681-7317/source-1198ba65bf/Packages/iOS/CmuxMobileShell/Tests/CmuxMobileShellTests/ComposerSubmitRoutingTests.swift:30:22: warning: expression of type 'Bool' is unused [#no-usage]
 28 | 
 29 |         await router.releaseFirstPasteImage()
 30 |         await submit.value
    |                      `- warning: expression of type 'Bool' is unused [#no-usage]
 31 | 
 32 |         #expect(store.terminalSendStatus(forTerminalID: terminalID) == .sent)

/private/tmp/cmux-verify-20260908170330-19681-7317/source-1198ba65bf/Packages/iOS/CmuxMobileShell/Tests/CmuxMobileShellTests/ComposerSubmitRoutingTests.swift:116:22: warning: expression of type 'Bool' is unused [#no-usage]
114 |         store.selectTerminal(MobileTerminalPreview.ID(rawValue: termB))
115 |         await router.releaseFirstPasteImage()
116 |         await submit.value
    |                      `- warning: expression of type 'Bool' is unused [#no-usage]
117 | 
118 |         let images = await router.recordedPasteImages()

/private/tmp/cmux-verify-20260908170330-19681-7317/source-1198ba65bf/Packages/iOS/CmuxMobileShell/Tests/CmuxMobileShellTests/ComposerSubmitRoutingTests.swift:151:22: warning: expression of type 'Bool' is unused [#no-usage]
149 |         store.terminalInputText = "edited after send"
150 |         await router.releaseFirstPasteImage()
151 |         await submit.value
    |                      `- warning: expression of type 'Bool' is unused [#no-usage]
152 | 
153 |         let pastes = await router.recordedPastes()

/private/tmp/cmux-verify-20260908170330-19681-7317/source-1198ba65bf/Packages/iOS/CmuxMobileShell/Tests/CmuxMobileShellTests/ComposerSubmitRoutingTests.swift:184:22: warning: expression of type 'Bool' is unused [#no-usage]
182 |         store.terminalInputText = "b-draft"
183 |         await router.releaseFirstPasteImage()
184 |         await submit.value
    |                      `- warning: expression of type 'Bool' is unused [#no-usage]
185 | 
186 |         let pastes = await router.recordedPastes()

/private/tmp/cmux-verify-20260908170330-19681-7317/source-1198ba65bf/Packages/iOS/CmuxMobileShell/Tests/CmuxMobileShellTests/ComposerSubmitRoutingTests.swift:211:22: warning: expression of type 'Bool' is unused [#no-usage]
209 |         await router.awaitFirstPasteImageReached()
210 |         let second = Task { await store.submitComposer() }
211 |         await second.value
    |                      `- warning: expression of type 'Bool' is unused [#no-usage]
212 |         await router.releaseFirstPasteImage()
213 |         await first.value

/private/tmp/cmux-verify-20260908170330-19681-7317/source-1198ba65bf/Packages/iOS/CmuxMobileShell/Tests/CmuxMobileShellTests/ComposerSubmitRoutingTests.swift:213:21: warning: expression of type 'Bool' is unused [#no-usage]
211 |         await second.value
212 |         await router.releaseFirstPasteImage()
213 |         await first.value
    |                     `- warning: expression of type 'Bool' is unused [#no-usage]
214 | 
215 |         let images = await router.recordedPasteImages()

/private/tmp/cmux-verify-20260908170330-19681-7317/source-1198ba65bf/Packages/iOS/CmuxMobileShell/Tests/CmuxMobileShellTests/ComposerSubmitRoutingTests.swift:271:22: warning: expression of type 'Bool' is unused [#no-usage]
269 |         store.removePendingAttachment(id: secondID, forTerminalID: termA)
270 |         await router.releaseFirstPasteImage()
271 |         await submit.value
    |                      `- warning: expression of type 'Bool' is unused [#no-usage]
272 | 
273 |         let images = await router.recordedPasteImages()

/private/tmp/cmux-verify-20260908170330-19681-7317/source-1198ba65bf/Packages/iOS/CmuxMobileShell/Tests/CmuxMobileShellTests/ComposerSubmitRoutingTests.swift:337:22: warning: expression of type 'Bool' is unused [#no-usage]
335 |         try installFreshRemoteClient(on: store, router: newRouter)
336 |         await firstRouter.releaseFirstPasteImage()
337 |         await submit.value
    |                      `- warning: expression of type 'Bool' is unused [#no-usage]
338 | 
339 |         // The first image reached the OLD session (it was already in flight); the

/private/tmp/cmux-verify-20260908170330-19681-7317/source-1198ba65bf/Packages/iOS/CmuxMobileShell/Tests/CmuxMobileShellTests/ComposerSubmitRoutingTests.swift:376:22: warning: expression of type 'Bool' is unused [#no-usage]
374 |         try installFreshRemoteClient(on: store, router: newRouter)
375 |         await firstRouter.releaseFirstPasteImage()
376 |         await submit.value
    |                      `- warning: expression of type 'Bool' is unused [#no-usage]
377 | 
378 |         // Only the in-flight first image reached the old connection; nothing else.
[880/966] Compiling CmuxMobileShellTests ControlPoolManualClockSleeper.swift
/private/tmp/cmux-verify-20260908170330-19681-7317/source-1198ba65bf/Packages/iOS/CmuxMobileShell/Tests/CmuxMobileShellTests/ComposerSubmitRoutingTests.swift:30:22: warning: expression of type 'Bool' is unused [#no-usage]
 28 | 
 29 |         await router.releaseFirstPasteImage()
 30 |         await submit.value
    |                      `- warning: expression of type 'Bool' is unused [#no-usage]
 31 | 
 32 |         #expect(store.terminalSendStatus(forTerminalID: terminalID) == .sent)

/private/tmp/cmux-verify-20260908170330-19681-7317/source-1198ba65bf/Packages/iOS/CmuxMobileShell/Tests/CmuxMobileShellTests/ComposerSubmitRoutingTests.swift:116:22: warning: expression of type 'Bool' is unused [#no-usage]
114 |         store.selectTerminal(MobileTerminalPreview.ID(rawValue: termB))
115 |         await router.releaseFirstPasteImage()
116 |         await submit.value
    |                      `- warning: expression of type 'Bool' is unused [#no-usage]
117 | 
118 |         let images = await router.recordedPasteImages()

/private/tmp/cmux-verify-20260908170330-19681-7317/source-1198ba65bf/Packages/iOS/CmuxMobileShell/Tests/CmuxMobileShellTests/ComposerSubmitRoutingTests.swift:151:22: warning: expression of type 'Bool' is unused [#no-usage]
149 |         store.terminalInputText = "edited after send"
150 |         await router.releaseFirstPasteImage()
151 |         await submit.value
    |                      `- warning: expression of type 'Bool' is unused [#no-usage]
152 | 
153 |         let pastes = await router.recordedPastes()

/private/tmp/cmux-verify-20260908170330-19681-7317/source-1198ba65bf/Packages/iOS/CmuxMobileShell/Tests/CmuxMobileShellTests/ComposerSubmitRoutingTests.swift:184:22: warning: expression of type 'Bool' is unused [#no-usage]
182 |         store.terminalInputText = "b-draft"
183 |         await router.releaseFirstPasteImage()
184 |         await submit.value
    |                      `- warning: expression of type 'Bool' is unused [#no-usage]
185 | 
186 |         let pastes = await router.recordedPastes()

/private/tmp/cmux-verify-20260908170330-19681-7317/source-1198ba65bf/Packages/iOS/CmuxMobileShell/Tests/CmuxMobileShellTests/ComposerSubmitRoutingTests.swift:211:22: warning: expression of type 'Bool' is unused [#no-usage]
209 |         await router.awaitFirstPasteImageReached()
210 |         let second = Task { await store.submitComposer() }
211 |         await second.value
    |                      `- warning: expression of type 'Bool' is unused [#no-usage]
212 |         await router.releaseFirstPasteImage()
213 |         await first.value

/private/tmp/cmux-verify-20260908170330-19681-7317/source-1198ba65bf/Packages/iOS/CmuxMobileShell/Tests/CmuxMobileShellTests/ComposerSubmitRoutingTests.swift:213:21: warning: expression of type 'Bool' is unused [#no-usage]
211 |         await second.value
212 |         await router.releaseFirstPasteImage()
213 |         await first.value
    |                     `- warning: expression of type 'Bool' is unused [#no-usage]
214 | 
215 |         let images = await router.recordedPasteImages()

/private/tmp/cmux-verify-20260908170330-19681-7317/source-1198ba65bf/Packages/iOS/CmuxMobileShell/Tests/CmuxMobileShellTests/ComposerSubmitRoutingTests.swift:271:22: warning: expression of type 'Bool' is unused [#no-usage]
269 |         store.removePendingAttachment(id: secondID, forTerminalID: termA)
270 |         await router.releaseFirstPasteImage()
271 |         await submit.value
    |                      `- warning: expression of type 'Bool' is unused [#no-usage]
272 | 
273 |         let images = await router.recordedPasteImages()

/private/tmp/cmux-verify-20260908170330-19681-7317/source-1198ba65bf/Packages/iOS/CmuxMobileShell/Tests/CmuxMobileShellTests/ComposerSubmitRoutingTests.swift:337:22: warning: expression of type 'Bool' is unused [#no-usage]
335 |         try installFreshRemoteClient(on: store, router: newRouter)
336 |         await firstRouter.releaseFirstPasteImage()
337 |         await submit.value
    |                      `- warning: expression of type 'Bool' is unused [#no-usage]
338 | 
339 |         // The first image reached the OLD session (it was already in flight); the

/private/tmp/cmux-verify-20260908170330-19681-7317/source-1198ba65bf/Packages/iOS/CmuxMobileShell/Tests/CmuxMobileShellTests/ComposerSubmitRoutingTests.swift:376:22: warning: expression of type 'Bool' is unused [#no-usage]
374 |         try installFreshRemoteClient(on: store, router: newRouter)
375 |         await firstRouter.releaseFirstPasteImage()
376 |         await submit.value
    |                      `- warning: expression of type 'Bool' is unused [#no-usage]
377 | 
378 |         // Only the in-flight first image reached the old connection; nothing else.
[881/966] Compiling CmuxMobileShellTests ControlPoolRouteSyncGate.swift
/private/tmp/cmux-verify-20260908170330-19681-7317/source-1198ba65bf/Packages/iOS/CmuxMobileShell/Tests/CmuxMobileShellTests/ComposerSubmitRoutingTests.swift:30:22: warning: expression of type 'Bool' is unused [#no-usage]
 28 | 
 29 |         await router.releaseFirstPasteImage()
 30 |         await submit.value
    |                      `- warning: expression of type 'Bool' is unused [#no-usage]
 31 | 
 32 |         #expect(store.terminalSendStatus(forTerminalID: terminalID) == .sent)

/private/tmp/cmux-verify-20260908170330-19681-7317/source-1198ba65bf/Packages/iOS/CmuxMobileShell/Tests/CmuxMobileShellTests/ComposerSubmitRoutingTests.swift:116:22: warning: expression of type 'Bool' is unused [#no-usage]
114 |         store.selectTerminal(MobileTerminalPreview.ID(rawValue: termB))
115 |         await router.releaseFirstPasteImage()
116 |         await submit.value
    |                      `- warning: expression of type 'Bool' is unused [#no-usage]
117 | 
118 |         let images = await router.recordedPasteImages()

/private/tmp/cmux-verify-20260908170330-19681-7317/source-1198ba65bf/Packages/iOS/CmuxMobileShell/Tests/CmuxMobileShellTests/ComposerSubmitRoutingTests.swift:151:22: warning: expression of type 'Bool' is unused [#no-usage]
149 |         store.terminalInputText = "edited after send"
150 |         await router.releaseFirstPasteImage()
151 |         await submit.value
    |                      `- warning: expression of type 'Bool' is unused [#no-usage]
152 | 
153 |         let pastes = await router.recordedPastes()

/private/tmp/cmux-verify-20260908170330-19681-7317/source-1198ba65bf/Packages/iOS/CmuxMobileShell/Tests/CmuxMobileShellTests/ComposerSubmitRoutingTests.swift:184:22: warning: expression of type 'Bool' is unused [#no-usage]
182 |         store.terminalInputText = "b-draft"
183 |         await router.releaseFirstPasteImage()
184 |         await submit.value
    |                      `- warning: expression of type 'Bool' is unused [#no-usage]
185 | 
186 |         let pastes = await router.recordedPastes()

/private/tmp/cmux-verify-20260908170330-19681-7317/source-1198ba65bf/Packages/iOS/CmuxMobileShell/Tests/CmuxMobileShellTests/ComposerSubmitRoutingTests.swift:211:22: warning: expression of type 'Bool' is unused [#no-usage]
209 |         await router.awaitFirstPasteImageReached()
210 |         let second = Task { await store.submitComposer() }
211 |         await second.value
    |                      `- warning: expression of type 'Bool' is unused [#no-usage]
212 |         await router.releaseFirstPasteImage()
213 |         await first.value

/private/tmp/cmux-verify-20260908170330-19681-7317/source-1198ba65bf/Packages/iOS/CmuxMobileShell/Tests/CmuxMobileShellTests/ComposerSubmitRoutingTests.swift:213:21: warning: expression of type 'Bool' is unused [#no-usage]
211 |         await second.value
212 |         await router.releaseFirstPasteImage()
213 |         await first.value
    |                     `- warning: expression of type 'Bool' is unused [#no-usage]
214 | 
215 |         let images = await router.recordedPasteImages()

/private/tmp/cmux-verify-20260908170330-19681-7317/source-1198ba65bf/Packages/iOS/CmuxMobileShell/Tests/CmuxMobileShellTests/ComposerSubmitRoutingTests.swift:271:22: warning: expression of type 'Bool' is unused [#no-usage]
269 |         store.removePendingAttachment(id: secondID, forTerminalID: termA)
270 |         await router.releaseFirstPasteImage()
271 |         await submit.value
    |                      `- warning: expression of type 'Bool' is unused [#no-usage]
272 | 
273 |         let images = await router.recordedPasteImages()

/private/tmp/cmux-verify-20260908170330-19681-7317/source-1198ba65bf/Packages/iOS/CmuxMobileShell/Tests/CmuxMobileShellTests/ComposerSubmitRoutingTests.swift:337:22: warning: expression of type 'Bool' is unused [#no-usage]
335 |         try installFreshRemoteClient(on: store, router: newRouter)
336 |         await firstRouter.releaseFirstPasteImage()
337 |         await submit.value
    |                      `- warning: expression of type 'Bool' is unused [#no-usage]
338 | 
339 |         // The first image reached the OLD session (it was already in flight); the

/private/tmp/cmux-verify-20260908170330-19681-7317/source-1198ba65bf/Packages/iOS/CmuxMobileShell/Tests/CmuxMobileShellTests/ComposerSubmitRoutingTests.swift:376:22: warning: expression of type 'Bool' is unused [#no-usage]
374 |         try installFreshRemoteClient(on: store, router: newRouter)
375 |         await firstRouter.releaseFirstPasteImage()
376 |         await submit.value
    |                      `- warning: expression of type 'Bool' is unused [#no-usage]
377 | 
378 |         // Only the in-flight first image reached the old connection; nothing else.
[882/966] Compiling CmuxMobileShellTests CountingDraftStore.swift
/private/tmp/cmux-verify-20260908170330-19681-7317/source-1198ba65bf/Packages/iOS/CmuxMobileShell/Tests/CmuxMobileShellTests/ComposerSubmitRoutingTests.swift:30:22: warning: expression of type 'Bool' is unused [#no-usage]
 28 | 
 29 |         await router.releaseFirstPasteImage()
 30 |         await submit.value
    |                      `- warning: expression of type 'Bool' is unused [#no-usage]
 31 | 
 32 |         #expect(store.terminalSendStatus(forTerminalID: terminalID) == .sent)

/private/tmp/cmux-verify-20260908170330-19681-7317/source-1198ba65bf/Packages/iOS/CmuxMobileShell/Tests/CmuxMobileShellTests/ComposerSubmitRoutingTests.swift:116:22: warning: expression of type 'Bool' is unused [#no-usage]
114 |         store.selectTerminal(MobileTerminalPreview.ID(rawValue: termB))
115 |         await router.releaseFirstPasteImage()
116 |         await submit.value
    |                      `- warning: expression of type 'Bool' is unused [#no-usage]
117 | 
118 |         let images = await router.recordedPasteImages()

/private/tmp/cmux-verify-20260908170330-19681-7317/source-1198ba65bf/Packages/iOS/CmuxMobileShell/Tests/CmuxMobileShellTests/ComposerSubmitRoutingTests.swift:151:22: warning: expression of type 'Bool' is unused [#no-usage]
149 |         store.terminalInputText = "edited after send"
150 |         await router.releaseFirstPasteImage()
151 |         await submit.value
    |                      `- warning: expression of type 'Bool' is unused [#no-usage]
152 | 
153 |         let pastes = await router.recordedPastes()

/private/tmp/cmux-verify-20260908170330-19681-7317/source-1198ba65bf/Packages/iOS/CmuxMobileShell/Tests/CmuxMobileShellTests/ComposerSubmitRoutingTests.swift:184:22: warning: expression of type 'Bool' is unused [#no-usage]
182 |         store.terminalInputText = "b-draft"
183 |         await router.releaseFirstPasteImage()
184 |         await submit.value
    |                      `- warning: expression of type 'Bool' is unused [#no-usage]
185 | 
186 |         let pastes = await router.recordedPastes()

/private/tmp/cmux-verify-20260908170330-19681-7317/source-1198ba65bf/Packages/iOS/CmuxMobileShell/Tests/CmuxMobileShellTests/ComposerSubmitRoutingTests.swift:211:22: warning: expression of type 'Bool' is unused [#no-usage]
209 |         await router.awaitFirstPasteImageReached()
210 |         let second = Task { await store.submitComposer() }
211 |         await second.value
    |                      `- warning: expression of type 'Bool' is unused [#no-usage]
212 |         await router.releaseFirstPasteImage()
213 |         await first.value

/private/tmp/cmux-verify-20260908170330-19681-7317/source-1198ba65bf/Packages/iOS/CmuxMobileShell/Tests/CmuxMobileShellTests/ComposerSubmitRoutingTests.swift:213:21: warning: expression of type 'Bool' is unused [#no-usage]
211 |         await second.value
212 |         await router.releaseFirstPasteImage()
213 |         await first.value
    |                     `- warning: expression of type 'Bool' is unused [#no-usage]
214 | 
215 |         let images = await router.recordedPasteImages()

/private/tmp/cmux-verify-20260908170330-19681-7317/source-1198ba65bf/Packages/iOS/CmuxMobileShell/Tests/CmuxMobileShellTests/ComposerSubmitRoutingTests.swift:271:22: warning: expression of type 'Bool' is unused [#no-usage]
269 |         store.removePendingAttachment(id: secondID, forTerminalID: termA)
270 |         await router.releaseFirstPasteImage()
271 |         await submit.value
    |                      `- warning: expression of type 'Bool' is unused [#no-usage]
272 | 
273 |         let images = await router.recordedPasteImages()

/private/tmp/cmux-verify-20260908170330-19681-7317/source-1198ba65bf/Packages/iOS/CmuxMobileShell/Tests/CmuxMobileShellTests/ComposerSubmitRoutingTests.swift:337:22: warning: expression of type 'Bool' is unused [#no-usage]
335 |         try installFreshRemoteClient(on: store, router: newRouter)
336 |         await firstRouter.releaseFirstPasteImage()
337 |         await submit.value
    |                      `- warning: expression of type 'Bool' is unused [#no-usage]
338 | 
339 |         // The first image reached the OLD session (it was already in flight); the

/private/tmp/cmux-verify-20260908170330-19681-7317/source-1198ba65bf/Packages/iOS/CmuxMobileShell/Tests/CmuxMobileShellTests/ComposerSubmitRoutingTests.swift:376:22: warning: expression of type 'Bool' is unused [#no-usage]
374 |         try installFreshRemoteClient(on: store, router: newRouter)
375 |         await firstRouter.releaseFirstPasteImage()
376 |         await submit.value
    |                      `- warning: expression of type 'Bool' is unused [#no-usage]
377 | 
378 |         // Only the in-flight first image reached the old connection; nothing else.
[883/966] Compiling CmuxMobileShellTests CountingSlowIgnoringCancellationTransport.swift
/private/tmp/cmux-verify-20260908170330-19681-7317/source-1198ba65bf/Packages/iOS/CmuxMobileShell/Tests/CmuxMobileShellTests/ComposerSubmitRoutingTests.swift:30:22: warning: expression of type 'Bool' is unused [#no-usage]
 28 | 
 29 |         await router.releaseFirstPasteImage()
 30 |         await submit.value
    |                      `- warning: expression of type 'Bool' is unused [#no-usage]
 31 | 
 32 |         #expect(store.terminalSendStatus(forTerminalID: terminalID) == .sent)

/private/tmp/cmux-verify-20260908170330-19681-7317/source-1198ba65bf/Packages/iOS/CmuxMobileShell/Tests/CmuxMobileShellTests/ComposerSubmitRoutingTests.swift:116:22: warning: expression of type 'Bool' is unused [#no-usage]
114 |         store.selectTerminal(MobileTerminalPreview.ID(rawValue: termB))
115 |         await router.releaseFirstPasteImage()
116 |         await submit.value
    |                      `- warning: expression of type 'Bool' is unused [#no-usage]
117 | 
118 |         let images = await router.recordedPasteImages()

/private/tmp/cmux-verify-20260908170330-19681-7317/source-1198ba65bf/Packages/iOS/CmuxMobileShell/Tests/CmuxMobileShellTests/ComposerSubmitRoutingTests.swift:151:22: warning: expression of type 'Bool' is unused [#no-usage]
149 |         store.terminalInputText = "edited after send"
150 |         await router.releaseFirstPasteImage()
151 |         await submit.value
    |                      `- warning: expression of type 'Bool' is unused [#no-usage]
152 | 
153 |         let pastes = await router.recordedPastes()

/private/tmp/cmux-verify-20260908170330-19681-7317/source-1198ba65bf/Packages/iOS/CmuxMobileShell/Tests/CmuxMobileShellTests/ComposerSubmitRoutingTests.swift:184:22: warning: expression of type 'Bool' is unused [#no-usage]
182 |         store.terminalInputText = "b-draft"
183 |         await router.releaseFirstPasteImage()
184 |         await submit.value
    |                      `- warning: expression of type 'Bool' is unused [#no-usage]
185 | 
186 |         let pastes = await router.recordedPastes()

/private/tmp/cmux-verify-20260908170330-19681-7317/source-1198ba65bf/Packages/iOS/CmuxMobileShell/Tests/CmuxMobileShellTests/ComposerSubmitRoutingTests.swift:211:22: warning: expression of type 'Bool' is unused [#no-usage]
209 |         await router.awaitFirstPasteImageReached()
210 |         let second = Task { await store.submitComposer() }
211 |         await second.value
    |                      `- warning: expression of type 'Bool' is unused [#no-usage]
212 |         await router.releaseFirstPasteImage()
213 |         await first.value

/private/tmp/cmux-verify-20260908170330-19681-7317/source-1198ba65bf/Packages/iOS/CmuxMobileShell/Tests/CmuxMobileShellTests/ComposerSubmitRoutingTests.swift:213:21: warning: expression of type 'Bool' is unused [#no-usage]
211 |         await second.value
212 |         await router.releaseFirstPasteImage()
213 |         await first.value
    |                     `- warning: expression of type 'Bool' is unused [#no-usage]
214 | 
215 |         let images = await router.recordedPasteImages()

/private/tmp/cmux-verify-20260908170330-19681-7317/source-1198ba65bf/Packages/iOS/CmuxMobileShell/Tests/CmuxMobileShellTests/ComposerSubmitRoutingTests.swift:271:22: warning: expression of type 'Bool' is unused [#no-usage]
269 |         store.removePendingAttachment(id: secondID, forTerminalID: termA)
270 |         await router.releaseFirstPasteImage()
271 |         await submit.value
    |                      `- warning: expression of type 'Bool' is unused [#no-usage]
272 | 
273 |         let images = await router.recordedPasteImages()

/private/tmp/cmux-verify-20260908170330-19681-7317/source-1198ba65bf/Packages/iOS/CmuxMobileShell/Tests/CmuxMobileShellTests/ComposerSubmitRoutingTests.swift:337:22: warning: expression of type 'Bool' is unused [#no-usage]
335 |         try installFreshRemoteClient(on: store, router: newRouter)
336 |         await firstRouter.releaseFirstPasteImage()
337 |         await submit.value
    |                      `- warning: expression of type 'Bool' is unused [#no-usage]
338 | 
339 |         // The first image reached the OLD session (it was already in flight); the

/private/tmp/cmux-verify-20260908170330-19681-7317/source-1198ba65bf/Packages/iOS/CmuxMobileShell/Tests/CmuxMobileShellTests/ComposerSubmitRoutingTests.swift:376:22: warning: expression of type 'Bool' is unused [#no-usage]
374 |         try installFreshRemoteClient(on: store, router: newRouter)
375 |         await firstRouter.releaseFirstPasteImage()
376 |         await submit.value
    |                      `- warning: expression of type 'Bool' is unused [#no-usage]
377 | 
378 |         // Only the in-flight first image reached the old connection; nothing else.
[884/966] Compiling CmuxMobileShellTests CountingSlowIgnoringCancellationTransportFactory.swift
/private/tmp/cmux-verify-20260908170330-19681-7317/source-1198ba65bf/Packages/iOS/CmuxMobileShell/Tests/CmuxMobileShellTests/ComposerSubmitRoutingTests.swift:30:22: warning: expression of type 'Bool' is unused [#no-usage]
 28 | 
 29 |         await router.releaseFirstPasteImage()
 30 |         await submit.value
    |                      `- warning: expression of type 'Bool' is unused [#no-usage]
 31 | 
 32 |         #expect(store.terminalSendStatus(forTerminalID: terminalID) == .sent)

/private/tmp/cmux-verify-20260908170330-19681-7317/source-1198ba65bf/Packages/iOS/CmuxMobileShell/Tests/CmuxMobileShellTests/ComposerSubmitRoutingTests.swift:116:22: warning: expression of type 'Bool' is unused [#no-usage]
114 |         store.selectTerminal(MobileTerminalPreview.ID(rawValue: termB))
115 |         await router.releaseFirstPasteImage()
116 |         await submit.value
    |                      `- warning: expression of type 'Bool' is unused [#no-usage]
117 | 
118 |         let images = await router.recordedPasteImages()

/private/tmp/cmux-verify-20260908170330-19681-7317/source-1198ba65bf/Packages/iOS/CmuxMobileShell/Tests/CmuxMobileShellTests/ComposerSubmitRoutingTests.swift:151:22: warning: expression of type 'Bool' is unused [#no-usage]
149 |         store.terminalInputText = "edited after send"
150 |         await router.releaseFirstPasteImage()
151 |         await submit.value
    |                      `- warning: expression of type 'Bool' is unused [#no-usage]
152 | 
153 |         let pastes = await router.recordedPastes()

/private/tmp/cmux-verify-20260908170330-19681-7317/source-1198ba65bf/Packages/iOS/CmuxMobileShell/Tests/CmuxMobileShellTests/ComposerSubmitRoutingTests.swift:184:22: warning: expression of type 'Bool' is unused [#no-usage]
182 |         store.terminalInputText = "b-draft"
183 |         await router.releaseFirstPasteImage()
184 |         await submit.value
    |                      `- warning: expression of type 'Bool' is unused [#no-usage]
185 | 
186 |         let pastes = await router.recordedPastes()

/private/tmp/cmux-verify-20260908170330-19681-7317/source-1198ba65bf/Packages/iOS/CmuxMobileShell/Tests/CmuxMobileShellTests/ComposerSubmitRoutingTests.swift:211:22: warning: expression of type 'Bool' is unused [#no-usage]
209 |         await router.awaitFirstPasteImageReached()
210 |         let second = Task { await store.submitComposer() }
211 |         await second.value
    |                      `- warning: expression of type 'Bool' is unused [#no-usage]
212 |         await router.releaseFirstPasteImage()
213 |         await first.value

/private/tmp/cmux-verify-20260908170330-19681-7317/source-1198ba65bf/Packages/iOS/CmuxMobileShell/Tests/CmuxMobileShellTests/ComposerSubmitRoutingTests.swift:213:21: warning: expression of type 'Bool' is unused [#no-usage]
211 |         await second.value
212 |         await router.releaseFirstPasteImage()
213 |         await first.value
    |                     `- warning: expression of type 'Bool' is unused [#no-usage]
214 | 
215 |         let images = await router.recordedPasteImages()

/private/tmp/cmux-verify-20260908170330-19681-7317/source-1198ba65bf/Packages/iOS/CmuxMobileShell/Tests/CmuxMobileShellTests/ComposerSubmitRoutingTests.swift:271:22: warning: expression of type 'Bool' is unused [#no-usage]
269 |         store.removePendingAttachment(id: secondID, forTerminalID: termA)
270 |         await router.releaseFirstPasteImage()
271 |         await submit.value
    |                      `- warning: expression of type 'Bool' is unused [#no-usage]
272 | 
273 |         let images = await router.recordedPasteImages()

/private/tmp/cmux-verify-20260908170330-19681-7317/source-1198ba65bf/Packages/iOS/CmuxMobileShell/Tests/CmuxMobileShellTests/ComposerSubmitRoutingTests.swift:337:22: warning: expression of type 'Bool' is unused [#no-usage]
335 |         try installFreshRemoteClient(on: store, router: newRouter)
336 |         await firstRouter.releaseFirstPasteImage()
337 |         await submit.value
    |                      `- warning: expression of type 'Bool' is unused [#no-usage]
338 | 
339 |         // The first image reached the OLD session (it was already in flight); the

/private/tmp/cmux-verify-20260908170330-19681-7317/source-1198ba65bf/Packages/iOS/CmuxMobileShell/Tests/CmuxMobileShellTests/ComposerSubmitRoutingTests.swift:376:22: warning: expression of type 'Bool' is unused [#no-usage]
374 |         try installFreshRemoteClient(on: store, router: newRouter)
375 |         await firstRouter.releaseFirstPasteImage()
376 |         await submit.value
    |                      `- warning: expression of type 'Bool' is unused [#no-usage]
377 | 
378 |         // Only the in-flight first image reached the old connection; nothing else.
[885/966] Compiling CmuxMobileShellTests CreatedTerminalSelectionTests.swift
/private/tmp/cmux-verify-20260908170330-19681-7317/source-1198ba65bf/Packages/iOS/CmuxMobileShell/Tests/CmuxMobileShellTests/ComposerSubmitRoutingTests.swift:30:22: warning: expression of type 'Bool' is unused [#no-usage]
 28 | 
 29 |         await router.releaseFirstPasteImage()
 30 |         await submit.value
    |                      `- warning: expression of type 'Bool' is unused [#no-usage]
 31 | 
 32 |         #expect(store.terminalSendStatus(forTerminalID: terminalID) == .sent)

/private/tmp/cmux-verify-20260908170330-19681-7317/source-1198ba65bf/Packages/iOS/CmuxMobileShell/Tests/CmuxMobileShellTests/ComposerSubmitRoutingTests.swift:116:22: warning: expression of type 'Bool' is unused [#no-usage]
114 |         store.selectTerminal(MobileTerminalPreview.ID(rawValue: termB))
115 |         await router.releaseFirstPasteImage()
116 |         await submit.value
    |                      `- warning: expression of type 'Bool' is unused [#no-usage]
117 | 
118 |         let images = await router.recordedPasteImages()

/private/tmp/cmux-verify-20260908170330-19681-7317/source-1198ba65bf/Packages/iOS/CmuxMobileShell/Tests/CmuxMobileShellTests/ComposerSubmitRoutingTests.swift:151:22: warning: expression of type 'Bool' is unused [#no-usage]
149 |         store.terminalInputText = "edited after send"
150 |         await router.releaseFirstPasteImage()
151 |         await submit.value
    |                      `- warning: expression of type 'Bool' is unused [#no-usage]
152 | 
153 |         let pastes = await router.recordedPastes()

/private/tmp/cmux-verify-20260908170330-19681-7317/source-1198ba65bf/Packages/iOS/CmuxMobileShell/Tests/CmuxMobileShellTests/ComposerSubmitRoutingTests.swift:184:22: warning: expression of type 'Bool' is unused [#no-usage]
182 |         store.terminalInputText = "b-draft"
183 |         await router.releaseFirstPasteImage()
184 |         await submit.value
    |                      `- warning: expression of type 'Bool' is unused [#no-usage]
185 | 
186 |         let pastes = await router.recordedPastes()

/private/tmp/cmux-verify-20260908170330-19681-7317/source-1198ba65bf/Packages/iOS/CmuxMobileShell/Tests/CmuxMobileShellTests/ComposerSubmitRoutingTests.swift:211:22: warning: expression of type 'Bool' is unused [#no-usage]
209 |         await router.awaitFirstPasteImageReached()
210 |         let second = Task { await store.submitComposer() }
211 |         await second.value
    |                      `- warning: expression of type 'Bool' is unused [#no-usage]
212 |         await router.releaseFirstPasteImage()
213 |         await first.value

/private/tmp/cmux-verify-20260908170330-19681-7317/source-1198ba65bf/Packages/iOS/CmuxMobileShell/Tests/CmuxMobileShellTests/ComposerSubmitRoutingTests.swift:213:21: warning: expression of type 'Bool' is unused [#no-usage]
211 |         await second.value
212 |         await router.releaseFirstPasteImage()
213 |         await first.value
    |                     `- warning: expression of type 'Bool' is unused [#no-usage]
214 | 
215 |         let images = await router.recordedPasteImages()

/private/tmp/cmux-verify-20260908170330-19681-7317/source-1198ba65bf/Packages/iOS/CmuxMobileShell/Tests/CmuxMobileShellTests/ComposerSubmitRoutingTests.swift:271:22: warning: expression of type 'Bool' is unused [#no-usage]
269 |         store.removePendingAttachment(id: secondID, forTerminalID: termA)
270 |         await router.releaseFirstPasteImage()
271 |         await submit.value
    |                      `- warning: expression of type 'Bool' is unused [#no-usage]
272 | 
273 |         let images = await router.recordedPasteImages()

/private/tmp/cmux-verify-20260908170330-19681-7317/source-1198ba65bf/Packages/iOS/CmuxMobileShell/Tests/CmuxMobileShellTests/ComposerSubmitRoutingTests.swift:337:22: warning: expression of type 'Bool' is unused [#no-usage]
335 |         try installFreshRemoteClient(on: store, router: newRouter)
336 |         await firstRouter.releaseFirstPasteImage()
337 |         await submit.value
    |                      `- warning: expression of type 'Bool' is unused [#no-usage]
338 | 
339 |         // The first image reached the OLD session (it was already in flight); the

/private/tmp/cmux-verify-20260908170330-19681-7317/source-1198ba65bf/Packages/iOS/CmuxMobileShell/Tests/CmuxMobileShellTests/ComposerSubmitRoutingTests.swift:376:22: warning: expression of type 'Bool' is unused [#no-usage]
374 |         try installFreshRemoteClient(on: store, router: newRouter)
375 |         await firstRouter.releaseFirstPasteImage()
376 |         await submit.value
    |                      `- warning: expression of type 'Bool' is unused [#no-usage]
377 | 
378 |         // Only the in-flight first image reached the old connection; nothing else.
[886/966] Compiling CmuxMobileShellTests DelayedFirstHidePairedMacHiddenStore.swift
/private/tmp/cmux-verify-20260908170330-19681-7317/source-1198ba65bf/Packages/iOS/CmuxMobileShell/Tests/CmuxMobileShellTests/ComposerSubmitRoutingTests.swift:30:22: warning: expression of type 'Bool' is unused [#no-usage]
 28 | 
 29 |         await router.releaseFirstPasteImage()
 30 |         await submit.value
    |                      `- warning: expression of type 'Bool' is unused [#no-usage]
 31 | 
 32 |         #expect(store.terminalSendStatus(forTerminalID: terminalID) == .sent)

/private/tmp/cmux-verify-20260908170330-19681-7317/source-1198ba65bf/Packages/iOS/CmuxMobileShell/Tests/CmuxMobileShellTests/ComposerSubmitRoutingTests.swift:116:22: warning: expression of type 'Bool' is unused [#no-usage]
114 |         store.selectTerminal(MobileTerminalPreview.ID(rawValue: termB))
115 |         await router.releaseFirstPasteImage()
116 |         await submit.value
    |                      `- warning: expression of type 'Bool' is unused [#no-usage]
117 | 
118 |         let images = await router.recordedPasteImages()

/private/tmp/cmux-verify-20260908170330-19681-7317/source-1198ba65bf/Packages/iOS/CmuxMobileShell/Tests/CmuxMobileShellTests/ComposerSubmitRoutingTests.swift:151:22: warning: expression of type 'Bool' is unused [#no-usage]
149 |         store.terminalInputText = "edited after send"
150 |         await router.releaseFirstPasteImage()
151 |         await submit.value
    |                      `- warning: expression of type 'Bool' is unused [#no-usage]
152 | 
153 |         let pastes = await router.recordedPastes()

/private/tmp/cmux-verify-20260908170330-19681-7317/source-1198ba65bf/Packages/iOS/CmuxMobileShell/Tests/CmuxMobileShellTests/ComposerSubmitRoutingTests.swift:184:22: warning: expression of type 'Bool' is unused [#no-usage]
182 |         store.terminalInputText = "b-draft"
183 |         await router.releaseFirstPasteImage()
184 |         await submit.value
    |                      `- warning: expression of type 'Bool' is unused [#no-usage]
185 | 
186 |         let pastes = await router.recordedPastes()

/private/tmp/cmux-verify-20260908170330-19681-7317/source-1198ba65bf/Packages/iOS/CmuxMobileShell/Tests/CmuxMobileShellTests/ComposerSubmitRoutingTests.swift:211:22: warning: expression of type 'Bool' is unused [#no-usage]
209 |         await router.awaitFirstPasteImageReached()
210 |         let second = Task { await store.submitComposer() }
211 |         await second.value
    |                      `- warning: expression of type 'Bool' is unused [#no-usage]
212 |         await router.releaseFirstPasteImage()
213 |         await first.value

/private/tmp/cmux-verify-20260908170330-19681-7317/source-1198ba65bf/Packages/iOS/CmuxMobileShell/Tests/CmuxMobileShellTests/ComposerSubmitRoutingTests.swift:213:21: warning: expression of type 'Bool' is unused [#no-usage]
211 |         await second.value
212 |         await router.releaseFirstPasteImage()
213 |         await first.value
    |                     `- warning: expression of type 'Bool' is unused [#no-usage]
214 | 
215 |         let images = await router.recordedPasteImages()

/private/tmp/cmux-verify-20260908170330-19681-7317/source-1198ba65bf/Packages/iOS/CmuxMobileShell/Tests/CmuxMobileShellTests/ComposerSubmitRoutingTests.swift:271:22: warning: expression of type 'Bool' is unused [#no-usage]
269 |         store.removePendingAttachment(id: secondID, forTerminalID: termA)
270 |         await router.releaseFirstPasteImage()
271 |         await submit.value
    |                      `- warning: expression of type 'Bool' is unused [#no-usage]
272 | 
273 |         let images = await router.recordedPasteImages()

/private/tmp/cmux-verify-20260908170330-19681-7317/source-1198ba65bf/Packages/iOS/CmuxMobileShell/Tests/CmuxMobileShellTests/ComposerSubmitRoutingTests.swift:337:22: warning: expression of type 'Bool' is unused [#no-usage]
335 |         try installFreshRemoteClient(on: store, router: newRouter)
336 |         await firstRouter.releaseFirstPasteImage()
337 |         await submit.value
    |                      `- warning: expression of type 'Bool' is unused [#no-usage]
338 | 
339 |         // The first image reached the OLD session (it was already in flight); the

/private/tmp/cmux-verify-20260908170330-19681-7317/source-1198ba65bf/Packages/iOS/CmuxMobileShell/Tests/CmuxMobileShellTests/ComposerSubmitRoutingTests.swift:376:22: warning: expression of type 'Bool' is unused [#no-usage]
374 |         try installFreshRemoteClient(on: store, router: newRouter)
375 |         await firstRouter.releaseFirstPasteImage()
376 |         await submit.value
    |                      `- warning: expression of type 'Bool' is unused [#no-usage]
377 | 
378 |         // Only the in-flight first image reached the old connection; nothing else.
[887/966] Compiling CmuxMobileShellTests DelayedTeamDeviceRegistry.swift
/private/tmp/cmux-verify-20260908170330-19681-7317/source-1198ba65bf/Packages/iOS/CmuxMobileShell/Tests/CmuxMobileShellTests/ComposerSubmitRoutingTests.swift:30:22: warning: expression of type 'Bool' is unused [#no-usage]
 28 | 
 29 |         await router.releaseFirstPasteImage()
 30 |         await submit.value
    |                      `- warning: expression of type 'Bool' is unused [#no-usage]
 31 | 
 32 |         #expect(store.terminalSendStatus(forTerminalID: terminalID) == .sent)

/private/tmp/cmux-verify-20260908170330-19681-7317/source-1198ba65bf/Packages/iOS/CmuxMobileShell/Tests/CmuxMobileShellTests/ComposerSubmitRoutingTests.swift:116:22: warning: expression of type 'Bool' is unused [#no-usage]
114 |         store.selectTerminal(MobileTerminalPreview.ID(rawValue: termB))
115 |         await router.releaseFirstPasteImage()
116 |         await submit.value
    |                      `- warning: expression of type 'Bool' is unused [#no-usage]
117 | 
118 |         let images = await router.recordedPasteImages()

/private/tmp/cmux-verify-20260908170330-19681-7317/source-1198ba65bf/Packages/iOS/CmuxMobileShell/Tests/CmuxMobileShellTests/ComposerSubmitRoutingTests.swift:151:22: warning: expression of type 'Bool' is unused [#no-usage]
149 |         store.terminalInputText = "edited after send"
150 |         await router.releaseFirstPasteImage()
151 |         await submit.value
    |                      `- warning: expression of type 'Bool' is unused [#no-usage]
152 | 
153 |         let pastes = await router.recordedPastes()

/private/tmp/cmux-verify-20260908170330-19681-7317/source-1198ba65bf/Packages/iOS/CmuxMobileShell/Tests/CmuxMobileShellTests/ComposerSubmitRoutingTests.swift:184:22: warning: expression of type 'Bool' is unused [#no-usage]
182 |         store.terminalInputText = "b-draft"
183 |         await router.releaseFirstPasteImage()
184 |         await submit.value
    |                      `- warning: expression of type 'Bool' is unused [#no-usage]
185 | 
186 |         let pastes = await router.recordedPastes()

/private/tmp/cmux-verify-20260908170330-19681-7317/source-1198ba65bf/Packages/iOS/CmuxMobileShell/Tests/CmuxMobileShellTests/ComposerSubmitRoutingTests.swift:211:22: warning: expression of type 'Bool' is unused [#no-usage]
209 |         await router.awaitFirstPasteImageReached()
210 |         let second = Task { await store.submitComposer() }
211 |         await second.value
    |                      `- warning: expression of type 'Bool' is unused [#no-usage]
212 |         await router.releaseFirstPasteImage()
213 |         await first.value

/private/tmp/cmux-verify-20260908170330-19681-7317/source-1198ba65bf/Packages/iOS/CmuxMobileShell/Tests/CmuxMobileShellTests/ComposerSubmitRoutingTests.swift:213:21: warning: expression of type 'Bool' is unused [#no-usage]
211 |         await second.value
212 |         await router.releaseFirstPasteImage()
213 |         await first.value
    |                     `- warning: expression of type 'Bool' is unused [#no-usage]
214 | 
215 |         let images = await router.recordedPasteImages()

/private/tmp/cmux-verify-20260908170330-19681-7317/source-1198ba65bf/Packages/iOS/CmuxMobileShell/Tests/CmuxMobileShellTests/ComposerSubmitRoutingTests.swift:271:22: warning: expression of type 'Bool' is unused [#no-usage]
269 |         store.removePendingAttachment(id: secondID, forTerminalID: termA)
270 |         await router.releaseFirstPasteImage()
271 |         await submit.value
    |                      `- warning: expression of type 'Bool' is unused [#no-usage]
272 | 
273 |         let images = await router.recordedPasteImages()

/private/tmp/cmux-verify-20260908170330-19681-7317/source-1198ba65bf/Packages/iOS/CmuxMobileShell/Tests/CmuxMobileShellTests/ComposerSubmitRoutingTests.swift:337:22: warning: expression of type 'Bool' is unused [#no-usage]
335 |         try installFreshRemoteClient(on: store, router: newRouter)
336 |         await firstRouter.releaseFirstPasteImage()
337 |         await submit.value
    |                      `- warning: expression of type 'Bool' is unused [#no-usage]
338 | 
339 |         // The first image reached the OLD session (it was already in flight); the

/private/tmp/cmux-verify-20260908170330-19681-7317/source-1198ba65bf/Packages/iOS/CmuxMobileShell/Tests/CmuxMobileShellTests/ComposerSubmitRoutingTests.swift:376:22: warning: expression of type 'Bool' is unused [#no-usage]
374 |         try installFreshRemoteClient(on: store, router: newRouter)
375 |         await firstRouter.releaseFirstPasteImage()
376 |         await submit.value
    |                      `- warning: expression of type 'Bool' is unused [#no-usage]
377 | 
378 |         // Only the in-flight first image reached the old connection; nothing else.
[888/966] Compiling CmuxMobileShellTests DelayedTeamPairedMacStore.swift
/private/tmp/cmux-verify-20260908170330-19681-7317/source-1198ba65bf/Packages/iOS/CmuxMobileShell/Tests/CmuxMobileShellTests/ComposerSubmitRoutingTests.swift:30:22: warning: expression of type 'Bool' is unused [#no-usage]
 28 | 
 29 |         await router.releaseFirstPasteImage()
 30 |         await submit.value
    |                      `- warning: expression of type 'Bool' is unused [#no-usage]
 31 | 
 32 |         #expect(store.terminalSendStatus(forTerminalID: terminalID) == .sent)

/private/tmp/cmux-verify-20260908170330-19681-7317/source-1198ba65bf/Packages/iOS/CmuxMobileShell/Tests/CmuxMobileShellTests/ComposerSubmitRoutingTests.swift:116:22: warning: expression of type 'Bool' is unused [#no-usage]
114 |         store.selectTerminal(MobileTerminalPreview.ID(rawValue: termB))
115 |         await router.releaseFirstPasteImage()
116 |         await submit.value
    |                      `- warning: expression of type 'Bool' is unused [#no-usage]
117 | 
118 |         let images = await router.recordedPasteImages()

/private/tmp/cmux-verify-20260908170330-19681-7317/source-1198ba65bf/Packages/iOS/CmuxMobileShell/Tests/CmuxMobileShellTests/ComposerSubmitRoutingTests.swift:151:22: warning: expression of type 'Bool' is unused [#no-usage]
149 |         store.terminalInputText = "edited after send"
150 |         await router.releaseFirstPasteImage()
151 |         await submit.value
    |                      `- warning: expression of type 'Bool' is unused [#no-usage]
152 | 
153 |         let pastes = await router.recordedPastes()

/private/tmp/cmux-verify-20260908170330-19681-7317/source-1198ba65bf/Packages/iOS/CmuxMobileShell/Tests/CmuxMobileShellTests/ComposerSubmitRoutingTests.swift:184:22: warning: expression of type 'Bool' is unused [#no-usage]
182 |         store.terminalInputText = "b-draft"
183 |         await router.releaseFirstPasteImage()
184 |         await submit.value
    |                      `- warning: expression of type 'Bool' is unused [#no-usage]
185 | 
186 |         let pastes = await router.recordedPastes()

/private/tmp/cmux-verify-20260908170330-19681-7317/source-1198ba65bf/Packages/iOS/CmuxMobileShell/Tests/CmuxMobileShellTests/ComposerSubmitRoutingTests.swift:211:22: warning: expression of type 'Bool' is unused [#no-usage]
209 |         await router.awaitFirstPasteImageReached()
210 |         let second = Task { await store.submitComposer() }
211 |         await second.value
    |                      `- warning: expression of type 'Bool' is unused [#no-usage]
212 |         await router.releaseFirstPasteImage()
213 |         await first.value

/private/tmp/cmux-verify-20260908170330-19681-7317/source-1198ba65bf/Packages/iOS/CmuxMobileShell/Tests/CmuxMobileShellTests/ComposerSubmitRoutingTests.swift:213:21: warning: expression of type 'Bool' is unused [#no-usage]
211 |         await second.value
212 |         await router.releaseFirstPasteImage()
213 |         await first.value
    |                     `- warning: expression of type 'Bool' is unused [#no-usage]
214 | 
215 |         let images = await router.recordedPasteImages()

/private/tmp/cmux-verify-20260908170330-19681-7317/source-1198ba65bf/Packages/iOS/CmuxMobileShell/Tests/CmuxMobileShellTests/ComposerSubmitRoutingTests.swift:271:22: warning: expression of type 'Bool' is unused [#no-usage]
269 |         store.removePendingAttachment(id: secondID, forTerminalID: termA)
270 |         await router.releaseFirstPasteImage()
271 |         await submit.value
    |                      `- warning: expression of type 'Bool' is unused [#no-usage]
272 | 
273 |         let images = await router.recordedPasteImages()

/private/tmp/cmux-verify-20260908170330-19681-7317/source-1198ba65bf/Packages/iOS/CmuxMobileShell/Tests/CmuxMobileShellTests/ComposerSubmitRoutingTests.swift:337:22: warning: expression of type 'Bool' is unused [#no-usage]
335 |         try installFreshRemoteClient(on: store, router: newRouter)
336 |         await firstRouter.releaseFirstPasteImage()
337 |         await submit.value
    |                      `- warning: expression of type 'Bool' is unused [#no-usage]
338 | 
339 |         // The first image reached the OLD session (it was already in flight); the

/private/tmp/cmux-verify-20260908170330-19681-7317/source-1198ba65bf/Packages/iOS/CmuxMobileShell/Tests/CmuxMobileShellTests/ComposerSubmitRoutingTests.swift:376:22: warning: expression of type 'Bool' is unused [#no-usage]
374 |         try installFreshRemoteClient(on: store, router: newRouter)
375 |         await firstRouter.releaseFirstPasteImage()
376 |         await submit.value
    |                      `- warning: expression of type 'Bool' is unused [#no-usage]
377 | 
378 |         // Only the in-flight first image reached the old connection; nothing else.
[889/966] Compiling CmuxMobileShellTests DelayingDraftStore.swift
/private/tmp/cmux-verify-20260908170330-19681-7317/source-1198ba65bf/Packages/iOS/CmuxMobileShell/Tests/CmuxMobileShellTests/ComposerSubmitRoutingTests.swift:30:22: warning: expression of type 'Bool' is unused [#no-usage]
 28 | 
 29 |         await router.releaseFirstPasteImage()
 30 |         await submit.value
    |                      `- warning: expression of type 'Bool' is unused [#no-usage]
 31 | 
 32 |         #expect(store.terminalSendStatus(forTerminalID: terminalID) == .sent)

/private/tmp/cmux-verify-20260908170330-19681-7317/source-1198ba65bf/Packages/iOS/CmuxMobileShell/Tests/CmuxMobileShellTests/ComposerSubmitRoutingTests.swift:116:22: warning: expression of type 'Bool' is unused [#no-usage]
114 |         store.selectTerminal(MobileTerminalPreview.ID(rawValue: termB))
115 |         await router.releaseFirstPasteImage()
116 |         await submit.value
    |                      `- warning: expression of type 'Bool' is unused [#no-usage]
117 | 
118 |         let images = await router.recordedPasteImages()

/private/tmp/cmux-verify-20260908170330-19681-7317/source-1198ba65bf/Packages/iOS/CmuxMobileShell/Tests/CmuxMobileShellTests/ComposerSubmitRoutingTests.swift:151:22: warning: expression of type 'Bool' is unused [#no-usage]
149 |         store.terminalInputText = "edited after send"
150 |         await router.releaseFirstPasteImage()
151 |         await submit.value
    |                      `- warning: expression of type 'Bool' is unused [#no-usage]
152 | 
153 |         let pastes = await router.recordedPastes()

/private/tmp/cmux-verify-20260908170330-19681-7317/source-1198ba65bf/Packages/iOS/CmuxMobileShell/Tests/CmuxMobileShellTests/ComposerSubmitRoutingTests.swift:184:22: warning: expression of type 'Bool' is unused [#no-usage]
182 |         store.terminalInputText = "b-draft"
183 |         await router.releaseFirstPasteImage()
184 |         await submit.value
    |                      `- warning: expression of type 'Bool' is unused [#no-usage]
185 | 
186 |         let pastes = await router.recordedPastes()

/private/tmp/cmux-verify-20260908170330-19681-7317/source-1198ba65bf/Packages/iOS/CmuxMobileShell/Tests/CmuxMobileShellTests/ComposerSubmitRoutingTests.swift:211:22: warning: expression of type 'Bool' is unused [#no-usage]
209 |         await router.awaitFirstPasteImageReached()
210 |         let second = Task { await store.submitComposer() }
211 |         await second.value
    |                      `- warning: expression of type 'Bool' is unused [#no-usage]
212 |         await router.releaseFirstPasteImage()
213 |         await first.value

/private/tmp/cmux-verify-20260908170330-19681-7317/source-1198ba65bf/Packages/iOS/CmuxMobileShell/Tests/CmuxMobileShellTests/ComposerSubmitRoutingTests.swift:213:21: warning: expression of type 'Bool' is unused [#no-usage]
211 |         await second.value
212 |         await router.releaseFirstPasteImage()
213 |         await first.value
    |                     `- warning: expression of type 'Bool' is unused [#no-usage]
214 | 
215 |         let images = await router.recordedPasteImages()

/private/tmp/cmux-verify-20260908170330-19681-7317/source-1198ba65bf/Packages/iOS/CmuxMobileShell/Tests/CmuxMobileShellTests/ComposerSubmitRoutingTests.swift:271:22: warning: expression of type 'Bool' is unused [#no-usage]
269 |         store.removePendingAttachment(id: secondID, forTerminalID: termA)
270 |         await router.releaseFirstPasteImage()
271 |         await submit.value
    |                      `- warning: expression of type 'Bool' is unused [#no-usage]
272 | 
273 |         let images = await router.recordedPasteImages()

/private/tmp/cmux-verify-20260908170330-19681-7317/source-1198ba65bf/Packages/iOS/CmuxMobileShell/Tests/CmuxMobileShellTests/ComposerSubmitRoutingTests.swift:337:22: warning: expression of type 'Bool' is unused [#no-usage]
335 |         try installFreshRemoteClient(on: store, router: newRouter)
336 |         await firstRouter.releaseFirstPasteImage()
337 |         await submit.value
    |                      `- warning: expression of type 'Bool' is unused [#no-usage]
338 | 
339 |         // The first image reached the OLD session (it was already in flight); the

/private/tmp/cmux-verify-20260908170330-19681-7317/source-1198ba65bf/Packages/iOS/CmuxMobileShell/Tests/CmuxMobileShellTests/ComposerSubmitRoutingTests.swift:376:22: warning: expression of type 'Bool' is unused [#no-usage]
374 |         try installFreshRemoteClient(on: store, router: newRouter)
375 |         await firstRouter.releaseFirstPasteImage()
376 |         await submit.value
    |                      `- warning: expression of type 'Bool' is unused [#no-usage]
377 | 
378 |         // Only the in-flight first image reached the old connection; nothing else.
[890/966] Compiling CmuxMobileShellTests DeviceOnlyMacSwitchTests.swift
/private/tmp/cmux-verify-20260908170330-19681-7317/source-1198ba65bf/Packages/iOS/CmuxMobileShell/Tests/CmuxMobileShellTests/ComposerSubmitRoutingTests.swift:30:22: warning: expression of type 'Bool' is unused [#no-usage]
 28 | 
 29 |         await router.releaseFirstPasteImage()
 30 |         await submit.value
    |                      `- warning: expression of type 'Bool' is unused [#no-usage]
 31 | 
 32 |         #expect(store.terminalSendStatus(forTerminalID: terminalID) == .sent)

/private/tmp/cmux-verify-20260908170330-19681-7317/source-1198ba65bf/Packages/iOS/CmuxMobileShell/Tests/CmuxMobileShellTests/ComposerSubmitRoutingTests.swift:116:22: warning: expression of type 'Bool' is unused [#no-usage]
114 |         store.selectTerminal(MobileTerminalPreview.ID(rawValue: termB))
115 |         await router.releaseFirstPasteImage()
116 |         await submit.value
    |                      `- warning: expression of type 'Bool' is unused [#no-usage]
117 | 
118 |         let images = await router.recordedPasteImages()

/private/tmp/cmux-verify-20260908170330-19681-7317/source-1198ba65bf/Packages/iOS/CmuxMobileShell/Tests/CmuxMobileShellTests/ComposerSubmitRoutingTests.swift:151:22: warning: expression of type 'Bool' is unused [#no-usage]
149 |         store.terminalInputText = "edited after send"
150 |         await router.releaseFirstPasteImage()
151 |         await submit.value
    |                      `- warning: expression of type 'Bool' is unused [#no-usage]
152 | 
153 |         let pastes = await router.recordedPastes()

/private/tmp/cmux-verify-20260908170330-19681-7317/source-1198ba65bf/Packages/iOS/CmuxMobileShell/Tests/CmuxMobileShellTests/ComposerSubmitRoutingTests.swift:184:22: warning: expression of type 'Bool' is unused [#no-usage]
182 |         store.terminalInputText = "b-draft"
183 |         await router.releaseFirstPasteImage()
184 |         await submit.value
    |                      `- warning: expression of type 'Bool' is unused [#no-usage]
185 | 
186 |         let pastes = await router.recordedPastes()

/private/tmp/cmux-verify-20260908170330-19681-7317/source-1198ba65bf/Packages/iOS/CmuxMobileShell/Tests/CmuxMobileShellTests/ComposerSubmitRoutingTests.swift:211:22: warning: expression of type 'Bool' is unused [#no-usage]
209 |         await router.awaitFirstPasteImageReached()
210 |         let second = Task { await store.submitComposer() }
211 |         await second.value
    |                      `- warning: expression of type 'Bool' is unused [#no-usage]
212 |         await router.releaseFirstPasteImage()
213 |         await first.value

/private/tmp/cmux-verify-20260908170330-19681-7317/source-1198ba65bf/Packages/iOS/CmuxMobileShell/Tests/CmuxMobileShellTests/ComposerSubmitRoutingTests.swift:213:21: warning: expression of type 'Bool' is unused [#no-usage]
211 |         await second.value
212 |         await router.releaseFirstPasteImage()
213 |         await first.value
    |                     `- warning: expression of type 'Bool' is unused [#no-usage]
214 | 
215 |         let images = await router.recordedPasteImages()

/private/tmp/cmux-verify-20260908170330-19681-7317/source-1198ba65bf/Packages/iOS/CmuxMobileShell/Tests/CmuxMobileShellTests/ComposerSubmitRoutingTests.swift:271:22: warning: expression of type 'Bool' is unused [#no-usage]
269 |         store.removePendingAttachment(id: secondID, forTerminalID: termA)
270 |         await router.releaseFirstPasteImage()
271 |         await submit.value
    |                      `- warning: expression of type 'Bool' is unused [#no-usage]
272 | 
273 |         let images = await router.recordedPasteImages()

/private/tmp/cmux-verify-20260908170330-19681-7317/source-1198ba65bf/Packages/iOS/CmuxMobileShell/Tests/CmuxMobileShellTests/ComposerSubmitRoutingTests.swift:337:22: warning: expression of type 'Bool' is unused [#no-usage]
335 |         try installFreshRemoteClient(on: store, router: newRouter)
336 |         await firstRouter.releaseFirstPasteImage()
337 |         await submit.value
    |                      `- warning: expression of type 'Bool' is unused [#no-usage]
338 | 
339 |         // The first image reached the OLD session (it was already in flight); the

/private/tmp/cmux-verify-20260908170330-19681-7317/source-1198ba65bf/Packages/iOS/CmuxMobileShell/Tests/CmuxMobileShellTests/ComposerSubmitRoutingTests.swift:376:22: warning: expression of type 'Bool' is unused [#no-usage]
374 |         try installFreshRemoteClient(on: store, router: newRouter)
375 |         await firstRouter.releaseFirstPasteImage()
376 |         await submit.value
    |                      `- warning: expression of type 'Bool' is unused [#no-usage]
377 | 
378 |         // Only the in-flight first image reached the old connection; nothing else.
[891/966] Compiling CmuxMobileShellTests DeviceRegistryListParsingTests.swift
/private/tmp/cmux-verify-20260908170330-19681-7317/source-1198ba65bf/Packages/iOS/CmuxMobileShell/Tests/CmuxMobileShellTests/ComposerSubmitRoutingTests.swift:30:22: warning: expression of type 'Bool' is unused [#no-usage]
 28 | 
 29 |         await router.releaseFirstPasteImage()
 30 |         await submit.value
    |                      `- warning: expression of type 'Bool' is unused [#no-usage]
 31 | 
 32 |         #expect(store.terminalSendStatus(forTerminalID: terminalID) == .sent)

/private/tmp/cmux-verify-20260908170330-19681-7317/source-1198ba65bf/Packages/iOS/CmuxMobileShell/Tests/CmuxMobileShellTests/ComposerSubmitRoutingTests.swift:116:22: warning: expression of type 'Bool' is unused [#no-usage]
114 |         store.selectTerminal(MobileTerminalPreview.ID(rawValue: termB))
115 |         await router.releaseFirstPasteImage()
116 |         await submit.value
    |                      `- warning: expression of type 'Bool' is unused [#no-usage]
117 | 
118 |         let images = await router.recordedPasteImages()

/private/tmp/cmux-verify-20260908170330-19681-7317/source-1198ba65bf/Packages/iOS/CmuxMobileShell/Tests/CmuxMobileShellTests/ComposerSubmitRoutingTests.swift:151:22: warning: expression of type 'Bool' is unused [#no-usage]
149 |         store.terminalInputText = "edited after send"
150 |         await router.releaseFirstPasteImage()
151 |         await submit.value
    |                      `- warning: expression of type 'Bool' is unused [#no-usage]
152 | 
153 |         let pastes = await router.recordedPastes()

/private/tmp/cmux-verify-20260908170330-19681-7317/source-1198ba65bf/Packages/iOS/CmuxMobileShell/Tests/CmuxMobileShellTests/ComposerSubmitRoutingTests.swift:184:22: warning: expression of type 'Bool' is unused [#no-usage]
182 |         store.terminalInputText = "b-draft"
183 |         await router.releaseFirstPasteImage()
184 |         await submit.value
    |                      `- warning: expression of type 'Bool' is unused [#no-usage]
185 | 
186 |         let pastes = await router.recordedPastes()

/private/tmp/cmux-verify-20260908170330-19681-7317/source-1198ba65bf/Packages/iOS/CmuxMobileShell/Tests/CmuxMobileShellTests/ComposerSubmitRoutingTests.swift:211:22: warning: expression of type 'Bool' is unused [#no-usage]
209 |         await router.awaitFirstPasteImageReached()
210 |         let second = Task { await store.submitComposer() }
211 |         await second.value
    |                      `- warning: expression of type 'Bool' is unused [#no-usage]
212 |         await router.releaseFirstPasteImage()
213 |         await first.value

/private/tmp/cmux-verify-20260908170330-19681-7317/source-1198ba65bf/Packages/iOS/CmuxMobileShell/Tests/CmuxMobileShellTests/ComposerSubmitRoutingTests.swift:213:21: warning: expression of type 'Bool' is unused [#no-usage]
211 |         await second.value
212 |         await router.releaseFirstPasteImage()
213 |         await first.value
    |                     `- warning: expression of type 'Bool' is unused [#no-usage]
214 | 
215 |         let images = await router.recordedPasteImages()

/private/tmp/cmux-verify-20260908170330-19681-7317/source-1198ba65bf/Packages/iOS/CmuxMobileShell/Tests/CmuxMobileShellTests/ComposerSubmitRoutingTests.swift:271:22: warning: expression of type 'Bool' is unused [#no-usage]
269 |         store.removePendingAttachment(id: secondID, forTerminalID: termA)
270 |         await router.releaseFirstPasteImage()
271 |         await submit.value
    |                      `- warning: expression of type 'Bool' is unused [#no-usage]
272 | 
273 |         let images = await router.recordedPasteImages()

/private/tmp/cmux-verify-20260908170330-19681-7317/source-1198ba65bf/Packages/iOS/CmuxMobileShell/Tests/CmuxMobileShellTests/ComposerSubmitRoutingTests.swift:337:22: warning: expression of type 'Bool' is unused [#no-usage]
335 |         try installFreshRemoteClient(on: store, router: newRouter)
336 |         await firstRouter.releaseFirstPasteImage()
337 |         await submit.value
    |                      `- warning: expression of type 'Bool' is unused [#no-usage]
338 | 
339 |         // The first image reached the OLD session (it was already in flight); the

/private/tmp/cmux-verify-20260908170330-19681-7317/source-1198ba65bf/Packages/iOS/CmuxMobileShell/Tests/CmuxMobileShellTests/ComposerSubmitRoutingTests.swift:376:22: warning: expression of type 'Bool' is unused [#no-usage]
374 |         try installFreshRemoteClient(on: store, router: newRouter)
375 |         await firstRouter.releaseFirstPasteImage()
376 |         await submit.value
    |                      `- warning: expression of type 'Bool' is unused [#no-usage]
377 | 
378 |         // Only the in-flight first image reached the old connection; nothing else.
[892/966] Compiling CmuxMobileShellTests DeviceRegistryRedirectTests.swift
/private/tmp/cmux-verify-20260908170330-19681-7317/source-1198ba65bf/Packages/iOS/CmuxMobileShell/Tests/CmuxMobileShellTests/ComposerSubmitRoutingTests.swift:30:22: warning: expression of type 'Bool' is unused [#no-usage]
 28 | 
 29 |         await router.releaseFirstPasteImage()
 30 |         await submit.value
    |                      `- warning: expression of type 'Bool' is unused [#no-usage]
 31 | 
 32 |         #expect(store.terminalSendStatus(forTerminalID: terminalID) == .sent)

/private/tmp/cmux-verify-20260908170330-19681-7317/source-1198ba65bf/Packages/iOS/CmuxMobileShell/Tests/CmuxMobileShellTests/ComposerSubmitRoutingTests.swift:116:22: warning: expression of type 'Bool' is unused [#no-usage]
114 |         store.selectTerminal(MobileTerminalPreview.ID(rawValue: termB))
115 |         await router.releaseFirstPasteImage()
116 |         await submit.value
    |                      `- warning: expression of type 'Bool' is unused [#no-usage]
117 | 
118 |         let images = await router.recordedPasteImages()

/private/tmp/cmux-verify-20260908170330-19681-7317/source-1198ba65bf/Packages/iOS/CmuxMobileShell/Tests/CmuxMobileShellTests/ComposerSubmitRoutingTests.swift:151:22: warning: expression of type 'Bool' is unused [#no-usage]
149 |         store.terminalInputText = "edited after send"
150 |         await router.releaseFirstPasteImage()
151 |         await submit.value
    |                      `- warning: expression of type 'Bool' is unused [#no-usage]
152 | 
153 |         let pastes = await router.recordedPastes()

/private/tmp/cmux-verify-20260908170330-19681-7317/source-1198ba65bf/Packages/iOS/CmuxMobileShell/Tests/CmuxMobileShellTests/ComposerSubmitRoutingTests.swift:184:22: warning: expression of type 'Bool' is unused [#no-usage]
182 |         store.terminalInputText = "b-draft"
183 |         await router.releaseFirstPasteImage()
184 |         await submit.value
    |                      `- warning: expression of type 'Bool' is unused [#no-usage]
185 | 
186 |         let pastes = await router.recordedPastes()

/private/tmp/cmux-verify-20260908170330-19681-7317/source-1198ba65bf/Packages/iOS/CmuxMobileShell/Tests/CmuxMobileShellTests/ComposerSubmitRoutingTests.swift:211:22: warning: expression of type 'Bool' is unused [#no-usage]
209 |         await router.awaitFirstPasteImageReached()
210 |         let second = Task { await store.submitComposer() }
211 |         await second.value
    |                      `- warning: expression of type 'Bool' is unused [#no-usage]
212 |         await router.releaseFirstPasteImage()
213 |         await first.value

/private/tmp/cmux-verify-20260908170330-19681-7317/source-1198ba65bf/Packages/iOS/CmuxMobileShell/Tests/CmuxMobileShellTests/ComposerSubmitRoutingTests.swift:213:21: warning: expression of type 'Bool' is unused [#no-usage]
211 |         await second.value
212 |         await router.releaseFirstPasteImage()
213 |         await first.value
    |                     `- warning: expression of type 'Bool' is unused [#no-usage]
214 | 
215 |         let images = await router.recordedPasteImages()

/private/tmp/cmux-verify-20260908170330-19681-7317/source-1198ba65bf/Packages/iOS/CmuxMobileShell/Tests/CmuxMobileShellTests/ComposerSubmitRoutingTests.swift:271:22: warning: expression of type 'Bool' is unused [#no-usage]
269 |         store.removePendingAttachment(id: secondID, forTerminalID: termA)
270 |         await router.releaseFirstPasteImage()
271 |         await submit.value
    |                      `- warning: expression of type 'Bool' is unused [#no-usage]
272 | 
273 |         let images = await router.recordedPasteImages()

/private/tmp/cmux-verify-20260908170330-19681-7317/source-1198ba65bf/Packages/iOS/CmuxMobileShell/Tests/CmuxMobileShellTests/ComposerSubmitRoutingTests.swift:337:22: warning: expression of type 'Bool' is unused [#no-usage]
335 |         try installFreshRemoteClient(on: store, router: newRouter)
336 |         await firstRouter.releaseFirstPasteImage()
337 |         await submit.value
    |                      `- warning: expression of type 'Bool' is unused [#no-usage]
338 | 
339 |         // The first image reached the OLD session (it was already in flight); the

/private/tmp/cmux-verify-20260908170330-19681-7317/source-1198ba65bf/Packages/iOS/CmuxMobileShell/Tests/CmuxMobileShellTests/ComposerSubmitRoutingTests.swift:376:22: warning: expression of type 'Bool' is unused [#no-usage]
374 |         try installFreshRemoteClient(on: store, router: newRouter)
375 |         await firstRouter.releaseFirstPasteImage()
376 |         await submit.value
    |                      `- warning: expression of type 'Bool' is unused [#no-usage]
377 | 
378 |         // Only the in-flight first image reached the old connection; nothing else.
[893/990] Compiling CmuxMobileShellTests DeviceRegistryRequestDedupTests.swift
/private/tmp/cmux-verify-20260908170330-19681-7317/source-1198ba65bf/Packages/iOS/CmuxMobileShell/Tests/CmuxMobileShellTests/DeviceRegistryRequestDedupTests.swift:95:13: warning: 'nonisolated(unsafe)' is unnecessary for a constant with 'Sendable' type 'DispatchSemaphore', consider removing it
 93 |     private nonisolated(unsafe) static var teams: [String?] = []
 94 |     private nonisolated(unsafe) static var blocksFirstRequest = true
 95 |     private nonisolated(unsafe) static let firstRequestRelease = DispatchSemaphore(value: 0)
    |             `- warning: 'nonisolated(unsafe)' is unnecessary for a constant with 'Sendable' type 'DispatchSemaphore', consider removing it
 96 | 
 97 |     static var requestCount: Int {
[894/990] Compiling CmuxMobileShellTests DeviceRegistryRouteSelectionTests.swift
/private/tmp/cmux-verify-20260908170330-19681-7317/source-1198ba65bf/Packages/iOS/CmuxMobileShell/Tests/CmuxMobileShellTests/DeviceRegistryRequestDedupTests.swift:95:13: warning: 'nonisolated(unsafe)' is unnecessary for a constant with 'Sendable' type 'DispatchSemaphore', consider removing it
 93 |     private nonisolated(unsafe) static var teams: [String?] = []
 94 |     private nonisolated(unsafe) static var blocksFirstRequest = true
 95 |     private nonisolated(unsafe) static let firstRequestRelease = DispatchSemaphore(value: 0)
    |             `- warning: 'nonisolated(unsafe)' is unnecessary for a constant with 'Sendable' type 'DispatchSemaphore', consider removing it
 96 | 
 97 |     static var requestCount: Int {
[895/990] Compiling CmuxMobileShellTests DraftPipelineOrderingTests.swift
/private/tmp/cmux-verify-20260908170330-19681-7317/source-1198ba65bf/Packages/iOS/CmuxMobileShell/Tests/CmuxMobileShellTests/DeviceRegistryRequestDedupTests.swift:95:13: warning: 'nonisolated(unsafe)' is unnecessary for a constant with 'Sendable' type 'DispatchSemaphore', consider removing it
 93 |     private nonisolated(unsafe) static var teams: [String?] = []
 94 |     private nonisolated(unsafe) static var blocksFirstRequest = true
 95 |     private nonisolated(unsafe) static let firstRequestRelease = DispatchSemaphore(value: 0)
    |             `- warning: 'nonisolated(unsafe)' is unnecessary for a constant with 'Sendable' type 'DispatchSemaphore', consider removing it
 96 | 
 97 |     static var requestCount: Int {
[896/990] Compiling CmuxMobileShellTests DraftSwitchOwnershipTests.swift
/private/tmp/cmux-verify-20260908170330-19681-7317/source-1198ba65bf/Packages/iOS/CmuxMobileShell/Tests/CmuxMobileShellTests/DeviceRegistryRequestDedupTests.swift:95:13: warning: 'nonisolated(unsafe)' is unnecessary for a constant with 'Sendable' type 'DispatchSemaphore', consider removing it
 93 |     private nonisolated(unsafe) static var teams: [String?] = []
 94 |     private nonisolated(unsafe) static var blocksFirstRequest = true
 95 |     private nonisolated(unsafe) static let firstRequestRelease = DispatchSemaphore(value: 0)
    |             `- warning: 'nonisolated(unsafe)' is unnecessary for a constant with 'Sendable' type 'DispatchSemaphore', consider removing it
 96 | 
 97 |     static var requestCount: Int {
[897/990] Compiling CmuxMobileShellTests FailingPoolTransportFactory.swift
/private/tmp/cmux-verify-20260908170330-19681-7317/source-1198ba65bf/Packages/iOS/CmuxMobileShell/Tests/CmuxMobileShellTests/DeviceRegistryRequestDedupTests.swift:95:13: warning: 'nonisolated(unsafe)' is unnecessary for a constant with 'Sendable' type 'DispatchSemaphore', consider removing it
 93 |     private nonisolated(unsafe) static var teams: [String?] = []
 94 |     private nonisolated(unsafe) static var blocksFirstRequest = true
 95 |     private nonisolated(unsafe) static let firstRequestRelease = DispatchSemaphore(value: 0)
    |             `- warning: 'nonisolated(unsafe)' is unnecessary for a constant with 'Sendable' type 'DispatchSemaphore', consider removing it
 96 | 
 97 |     static var requestCount: Int {
[898/990] Compiling CmuxMobileShellTests FakeBackup.swift
/private/tmp/cmux-verify-20260908170330-19681-7317/source-1198ba65bf/Packages/iOS/CmuxMobileShell/Tests/CmuxMobileShellTests/DeviceRegistryRequestDedupTests.swift:95:13: warning: 'nonisolated(unsafe)' is unnecessary for a constant with 'Sendable' type 'DispatchSemaphore', consider removing it
 93 |     private nonisolated(unsafe) static var teams: [String?] = []
 94 |     private nonisolated(unsafe) static var blocksFirstRequest = true
 95 |     private nonisolated(unsafe) static let firstRequestRelease = DispatchSemaphore(value: 0)
    |             `- warning: 'nonisolated(unsafe)' is unnecessary for a constant with 'Sendable' type 'DispatchSemaphore', consider removing it
 96 | 
 97 |     static var requestCount: Int {
[899/990] Compiling CmuxMobileShellTests GatedUpsertStore.swift
/private/tmp/cmux-verify-20260908170330-19681-7317/source-1198ba65bf/Packages/iOS/CmuxMobileShell/Tests/CmuxMobileShellTests/DeviceRegistryRequestDedupTests.swift:95:13: warning: 'nonisolated(unsafe)' is unnecessary for a constant with 'Sendable' type 'DispatchSemaphore', consider removing it
 93 |     private nonisolated(unsafe) static var teams: [String?] = []
 94 |     private nonisolated(unsafe) static var blocksFirstRequest = true
 95 |     private nonisolated(unsafe) static let firstRequestRelease = DispatchSemaphore(value: 0)
    |             `- warning: 'nonisolated(unsafe)' is unnecessary for a constant with 'Sendable' type 'DispatchSemaphore', consider removing it
 96 | 
 97 |     static var requestCount: Int {
[900/990] Compiling CmuxMobileShellTests IOSBuildScopedPairedMacStoreTests.swift
/private/tmp/cmux-verify-20260908170330-19681-7317/source-1198ba65bf/Packages/iOS/CmuxMobileShell/Tests/CmuxMobileShellTests/DeviceRegistryRequestDedupTests.swift:95:13: warning: 'nonisolated(unsafe)' is unnecessary for a constant with 'Sendable' type 'DispatchSemaphore', consider removing it
 93 |     private nonisolated(unsafe) static var teams: [String?] = []
 94 |     private nonisolated(unsafe) static var blocksFirstRequest = true
 95 |     private nonisolated(unsafe) static let firstRequestRelease = DispatchSemaphore(value: 0)
    |             `- warning: 'nonisolated(unsafe)' is unnecessary for a constant with 'Sendable' type 'DispatchSemaphore', consider removing it
 96 | 
 97 |     static var requestCount: Int {
[901/990] Compiling CmuxMobileShellTests IdlePresence.swift
/private/tmp/cmux-verify-20260908170330-19681-7317/source-1198ba65bf/Packages/iOS/CmuxMobileShell/Tests/CmuxMobileShellTests/DeviceRegistryRequestDedupTests.swift:95:13: warning: 'nonisolated(unsafe)' is unnecessary for a constant with 'Sendable' type 'DispatchSemaphore', consider removing it
 93 |     private nonisolated(unsafe) static var teams: [String?] = []
 94 |     private nonisolated(unsafe) static var blocksFirstRequest = true
 95 |     private nonisolated(unsafe) static let firstRequestRelease = DispatchSemaphore(value: 0)
    |             `- warning: 'nonisolated(unsafe)' is unnecessary for a constant with 'Sendable' type 'DispatchSemaphore', consider removing it
 96 | 
 97 |     static var requestCount: Int {
[902/990] Compiling CmuxMobileShellTests InMemoryDeviceIdentityStore.swift
/private/tmp/cmux-verify-20260908170330-19681-7317/source-1198ba65bf/Packages/iOS/CmuxMobileShell/Tests/CmuxMobileShellTests/DeviceRegistryRequestDedupTests.swift:95:13: warning: 'nonisolated(unsafe)' is unnecessary for a constant with 'Sendable' type 'DispatchSemaphore', consider removing it
 93 |     private nonisolated(unsafe) static var teams: [String?] = []
 94 |     private nonisolated(unsafe) static var blocksFirstRequest = true
 95 |     private nonisolated(unsafe) static let firstRequestRelease = DispatchSemaphore(value: 0)
    |             `- warning: 'nonisolated(unsafe)' is unnecessary for a constant with 'Sendable' type 'DispatchSemaphore', consider removing it
 96 | 
 97 |     static var requestCount: Int {
[903/990] Compiling CmuxMobileShellTests InMemoryTerminalDraftStoreTests.swift
/private/tmp/cmux-verify-20260908170330-19681-7317/source-1198ba65bf/Packages/iOS/CmuxMobileShell/Tests/CmuxMobileShellTests/DeviceRegistryRequestDedupTests.swift:95:13: warning: 'nonisolated(unsafe)' is unnecessary for a constant with 'Sendable' type 'DispatchSemaphore', consider removing it
 93 |     private nonisolated(unsafe) static var teams: [String?] = []
 94 |     private nonisolated(unsafe) static var blocksFirstRequest = true
 95 |     private nonisolated(unsafe) static let firstRequestRelease = DispatchSemaphore(value: 0)
    |             `- warning: 'nonisolated(unsafe)' is unnecessary for a constant with 'Sendable' type 'DispatchSemaphore', consider removing it
 96 | 
 97 |     static var requestCount: Int {
[904/990] Compiling CmuxMobileShellTests InputAckRetryClock.swift
/private/tmp/cmux-verify-20260908170330-19681-7317/source-1198ba65bf/Packages/iOS/CmuxMobileShell/Tests/CmuxMobileShellTests/DeviceRegistryRequestDedupTests.swift:95:13: warning: 'nonisolated(unsafe)' is unnecessary for a constant with 'Sendable' type 'DispatchSemaphore', consider removing it
 93 |     private nonisolated(unsafe) static var teams: [String?] = []
 94 |     private nonisolated(unsafe) static var blocksFirstRequest = true
 95 |     private nonisolated(unsafe) static let firstRequestRelease = DispatchSemaphore(value: 0)
    |             `- warning: 'nonisolated(unsafe)' is unnecessary for a constant with 'Sendable' type 'DispatchSemaphore', consider removing it
 96 | 
 97 |     static var requestCount: Int {
[905/990] Compiling CmuxMobileShellTests IrohConnectionRecoveryOwnerTests.swift
/private/tmp/cmux-verify-20260908170330-19681-7317/source-1198ba65bf/Packages/iOS/CmuxMobileShell/Tests/CmuxMobileShellTests/DeviceRegistryRequestDedupTests.swift:95:13: warning: 'nonisolated(unsafe)' is unnecessary for a constant with 'Sendable' type 'DispatchSemaphore', consider removing it
 93 |     private nonisolated(unsafe) static var teams: [String?] = []
 94 |     private nonisolated(unsafe) static var blocksFirstRequest = true
 95 |     private nonisolated(unsafe) static let firstRequestRelease = DispatchSemaphore(value: 0)
    |             `- warning: 'nonisolated(unsafe)' is unnecessary for a constant with 'Sendable' type 'DispatchSemaphore', consider removing it
 96 | 
 97 |     static var requestCount: Int {
[906/990] Compiling CmuxMobileShellTests IrohReconnectRouteDedupTests.swift
/private/tmp/cmux-verify-20260908170330-19681-7317/source-1198ba65bf/Packages/iOS/CmuxMobileShell/Tests/CmuxMobileShellTests/DeviceRegistryRequestDedupTests.swift:95:13: warning: 'nonisolated(unsafe)' is unnecessary for a constant with 'Sendable' type 'DispatchSemaphore', consider removing it
 93 |     private nonisolated(unsafe) static var teams: [String?] = []
 94 |     private nonisolated(unsafe) static var blocksFirstRequest = true
 95 |     private nonisolated(unsafe) static let firstRequestRelease = DispatchSemaphore(value: 0)
    |             `- warning: 'nonisolated(unsafe)' is unnecessary for a constant with 'Sendable' type 'DispatchSemaphore', consider removing it
 96 | 
 97 |     static var requestCount: Int {
[907/990] Compiling CmuxMobileShellTests IrohReconnectRouteSelectionTests.swift
/private/tmp/cmux-verify-20260908170330-19681-7317/source-1198ba65bf/Packages/iOS/CmuxMobileShell/Tests/CmuxMobileShellTests/DeviceRegistryRequestDedupTests.swift:95:13: warning: 'nonisolated(unsafe)' is unnecessary for a constant with 'Sendable' type 'DispatchSemaphore', consider removing it
 93 |     private nonisolated(unsafe) static var teams: [String?] = []
 94 |     private nonisolated(unsafe) static var blocksFirstRequest = true
 95 |     private nonisolated(unsafe) static let firstRequestRelease = DispatchSemaphore(value: 0)
    |             `- warning: 'nonisolated(unsafe)' is unnecessary for a constant with 'Sendable' type 'DispatchSemaphore', consider removing it
 96 | 
 97 |     static var requestCount: Int {
[908/990] Compiling CmuxMobileShellTests IrohZeroTouchDiscoveryTests.swift
/private/tmp/cmux-verify-20260908170330-19681-7317/source-1198ba65bf/Packages/iOS/CmuxMobileShell/Tests/CmuxMobileShellTests/DeviceRegistryRequestDedupTests.swift:95:13: warning: 'nonisolated(unsafe)' is unnecessary for a constant with 'Sendable' type 'DispatchSemaphore', consider removing it
 93 |     private nonisolated(unsafe) static var teams: [String?] = []
 94 |     private nonisolated(unsafe) static var blocksFirstRequest = true
 95 |     private nonisolated(unsafe) static let firstRequestRelease = DispatchSemaphore(value: 0)
    |             `- warning: 'nonisolated(unsafe)' is unnecessary for a constant with 'Sendable' type 'DispatchSemaphore', consider removing it
 96 | 
 97 |     static var requestCount: Int {
[909/990] Compiling CmuxMobileShellTests LivenessHostRouterAttachTicketResponse.swift
/private/tmp/cmux-verify-20260908170330-19681-7317/source-1198ba65bf/Packages/iOS/CmuxMobileShell/Tests/CmuxMobileShellTests/DeviceRegistryRequestDedupTests.swift:95:13: warning: 'nonisolated(unsafe)' is unnecessary for a constant with 'Sendable' type 'DispatchSemaphore', consider removing it
 93 |     private nonisolated(unsafe) static var teams: [String?] = []
 94 |     private nonisolated(unsafe) static var blocksFirstRequest = true
 95 |     private nonisolated(unsafe) static let firstRequestRelease = DispatchSemaphore(value: 0)
    |             `- warning: 'nonisolated(unsafe)' is unnecessary for a constant with 'Sendable' type 'DispatchSemaphore', consider removing it
 96 | 
 97 |     static var requestCount: Int {
[910/990] Compiling CmuxMobileShellTests LivenessTransportCloseGate.swift
/private/tmp/cmux-verify-20260908170330-19681-7317/source-1198ba65bf/Packages/iOS/CmuxMobileShell/Tests/CmuxMobileShellTests/DeviceRegistryRequestDedupTests.swift:95:13: warning: 'nonisolated(unsafe)' is unnecessary for a constant with 'Sendable' type 'DispatchSemaphore', consider removing it
 93 |     private nonisolated(unsafe) static var teams: [String?] = []
 94 |     private nonisolated(unsafe) static var blocksFirstRequest = true
 95 |     private nonisolated(unsafe) static let firstRequestRelease = DispatchSemaphore(value: 0)
    |             `- warning: 'nonisolated(unsafe)' is unnecessary for a constant with 'Sendable' type 'DispatchSemaphore', consider removing it
 96 | 
 97 |     static var requestCount: Int {
[911/990] Compiling CmuxMobileShellTests LivenessViewportReport.swift
/private/tmp/cmux-verify-20260908170330-19681-7317/source-1198ba65bf/Packages/iOS/CmuxMobileShell/Tests/CmuxMobileShellTests/DeviceRegistryRequestDedupTests.swift:95:13: warning: 'nonisolated(unsafe)' is unnecessary for a constant with 'Sendable' type 'DispatchSemaphore', consider removing it
 93 |     private nonisolated(unsafe) static var teams: [String?] = []
 94 |     private nonisolated(unsafe) static var blocksFirstRequest = true
 95 |     private nonisolated(unsafe) static let firstRequestRelease = DispatchSemaphore(value: 0)
    |             `- warning: 'nonisolated(unsafe)' is unnecessary for a constant with 'Sendable' type 'DispatchSemaphore', consider removing it
 96 | 
 97 |     static var requestCount: Int {
[912/990] Compiling CmuxMobileShellTests MacBuildChannelTests.swift
/private/tmp/cmux-verify-20260908170330-19681-7317/source-1198ba65bf/Packages/iOS/CmuxMobileShell/Tests/CmuxMobileShellTests/DeviceRegistryRequestDedupTests.swift:95:13: warning: 'nonisolated(unsafe)' is unnecessary for a constant with 'Sendable' type 'DispatchSemaphore', consider removing it
 93 |     private nonisolated(unsafe) static var teams: [String?] = []
 94 |     private nonisolated(unsafe) static var blocksFirstRequest = true
 95 |     private nonisolated(unsafe) static let firstRequestRelease = DispatchSemaphore(value: 0)
    |             `- warning: 'nonisolated(unsafe)' is unnecessary for a constant with 'Sendable' type 'DispatchSemaphore', consider removing it
 96 | 
 97 |     static var requestCount: Int {
[913/990] Compiling CmuxMobileShellTests MacPairingKeyTestShorthand.swift
/private/tmp/cmux-verify-20260908170330-19681-7317/source-1198ba65bf/Packages/iOS/CmuxMobileShell/Tests/CmuxMobileShellTests/DeviceRegistryRequestDedupTests.swift:95:13: warning: 'nonisolated(unsafe)' is unnecessary for a constant with 'Sendable' type 'DispatchSemaphore', consider removing it
 93 |     private nonisolated(unsafe) static var teams: [String?] = []
 94 |     private nonisolated(unsafe) static var blocksFirstRequest = true
 95 |     private nonisolated(unsafe) static let firstRequestRelease = DispatchSemaphore(value: 0)
    |             `- warning: 'nonisolated(unsafe)' is unnecessary for a constant with 'Sendable' type 'DispatchSemaphore', consider removing it
 96 | 
 97 |     static var requestCount: Int {
[914/990] Compiling CmuxMobileShellTests MigrationUserProbe.swift
/private/tmp/cmux-verify-20260908170330-19681-7317/source-1198ba65bf/Packages/iOS/CmuxMobileShell/Tests/CmuxMobileShellTests/DeviceRegistryRequestDedupTests.swift:95:13: warning: 'nonisolated(unsafe)' is unnecessary for a constant with 'Sendable' type 'DispatchSemaphore', consider removing it
 93 |     private nonisolated(unsafe) static var teams: [String?] = []
 94 |     private nonisolated(unsafe) static var blocksFirstRequest = true
 95 |     private nonisolated(unsafe) static let firstRequestRelease = DispatchSemaphore(value: 0)
    |             `- warning: 'nonisolated(unsafe)' is unnecessary for a constant with 'Sendable' type 'DispatchSemaphore', consider removing it
 96 | 
 97 |     static var requestCount: Int {
[915/990] Compiling CmuxMobileShellTests MobileArtifactChunkFetchLoopTests.swift
/private/tmp/cmux-verify-20260908170330-19681-7317/source-1198ba65bf/Packages/iOS/CmuxMobileShell/Tests/CmuxMobileShellTests/DeviceRegistryRequestDedupTests.swift:95:13: warning: 'nonisolated(unsafe)' is unnecessary for a constant with 'Sendable' type 'DispatchSemaphore', consider removing it
 93 |     private nonisolated(unsafe) static var teams: [String?] = []
 94 |     private nonisolated(unsafe) static var blocksFirstRequest = true
 95 |     private nonisolated(unsafe) static let firstRequestRelease = DispatchSemaphore(value: 0)
    |             `- warning: 'nonisolated(unsafe)' is unnecessary for a constant with 'Sendable' type 'DispatchSemaphore', consider removing it
 96 | 
 97 |     static var requestCount: Int {
[916/990] Compiling CmuxMobileShellTests MobileArtifactChunkScript.swift
/private/tmp/cmux-verify-20260908170330-19681-7317/source-1198ba65bf/Packages/iOS/CmuxMobileShell/Tests/CmuxMobileShellTests/DeviceRegistryRequestDedupTests.swift:95:13: warning: 'nonisolated(unsafe)' is unnecessary for a constant with 'Sendable' type 'DispatchSemaphore', consider removing it
 93 |     private nonisolated(unsafe) static var teams: [String?] = []
 94 |     private nonisolated(unsafe) static var blocksFirstRequest = true
 95 |     private nonisolated(unsafe) static let firstRequestRelease = DispatchSemaphore(value: 0)
    |             `- warning: 'nonisolated(unsafe)' is unnecessary for a constant with 'Sendable' type 'DispatchSemaphore', consider removing it
 96 | 
 97 |     static var requestCount: Int {
[917/990] Compiling CmuxMobileShellTests MobileArtifactLaneFetchLoopTests.swift
/private/tmp/cmux-verify-20260908170330-19681-7317/source-1198ba65bf/Packages/iOS/CmuxMobileShell/Tests/CmuxMobileShellTests/MobileMacBuildCompatibilityPolicyTests.swift:102:38: warning: '#require(_:_:)' is redundant because 'MobileIOSBuildScope("feature")' never equals 'nil' (from macro 'require')
100 |         let allowlist = MobileMacTagAllowlist(tags: ["granted"])
101 |         let policy = MobileMacBuildCompatibilityPolicy.current(
102 |             buildScope: try #require(MobileIOSBuildScope("feature")),
    |                                      `- warning: '#require(_:_:)' is redundant because 'MobileIOSBuildScope("feature")' never equals 'nil' (from macro 'require')
103 |             additionalInstanceTags: allowlist
104 |         )

/private/tmp/cmux-verify-20260908170330-19681-7317/source-1198ba65bf/Packages/iOS/CmuxMobileShell/Tests/CmuxMobileShellTests/MobileMacConnectionPoolTests.swift:4205:13: warning: initialization of immutable value 'targetMacID' was never used; consider replacing with assignment to '_' or removing it [#no-usage]
4203 |         )
4204 |         let target = heldStreamID == first.streamID ? second : first
4205 |         let targetMacID = target.macDeviceID
     |             `- warning: initialization of immutable value 'targetMacID' was never used; consider replacing with assignment to '_' or removing it [#no-usage]
4206 |         let completion = PromotionFenceCompletion()
4207 |         let fence = Task { @MainActor in

/private/tmp/cmux-verify-20260908170330-19681-7317/source-1198ba65bf/Packages/iOS/CmuxMobileShell/Tests/CmuxMobileShellTests/MobilePairingAttemptDeadlineTests.swift:23:21: warning: result of call to 'connectPairingInput(allowPreview:pairedMacDeviceID:instanceTag:)' is unused [#no-usage]
 21 |         let store = makeStore(pairingCode: try Self.pairingURL())
 22 | 
 23 |         await store.connectPairingInput()
    |                     `- warning: result of call to 'connectPairingInput(allowPreview:pairedMacDeviceID:instanceTag:)' is unused [#no-usage]
 24 | 
 25 |         #expect(store.connectionState == .disconnected)
[918/990] Compiling CmuxMobileShellTests MobileAutomaticReconnectBackoffOwnerTests.swift
/private/tmp/cmux-verify-20260908170330-19681-7317/source-1198ba65bf/Packages/iOS/CmuxMobileShell/Tests/CmuxMobileShellTests/MobileMacBuildCompatibilityPolicyTests.swift:102:38: warning: '#require(_:_:)' is redundant because 'MobileIOSBuildScope("feature")' never equals 'nil' (from macro 'require')
100 |         let allowlist = MobileMacTagAllowlist(tags: ["granted"])
101 |         let policy = MobileMacBuildCompatibilityPolicy.current(
102 |             buildScope: try #require(MobileIOSBuildScope("feature")),
    |                                      `- warning: '#require(_:_:)' is redundant because 'MobileIOSBuildScope("feature")' never equals 'nil' (from macro 'require')
103 |             additionalInstanceTags: allowlist
104 |         )

/private/tmp/cmux-verify-20260908170330-19681-7317/source-1198ba65bf/Packages/iOS/CmuxMobileShell/Tests/CmuxMobileShellTests/MobileMacConnectionPoolTests.swift:4205:13: warning: initialization of immutable value 'targetMacID' was never used; consider replacing with assignment to '_' or removing it [#no-usage]
4203 |         )
4204 |         let target = heldStreamID == first.streamID ? second : first
4205 |         let targetMacID = target.macDeviceID
     |             `- warning: initialization of immutable value 'targetMacID' was never used; consider replacing with assignment to '_' or removing it [#no-usage]
4206 |         let completion = PromotionFenceCompletion()
4207 |         let fence = Task { @MainActor in

/private/tmp/cmux-verify-20260908170330-19681-7317/source-1198ba65bf/Packages/iOS/CmuxMobileShell/Tests/CmuxMobileShellTests/MobilePairingAttemptDeadlineTests.swift:23:21: warning: result of call to 'connectPairingInput(allowPreview:pairedMacDeviceID:instanceTag:)' is unused [#no-usage]
 21 |         let store = makeStore(pairingCode: try Self.pairingURL())
 22 | 
 23 |         await store.connectPairingInput()
    |                     `- warning: result of call to 'connectPairingInput(allowPreview:pairedMacDeviceID:instanceTag:)' is unused [#no-usage]
 24 | 
 25 |         #expect(store.connectionState == .disconnected)
[919/990] Compiling CmuxMobileShellTests MobileChatArtifactFailureClassifierTests.swift
/private/tmp/cmux-verify-20260908170330-19681-7317/source-1198ba65bf/Packages/iOS/CmuxMobileShell/Tests/CmuxMobileShellTests/MobileMacBuildCompatibilityPolicyTests.swift:102:38: warning: '#require(_:_:)' is redundant because 'MobileIOSBuildScope("feature")' never equals 'nil' (from macro 'require')
100 |         let allowlist = MobileMacTagAllowlist(tags: ["granted"])
101 |         let policy = MobileMacBuildCompatibilityPolicy.current(
102 |             buildScope: try #require(MobileIOSBuildScope("feature")),
    |                                      `- warning: '#require(_:_:)' is redundant because 'MobileIOSBuildScope("feature")' never equals 'nil' (from macro 'require')
103 |             additionalInstanceTags: allowlist
104 |         )

/private/tmp/cmux-verify-20260908170330-19681-7317/source-1198ba65bf/Packages/iOS/CmuxMobileShell/Tests/CmuxMobileShellTests/MobileMacConnectionPoolTests.swift:4205:13: warning: initialization of immutable value 'targetMacID' was never used; consider replacing with assignment to '_' or removing it [#no-usage]
4203 |         )
4204 |         let target = heldStreamID == first.streamID ? second : first
4205 |         let targetMacID = target.macDeviceID
     |             `- warning: initialization of immutable value 'targetMacID' was never used; consider replacing with assignment to '_' or removing it [#no-usage]
4206 |         let completion = PromotionFenceCompletion()
4207 |         let fence = Task { @MainActor in

/private/tmp/cmux-verify-20260908170330-19681-7317/source-1198ba65bf/Packages/iOS/CmuxMobileShell/Tests/CmuxMobileShellTests/MobilePairingAttemptDeadlineTests.swift:23:21: warning: result of call to 'connectPairingInput(allowPreview:pairedMacDeviceID:instanceTag:)' is unused [#no-usage]
 21 |         let store = makeStore(pairingCode: try Self.pairingURL())
 22 | 
 23 |         await store.connectPairingInput()
    |                     `- warning: result of call to 'connectPairingInput(allowPreview:pairedMacDeviceID:instanceTag:)' is unused [#no-usage]
 24 | 
 25 |         #expect(store.connectionState == .disconnected)
[920/990] Compiling CmuxMobileShellTests MobileFeedbackEmailClientTests.swift
/private/tmp/cmux-verify-20260908170330-19681-7317/source-1198ba65bf/Packages/iOS/CmuxMobileShell/Tests/CmuxMobileShellTests/MobileMacBuildCompatibilityPolicyTests.swift:102:38: warning: '#require(_:_:)' is redundant because 'MobileIOSBuildScope("feature")' never equals 'nil' (from macro 'require')
100 |         let allowlist = MobileMacTagAllowlist(tags: ["granted"])
101 |         let policy = MobileMacBuildCompatibilityPolicy.current(
102 |             buildScope: try #require(MobileIOSBuildScope("feature")),
    |                                      `- warning: '#require(_:_:)' is redundant because 'MobileIOSBuildScope("feature")' never equals 'nil' (from macro 'require')
103 |             additionalInstanceTags: allowlist
104 |         )

/private/tmp/cmux-verify-20260908170330-19681-7317/source-1198ba65bf/Packages/iOS/CmuxMobileShell/Tests/CmuxMobileShellTests/MobileMacConnectionPoolTests.swift:4205:13: warning: initialization of immutable value 'targetMacID' was never used; consider replacing with assignment to '_' or removing it [#no-usage]
4203 |         )
4204 |         let target = heldStreamID == first.streamID ? second : first
4205 |         let targetMacID = target.macDeviceID
     |             `- warning: initialization of immutable value 'targetMacID' was never used; consider replacing with assignment to '_' or removing it [#no-usage]
4206 |         let completion = PromotionFenceCompletion()
4207 |         let fence = Task { @MainActor in

/private/tmp/cmux-verify-20260908170330-19681-7317/source-1198ba65bf/Packages/iOS/CmuxMobileShell/Tests/CmuxMobileShellTests/MobilePairingAttemptDeadlineTests.swift:23:21: warning: result of call to 'connectPairingInput(allowPreview:pairedMacDeviceID:instanceTag:)' is unused [#no-usage]
 21 |         let store = makeStore(pairingCode: try Self.pairingURL())
 22 | 
 23 |         await store.connectPairingInput()
    |                     `- warning: result of call to 'connectPairingInput(allowPreview:pairedMacDeviceID:instanceTag:)' is unused [#no-usage]
 24 | 
 25 |         #expect(store.connectionState == .disconnected)
[921/990] Compiling CmuxMobileShellTests MobileForegroundTransportDiagnosticsTests.swift
/private/tmp/cmux-verify-20260908170330-19681-7317/source-1198ba65bf/Packages/iOS/CmuxMobileShell/Tests/CmuxMobileShellTests/MobileMacBuildCompatibilityPolicyTests.swift:102:38: warning: '#require(_:_:)' is redundant because 'MobileIOSBuildScope("feature")' never equals 'nil' (from macro 'require')
100 |         let allowlist = MobileMacTagAllowlist(tags: ["granted"])
101 |         let policy = MobileMacBuildCompatibilityPolicy.current(
102 |             buildScope: try #require(MobileIOSBuildScope("feature")),
    |                                      `- warning: '#require(_:_:)' is redundant because 'MobileIOSBuildScope("feature")' never equals 'nil' (from macro 'require')
103 |             additionalInstanceTags: allowlist
104 |         )

/private/tmp/cmux-verify-20260908170330-19681-7317/source-1198ba65bf/Packages/iOS/CmuxMobileShell/Tests/CmuxMobileShellTests/MobileMacConnectionPoolTests.swift:4205:13: warning: initialization of immutable value 'targetMacID' was never used; consider replacing with assignment to '_' or removing it [#no-usage]
4203 |         )
4204 |         let target = heldStreamID == first.streamID ? second : first
4205 |         let targetMacID = target.macDeviceID
     |             `- warning: initialization of immutable value 'targetMacID' was never used; consider replacing with assignment to '_' or removing it [#no-usage]
4206 |         let completion = PromotionFenceCompletion()
4207 |         let fence = Task { @MainActor in

/private/tmp/cmux-verify-20260908170330-19681-7317/source-1198ba65bf/Packages/iOS/CmuxMobileShell/Tests/CmuxMobileShellTests/MobilePairingAttemptDeadlineTests.swift:23:21: warning: result of call to 'connectPairingInput(allowPreview:pairedMacDeviceID:instanceTag:)' is unused [#no-usage]
 21 |         let store = makeStore(pairingCode: try Self.pairingURL())
 22 | 
 23 |         await store.connectPairingInput()
    |                     `- warning: result of call to 'connectPairingInput(allowPreview:pairedMacDeviceID:instanceTag:)' is unused [#no-usage]
 24 | 
 25 |         #expect(store.connectionState == .disconnected)
[922/990] Compiling CmuxMobileShellTests MobileIrohReleaseGateArtifactPreparationTests.swift
/private/tmp/cmux-verify-20260908170330-19681-7317/source-1198ba65bf/Packages/iOS/CmuxMobileShell/Tests/CmuxMobileShellTests/MobileMacBuildCompatibilityPolicyTests.swift:102:38: warning: '#require(_:_:)' is redundant because 'MobileIOSBuildScope("feature")' never equals 'nil' (from macro 'require')
100 |         let allowlist = MobileMacTagAllowlist(tags: ["granted"])
101 |         let policy = MobileMacBuildCompatibilityPolicy.current(
102 |             buildScope: try #require(MobileIOSBuildScope("feature")),
    |                                      `- warning: '#require(_:_:)' is redundant because 'MobileIOSBuildScope("feature")' never equals 'nil' (from macro 'require')
103 |             additionalInstanceTags: allowlist
104 |         )

/private/tmp/cmux-verify-20260908170330-19681-7317/source-1198ba65bf/Packages/iOS/CmuxMobileShell/Tests/CmuxMobileShellTests/MobileMacConnectionPoolTests.swift:4205:13: warning: initialization of immutable value 'targetMacID' was never used; consider replacing with assignment to '_' or removing it [#no-usage]
4203 |         )
4204 |         let target = heldStreamID == first.streamID ? second : first
4205 |         let targetMacID = target.macDeviceID
     |             `- warning: initialization of immutable value 'targetMacID' was never used; consider replacing with assignment to '_' or removing it [#no-usage]
4206 |         let completion = PromotionFenceCompletion()
4207 |         let fence = Task { @MainActor in

/private/tmp/cmux-verify-20260908170330-19681-7317/source-1198ba65bf/Packages/iOS/CmuxMobileShell/Tests/CmuxMobileShellTests/MobilePairingAttemptDeadlineTests.swift:23:21: warning: result of call to 'connectPairingInput(allowPreview:pairedMacDeviceID:instanceTag:)' is unused [#no-usage]
 21 |         let store = makeStore(pairingCode: try Self.pairingURL())
 22 | 
 23 |         await store.connectPairingInput()
    |                     `- warning: result of call to 'connectPairingInput(allowPreview:pairedMacDeviceID:instanceTag:)' is unused [#no-usage]
 24 | 
 25 |         #expect(store.connectionState == .disconnected)
[923/990] Compiling CmuxMobileShellTests MobileIrohReleaseGateResponseValidatorTests.swift
/private/tmp/cmux-verify-20260908170330-19681-7317/source-1198ba65bf/Packages/iOS/CmuxMobileShell/Tests/CmuxMobileShellTests/MobileMacBuildCompatibilityPolicyTests.swift:102:38: warning: '#require(_:_:)' is redundant because 'MobileIOSBuildScope("feature")' never equals 'nil' (from macro 'require')
100 |         let allowlist = MobileMacTagAllowlist(tags: ["granted"])
101 |         let policy = MobileMacBuildCompatibilityPolicy.current(
102 |             buildScope: try #require(MobileIOSBuildScope("feature")),
    |                                      `- warning: '#require(_:_:)' is redundant because 'MobileIOSBuildScope("feature")' never equals 'nil' (from macro 'require')
103 |             additionalInstanceTags: allowlist
104 |         )

/private/tmp/cmux-verify-20260908170330-19681-7317/source-1198ba65bf/Packages/iOS/CmuxMobileShell/Tests/CmuxMobileShellTests/MobileMacConnectionPoolTests.swift:4205:13: warning: initialization of immutable value 'targetMacID' was never used; consider replacing with assignment to '_' or removing it [#no-usage]
4203 |         )
4204 |         let target = heldStreamID == first.streamID ? second : first
4205 |         let targetMacID = target.macDeviceID
     |             `- warning: initialization of immutable value 'targetMacID' was never used; consider replacing with assignment to '_' or removing it [#no-usage]
4206 |         let completion = PromotionFenceCompletion()
4207 |         let fence = Task { @MainActor in

/private/tmp/cmux-verify-20260908170330-19681-7317/source-1198ba65bf/Packages/iOS/CmuxMobileShell/Tests/CmuxMobileShellTests/MobilePairingAttemptDeadlineTests.swift:23:21: warning: result of call to 'connectPairingInput(allowPreview:pairedMacDeviceID:instanceTag:)' is unused [#no-usage]
 21 |         let store = makeStore(pairingCode: try Self.pairingURL())
 22 | 
 23 |         await store.connectPairingInput()
    |                     `- warning: result of call to 'connectPairingInput(allowPreview:pairedMacDeviceID:instanceTag:)' is unused [#no-usage]
 24 | 
 25 |         #expect(store.connectionState == .disconnected)
[924/990] Compiling CmuxMobileShellTests MobileIrohReleaseGateTargetTests.swift
/private/tmp/cmux-verify-20260908170330-19681-7317/source-1198ba65bf/Packages/iOS/CmuxMobileShell/Tests/CmuxMobileShellTests/MobileMacBuildCompatibilityPolicyTests.swift:102:38: warning: '#require(_:_:)' is redundant because 'MobileIOSBuildScope("feature")' never equals 'nil' (from macro 'require')
100 |         let allowlist = MobileMacTagAllowlist(tags: ["granted"])
101 |         let policy = MobileMacBuildCompatibilityPolicy.current(
102 |             buildScope: try #require(MobileIOSBuildScope("feature")),
    |                                      `- warning: '#require(_:_:)' is redundant because 'MobileIOSBuildScope("feature")' never equals 'nil' (from macro 'require')
103 |             additionalInstanceTags: allowlist
104 |         )

/private/tmp/cmux-verify-20260908170330-19681-7317/source-1198ba65bf/Packages/iOS/CmuxMobileShell/Tests/CmuxMobileShellTests/MobileMacConnectionPoolTests.swift:4205:13: warning: initialization of immutable value 'targetMacID' was never used; consider replacing with assignment to '_' or removing it [#no-usage]
4203 |         )
4204 |         let target = heldStreamID == first.streamID ? second : first
4205 |         let targetMacID = target.macDeviceID
     |             `- warning: initialization of immutable value 'targetMacID' was never used; consider replacing with assignment to '_' or removing it [#no-usage]
4206 |         let completion = PromotionFenceCompletion()
4207 |         let fence = Task { @MainActor in

/private/tmp/cmux-verify-20260908170330-19681-7317/source-1198ba65bf/Packages/iOS/CmuxMobileShell/Tests/CmuxMobileShellTests/MobilePairingAttemptDeadlineTests.swift:23:21: warning: result of call to 'connectPairingInput(allowPreview:pairedMacDeviceID:instanceTag:)' is unused [#no-usage]
 21 |         let store = makeStore(pairingCode: try Self.pairingURL())
 22 | 
 23 |         await store.connectPairingInput()
    |                     `- warning: result of call to 'connectPairingInput(allowPreview:pairedMacDeviceID:instanceTag:)' is unused [#no-usage]
 24 | 
 25 |         #expect(store.connectionState == .disconnected)
[925/990] Compiling CmuxMobileShellTests MobileIrohReleaseGateTerminalProbeTests.swift
/private/tmp/cmux-verify-20260908170330-19681-7317/source-1198ba65bf/Packages/iOS/CmuxMobileShell/Tests/CmuxMobileShellTests/MobileMacBuildCompatibilityPolicyTests.swift:102:38: warning: '#require(_:_:)' is redundant because 'MobileIOSBuildScope("feature")' never equals 'nil' (from macro 'require')
100 |         let allowlist = MobileMacTagAllowlist(tags: ["granted"])
101 |         let policy = MobileMacBuildCompatibilityPolicy.current(
102 |             buildScope: try #require(MobileIOSBuildScope("feature")),
    |                                      `- warning: '#require(_:_:)' is redundant because 'MobileIOSBuildScope("feature")' never equals 'nil' (from macro 'require')
103 |             additionalInstanceTags: allowlist
104 |         )

/private/tmp/cmux-verify-20260908170330-19681-7317/source-1198ba65bf/Packages/iOS/CmuxMobileShell/Tests/CmuxMobileShellTests/MobileMacConnectionPoolTests.swift:4205:13: warning: initialization of immutable value 'targetMacID' was never used; consider replacing with assignment to '_' or removing it [#no-usage]
4203 |         )
4204 |         let target = heldStreamID == first.streamID ? second : first
4205 |         let targetMacID = target.macDeviceID
     |             `- warning: initialization of immutable value 'targetMacID' was never used; consider replacing with assignment to '_' or removing it [#no-usage]
4206 |         let completion = PromotionFenceCompletion()
4207 |         let fence = Task { @MainActor in

/private/tmp/cmux-verify-20260908170330-19681-7317/source-1198ba65bf/Packages/iOS/CmuxMobileShell/Tests/CmuxMobileShellTests/MobilePairingAttemptDeadlineTests.swift:23:21: warning: result of call to 'connectPairingInput(allowPreview:pairedMacDeviceID:instanceTag:)' is unused [#no-usage]
 21 |         let store = makeStore(pairingCode: try Self.pairingURL())
 22 | 
 23 |         await store.connectPairingInput()
    |                     `- warning: result of call to 'connectPairingInput(allowPreview:pairedMacDeviceID:instanceTag:)' is unused [#no-usage]
 24 | 
 25 |         #expect(store.connectionState == .disconnected)
[926/990] Compiling CmuxMobileShellTests MobileMacAppVersionTests.swift
/private/tmp/cmux-verify-20260908170330-19681-7317/source-1198ba65bf/Packages/iOS/CmuxMobileShell/Tests/CmuxMobileShellTests/MobileMacBuildCompatibilityPolicyTests.swift:102:38: warning: '#require(_:_:)' is redundant because 'MobileIOSBuildScope("feature")' never equals 'nil' (from macro 'require')
100 |         let allowlist = MobileMacTagAllowlist(tags: ["granted"])
101 |         let policy = MobileMacBuildCompatibilityPolicy.current(
102 |             buildScope: try #require(MobileIOSBuildScope("feature")),
    |                                      `- warning: '#require(_:_:)' is redundant because 'MobileIOSBuildScope("feature")' never equals 'nil' (from macro 'require')
103 |             additionalInstanceTags: allowlist
104 |         )

/private/tmp/cmux-verify-20260908170330-19681-7317/source-1198ba65bf/Packages/iOS/CmuxMobileShell/Tests/CmuxMobileShellTests/MobileMacConnectionPoolTests.swift:4205:13: warning: initialization of immutable value 'targetMacID' was never used; consider replacing with assignment to '_' or removing it [#no-usage]
4203 |         )
4204 |         let target = heldStreamID == first.streamID ? second : first
4205 |         let targetMacID = target.macDeviceID
     |             `- warning: initialization of immutable value 'targetMacID' was never used; consider replacing with assignment to '_' or removing it [#no-usage]
4206 |         let completion = PromotionFenceCompletion()
4207 |         let fence = Task { @MainActor in

/private/tmp/cmux-verify-20260908170330-19681-7317/source-1198ba65bf/Packages/iOS/CmuxMobileShell/Tests/CmuxMobileShellTests/MobilePairingAttemptDeadlineTests.swift:23:21: warning: result of call to 'connectPairingInput(allowPreview:pairedMacDeviceID:instanceTag:)' is unused [#no-usage]
 21 |         let store = makeStore(pairingCode: try Self.pairingURL())
 22 | 
 23 |         await store.connectPairingInput()
    |                     `- warning: result of call to 'connectPairingInput(allowPreview:pairedMacDeviceID:instanceTag:)' is unused [#no-usage]
 24 | 
 25 |         #expect(store.connectionState == .disconnected)
[927/990] Compiling CmuxMobileShellTests MobileMacBuildCompatibilityPolicyTests.swift
/private/tmp/cmux-verify-20260908170330-19681-7317/source-1198ba65bf/Packages/iOS/CmuxMobileShell/Tests/CmuxMobileShellTests/MobileMacBuildCompatibilityPolicyTests.swift:102:38: warning: '#require(_:_:)' is redundant because 'MobileIOSBuildScope("feature")' never equals 'nil' (from macro 'require')
100 |         let allowlist = MobileMacTagAllowlist(tags: ["granted"])
101 |         let policy = MobileMacBuildCompatibilityPolicy.current(
102 |             buildScope: try #require(MobileIOSBuildScope("feature")),
    |                                      `- warning: '#require(_:_:)' is redundant because 'MobileIOSBuildScope("feature")' never equals 'nil' (from macro 'require')
103 |             additionalInstanceTags: allowlist
104 |         )

/private/tmp/cmux-verify-20260908170330-19681-7317/source-1198ba65bf/Packages/iOS/CmuxMobileShell/Tests/CmuxMobileShellTests/MobileMacConnectionPoolTests.swift:4205:13: warning: initialization of immutable value 'targetMacID' was never used; consider replacing with assignment to '_' or removing it [#no-usage]
4203 |         )
4204 |         let target = heldStreamID == first.streamID ? second : first
4205 |         let targetMacID = target.macDeviceID
     |             `- warning: initialization of immutable value 'targetMacID' was never used; consider replacing with assignment to '_' or removing it [#no-usage]
4206 |         let completion = PromotionFenceCompletion()
4207 |         let fence = Task { @MainActor in

/private/tmp/cmux-verify-20260908170330-19681-7317/source-1198ba65bf/Packages/iOS/CmuxMobileShell/Tests/CmuxMobileShellTests/MobilePairingAttemptDeadlineTests.swift:23:21: warning: result of call to 'connectPairingInput(allowPreview:pairedMacDeviceID:instanceTag:)' is unused [#no-usage]
 21 |         let store = makeStore(pairingCode: try Self.pairingURL())
 22 | 
 23 |         await store.connectPairingInput()
    |                     `- warning: result of call to 'connectPairingInput(allowPreview:pairedMacDeviceID:instanceTag:)' is unused [#no-usage]
 24 | 
 25 |         #expect(store.connectionState == .disconnected)
[928/990] Compiling CmuxMobileShellTests MobileMacCompatPolicyTests.swift
/private/tmp/cmux-verify-20260908170330-19681-7317/source-1198ba65bf/Packages/iOS/CmuxMobileShell/Tests/CmuxMobileShellTests/MobileMacBuildCompatibilityPolicyTests.swift:102:38: warning: '#require(_:_:)' is redundant because 'MobileIOSBuildScope("feature")' never equals 'nil' (from macro 'require')
100 |         let allowlist = MobileMacTagAllowlist(tags: ["granted"])
101 |         let policy = MobileMacBuildCompatibilityPolicy.current(
102 |             buildScope: try #require(MobileIOSBuildScope("feature")),
    |                                      `- warning: '#require(_:_:)' is redundant because 'MobileIOSBuildScope("feature")' never equals 'nil' (from macro 'require')
103 |             additionalInstanceTags: allowlist
104 |         )

/private/tmp/cmux-verify-20260908170330-19681-7317/source-1198ba65bf/Packages/iOS/CmuxMobileShell/Tests/CmuxMobileShellTests/MobileMacConnectionPoolTests.swift:4205:13: warning: initialization of immutable value 'targetMacID' was never used; consider replacing with assignment to '_' or removing it [#no-usage]
4203 |         )
4204 |         let target = heldStreamID == first.streamID ? second : first
4205 |         let targetMacID = target.macDeviceID
     |             `- warning: initialization of immutable value 'targetMacID' was never used; consider replacing with assignment to '_' or removing it [#no-usage]
4206 |         let completion = PromotionFenceCompletion()
4207 |         let fence = Task { @MainActor in

/private/tmp/cmux-verify-20260908170330-19681-7317/source-1198ba65bf/Packages/iOS/CmuxMobileShell/Tests/CmuxMobileShellTests/MobilePairingAttemptDeadlineTests.swift:23:21: warning: result of call to 'connectPairingInput(allowPreview:pairedMacDeviceID:instanceTag:)' is unused [#no-usage]
 21 |         let store = makeStore(pairingCode: try Self.pairingURL())
 22 | 
 23 |         await store.connectPairingInput()
    |                     `- warning: result of call to 'connectPairingInput(allowPreview:pairedMacDeviceID:instanceTag:)' is unused [#no-usage]
 24 | 
 25 |         #expect(store.connectionState == .disconnected)
[929/990] Compiling CmuxMobileShellTests MobileMacConnectionPoolTests.swift
/private/tmp/cmux-verify-20260908170330-19681-7317/source-1198ba65bf/Packages/iOS/CmuxMobileShell/Tests/CmuxMobileShellTests/MobileMacBuildCompatibilityPolicyTests.swift:102:38: warning: '#require(_:_:)' is redundant because 'MobileIOSBuildScope("feature")' never equals 'nil' (from macro 'require')
100 |         let allowlist = MobileMacTagAllowlist(tags: ["granted"])
101 |         let policy = MobileMacBuildCompatibilityPolicy.current(
102 |             buildScope: try #require(MobileIOSBuildScope("feature")),
    |                                      `- warning: '#require(_:_:)' is redundant because 'MobileIOSBuildScope("feature")' never equals 'nil' (from macro 'require')
103 |             additionalInstanceTags: allowlist
104 |         )

/private/tmp/cmux-verify-20260908170330-19681-7317/source-1198ba65bf/Packages/iOS/CmuxMobileShell/Tests/CmuxMobileShellTests/MobileMacConnectionPoolTests.swift:4205:13: warning: initialization of immutable value 'targetMacID' was never used; consider replacing with assignment to '_' or removing it [#no-usage]
4203 |         )
4204 |         let target = heldStreamID == first.streamID ? second : first
4205 |         let targetMacID = target.macDeviceID
     |             `- warning: initialization of immutable value 'targetMacID' was never used; consider replacing with assignment to '_' or removing it [#no-usage]
4206 |         let completion = PromotionFenceCompletion()
4207 |         let fence = Task { @MainActor in

/private/tmp/cmux-verify-20260908170330-19681-7317/source-1198ba65bf/Packages/iOS/CmuxMobileShell/Tests/CmuxMobileShellTests/MobilePairingAttemptDeadlineTests.swift:23:21: warning: result of call to 'connectPairingInput(allowPreview:pairedMacDeviceID:instanceTag:)' is unused [#no-usage]
 21 |         let store = makeStore(pairingCode: try Self.pairingURL())
 22 | 
 23 |         await store.connectPairingInput()
    |                     `- warning: result of call to 'connectPairingInput(allowPreview:pairedMacDeviceID:instanceTag:)' is unused [#no-usage]
 24 | 
 25 |         #expect(store.connectionState == .disconnected)
[930/990] Compiling CmuxMobileShellTests MobileMacInstanceConnectionAuthorityTests.swift
/private/tmp/cmux-verify-20260908170330-19681-7317/source-1198ba65bf/Packages/iOS/CmuxMobileShell/Tests/CmuxMobileShellTests/MobileMacBuildCompatibilityPolicyTests.swift:102:38: warning: '#require(_:_:)' is redundant because 'MobileIOSBuildScope("feature")' never equals 'nil' (from macro 'require')
100 |         let allowlist = MobileMacTagAllowlist(tags: ["granted"])
101 |         let policy = MobileMacBuildCompatibilityPolicy.current(
102 |             buildScope: try #require(MobileIOSBuildScope("feature")),
    |                                      `- warning: '#require(_:_:)' is redundant because 'MobileIOSBuildScope("feature")' never equals 'nil' (from macro 'require')
103 |             additionalInstanceTags: allowlist
104 |         )

/private/tmp/cmux-verify-20260908170330-19681-7317/source-1198ba65bf/Packages/iOS/CmuxMobileShell/Tests/CmuxMobileShellTests/MobileMacConnectionPoolTests.swift:4205:13: warning: initialization of immutable value 'targetMacID' was never used; consider replacing with assignment to '_' or removing it [#no-usage]
4203 |         )
4204 |         let target = heldStreamID == first.streamID ? second : first
4205 |         let targetMacID = target.macDeviceID
     |             `- warning: initialization of immutable value 'targetMacID' was never used; consider replacing with assignment to '_' or removing it [#no-usage]
4206 |         let completion = PromotionFenceCompletion()
4207 |         let fence = Task { @MainActor in

/private/tmp/cmux-verify-20260908170330-19681-7317/source-1198ba65bf/Packages/iOS/CmuxMobileShell/Tests/CmuxMobileShellTests/MobilePairingAttemptDeadlineTests.swift:23:21: warning: result of call to 'connectPairingInput(allowPreview:pairedMacDeviceID:instanceTag:)' is unused [#no-usage]
 21 |         let store = makeStore(pairingCode: try Self.pairingURL())
 22 | 
 23 |         await store.connectPairingInput()
    |                     `- warning: result of call to 'connectPairingInput(allowPreview:pairedMacDeviceID:instanceTag:)' is unused [#no-usage]
 24 | 
 25 |         #expect(store.connectionState == .disconnected)
[931/990] Compiling CmuxMobileShellTests MobileMacInstanceRouteRaceTests.swift
/private/tmp/cmux-verify-20260908170330-19681-7317/source-1198ba65bf/Packages/iOS/CmuxMobileShell/Tests/CmuxMobileShellTests/MobileMacBuildCompatibilityPolicyTests.swift:102:38: warning: '#require(_:_:)' is redundant because 'MobileIOSBuildScope("feature")' never equals 'nil' (from macro 'require')
100 |         let allowlist = MobileMacTagAllowlist(tags: ["granted"])
101 |         let policy = MobileMacBuildCompatibilityPolicy.current(
102 |             buildScope: try #require(MobileIOSBuildScope("feature")),
    |                                      `- warning: '#require(_:_:)' is redundant because 'MobileIOSBuildScope("feature")' never equals 'nil' (from macro 'require')
103 |             additionalInstanceTags: allowlist
104 |         )

/private/tmp/cmux-verify-20260908170330-19681-7317/source-1198ba65bf/Packages/iOS/CmuxMobileShell/Tests/CmuxMobileShellTests/MobileMacConnectionPoolTests.swift:4205:13: warning: initialization of immutable value 'targetMacID' was never used; consider replacing with assignment to '_' or removing it [#no-usage]
4203 |         )
4204 |         let target = heldStreamID == first.streamID ? second : first
4205 |         let targetMacID = target.macDeviceID
     |             `- warning: initialization of immutable value 'targetMacID' was never used; consider replacing with assignment to '_' or removing it [#no-usage]
4206 |         let completion = PromotionFenceCompletion()
4207 |         let fence = Task { @MainActor in

/private/tmp/cmux-verify-20260908170330-19681-7317/source-1198ba65bf/Packages/iOS/CmuxMobileShell/Tests/CmuxMobileShellTests/MobilePairingAttemptDeadlineTests.swift:23:21: warning: result of call to 'connectPairingInput(allowPreview:pairedMacDeviceID:instanceTag:)' is unused [#no-usage]
 21 |         let store = makeStore(pairingCode: try Self.pairingURL())
 22 | 
 23 |         await store.connectPairingInput()
    |                     `- warning: result of call to 'connectPairingInput(allowPreview:pairedMacDeviceID:instanceTag:)' is unused [#no-usage]
 24 | 
 25 |         #expect(store.connectionState == .disconnected)
[932/990] Compiling CmuxMobileShellTests MobileMacInstanceTagAuthorityTests.swift
/private/tmp/cmux-verify-20260908170330-19681-7317/source-1198ba65bf/Packages/iOS/CmuxMobileShell/Tests/CmuxMobileShellTests/MobileMacBuildCompatibilityPolicyTests.swift:102:38: warning: '#require(_:_:)' is redundant because 'MobileIOSBuildScope("feature")' never equals 'nil' (from macro 'require')
100 |         let allowlist = MobileMacTagAllowlist(tags: ["granted"])
101 |         let policy = MobileMacBuildCompatibilityPolicy.current(
102 |             buildScope: try #require(MobileIOSBuildScope("feature")),
    |                                      `- warning: '#require(_:_:)' is redundant because 'MobileIOSBuildScope("feature")' never equals 'nil' (from macro 'require')
103 |             additionalInstanceTags: allowlist
104 |         )

/private/tmp/cmux-verify-20260908170330-19681-7317/source-1198ba65bf/Packages/iOS/CmuxMobileShell/Tests/CmuxMobileShellTests/MobileMacConnectionPoolTests.swift:4205:13: warning: initialization of immutable value 'targetMacID' was never used; consider replacing with assignment to '_' or removing it [#no-usage]
4203 |         )
4204 |         let target = heldStreamID == first.streamID ? second : first
4205 |         let targetMacID = target.macDeviceID
     |             `- warning: initialization of immutable value 'targetMacID' was never used; consider replacing with assignment to '_' or removing it [#no-usage]
4206 |         let completion = PromotionFenceCompletion()
4207 |         let fence = Task { @MainActor in

/private/tmp/cmux-verify-20260908170330-19681-7317/source-1198ba65bf/Packages/iOS/CmuxMobileShell/Tests/CmuxMobileShellTests/MobilePairingAttemptDeadlineTests.swift:23:21: warning: result of call to 'connectPairingInput(allowPreview:pairedMacDeviceID:instanceTag:)' is unused [#no-usage]
 21 |         let store = makeStore(pairingCode: try Self.pairingURL())
 22 | 
 23 |         await store.connectPairingInput()
    |                     `- warning: result of call to 'connectPairingInput(allowPreview:pairedMacDeviceID:instanceTag:)' is unused [#no-usage]
 24 | 
 25 |         #expect(store.connectionState == .disconnected)
[933/990] Compiling CmuxMobileShellTests MobileMacUpdateHintDismissalStoreTests.swift
/private/tmp/cmux-verify-20260908170330-19681-7317/source-1198ba65bf/Packages/iOS/CmuxMobileShell/Tests/CmuxMobileShellTests/MobileMacBuildCompatibilityPolicyTests.swift:102:38: warning: '#require(_:_:)' is redundant because 'MobileIOSBuildScope("feature")' never equals 'nil' (from macro 'require')
100 |         let allowlist = MobileMacTagAllowlist(tags: ["granted"])
101 |         let policy = MobileMacBuildCompatibilityPolicy.current(
102 |             buildScope: try #require(MobileIOSBuildScope("feature")),
    |                                      `- warning: '#require(_:_:)' is redundant because 'MobileIOSBuildScope("feature")' never equals 'nil' (from macro 'require')
103 |             additionalInstanceTags: allowlist
104 |         )

/private/tmp/cmux-verify-20260908170330-19681-7317/source-1198ba65bf/Packages/iOS/CmuxMobileShell/Tests/CmuxMobileShellTests/MobileMacConnectionPoolTests.swift:4205:13: warning: initialization of immutable value 'targetMacID' was never used; consider replacing with assignment to '_' or removing it [#no-usage]
4203 |         )
4204 |         let target = heldStreamID == first.streamID ? second : first
4205 |         let targetMacID = target.macDeviceID
     |             `- warning: initialization of immutable value 'targetMacID' was never used; consider replacing with assignment to '_' or removing it [#no-usage]
4206 |         let completion = PromotionFenceCompletion()
4207 |         let fence = Task { @MainActor in

/private/tmp/cmux-verify-20260908170330-19681-7317/source-1198ba65bf/Packages/iOS/CmuxMobileShell/Tests/CmuxMobileShellTests/MobilePairingAttemptDeadlineTests.swift:23:21: warning: result of call to 'connectPairingInput(allowPreview:pairedMacDeviceID:instanceTag:)' is unused [#no-usage]
 21 |         let store = makeStore(pairingCode: try Self.pairingURL())
 22 | 
 23 |         await store.connectPairingInput()
    |                     `- warning: result of call to 'connectPairingInput(allowPreview:pairedMacDeviceID:instanceTag:)' is unused [#no-usage]
 24 | 
 25 |         #expect(store.connectionState == .disconnected)
[934/990] Compiling CmuxMobileShellTests MobileMacUpdateHintTests.swift
/private/tmp/cmux-verify-20260908170330-19681-7317/source-1198ba65bf/Packages/iOS/CmuxMobileShell/Tests/CmuxMobileShellTests/MobileMacBuildCompatibilityPolicyTests.swift:102:38: warning: '#require(_:_:)' is redundant because 'MobileIOSBuildScope("feature")' never equals 'nil' (from macro 'require')
100 |         let allowlist = MobileMacTagAllowlist(tags: ["granted"])
101 |         let policy = MobileMacBuildCompatibilityPolicy.current(
102 |             buildScope: try #require(MobileIOSBuildScope("feature")),
    |                                      `- warning: '#require(_:_:)' is redundant because 'MobileIOSBuildScope("feature")' never equals 'nil' (from macro 'require')
103 |             additionalInstanceTags: allowlist
104 |         )

/private/tmp/cmux-verify-20260908170330-19681-7317/source-1198ba65bf/Packages/iOS/CmuxMobileShell/Tests/CmuxMobileShellTests/MobileMacConnectionPoolTests.swift:4205:13: warning: initialization of immutable value 'targetMacID' was never used; consider replacing with assignment to '_' or removing it [#no-usage]
4203 |         )
4204 |         let target = heldStreamID == first.streamID ? second : first
4205 |         let targetMacID = target.macDeviceID
     |             `- warning: initialization of immutable value 'targetMacID' was never used; consider replacing with assignment to '_' or removing it [#no-usage]
4206 |         let completion = PromotionFenceCompletion()
4207 |         let fence = Task { @MainActor in

/private/tmp/cmux-verify-20260908170330-19681-7317/source-1198ba65bf/Packages/iOS/CmuxMobileShell/Tests/CmuxMobileShellTests/MobilePairingAttemptDeadlineTests.swift:23:21: warning: result of call to 'connectPairingInput(allowPreview:pairedMacDeviceID:instanceTag:)' is unused [#no-usage]
 21 |         let store = makeStore(pairingCode: try Self.pairingURL())
 22 | 
 23 |         await store.connectPairingInput()
    |                     `- warning: result of call to 'connectPairingInput(allowPreview:pairedMacDeviceID:instanceTag:)' is unused [#no-usage]
 24 | 
 25 |         #expect(store.connectionState == .disconnected)
[935/990] Compiling CmuxMobileShellTests MobilePairedMacPersistenceFailureTests.swift
/private/tmp/cmux-verify-20260908170330-19681-7317/source-1198ba65bf/Packages/iOS/CmuxMobileShell/Tests/CmuxMobileShellTests/MobileMacBuildCompatibilityPolicyTests.swift:102:38: warning: '#require(_:_:)' is redundant because 'MobileIOSBuildScope("feature")' never equals 'nil' (from macro 'require')
100 |         let allowlist = MobileMacTagAllowlist(tags: ["granted"])
101 |         let policy = MobileMacBuildCompatibilityPolicy.current(
102 |             buildScope: try #require(MobileIOSBuildScope("feature")),
    |                                      `- warning: '#require(_:_:)' is redundant because 'MobileIOSBuildScope("feature")' never equals 'nil' (from macro 'require')
103 |             additionalInstanceTags: allowlist
104 |         )

/private/tmp/cmux-verify-20260908170330-19681-7317/source-1198ba65bf/Packages/iOS/CmuxMobileShell/Tests/CmuxMobileShellTests/MobileMacConnectionPoolTests.swift:4205:13: warning: initialization of immutable value 'targetMacID' was never used; consider replacing with assignment to '_' or removing it [#no-usage]
4203 |         )
4204 |         let target = heldStreamID == first.streamID ? second : first
4205 |         let targetMacID = target.macDeviceID
     |             `- warning: initialization of immutable value 'targetMacID' was never used; consider replacing with assignment to '_' or removing it [#no-usage]
4206 |         let completion = PromotionFenceCompletion()
4207 |         let fence = Task { @MainActor in

/private/tmp/cmux-verify-20260908170330-19681-7317/source-1198ba65bf/Packages/iOS/CmuxMobileShell/Tests/CmuxMobileShellTests/MobilePairingAttemptDeadlineTests.swift:23:21: warning: result of call to 'connectPairingInput(allowPreview:pairedMacDeviceID:instanceTag:)' is unused [#no-usage]
 21 |         let store = makeStore(pairingCode: try Self.pairingURL())
 22 | 
 23 |         await store.connectPairingInput()
    |                     `- warning: result of call to 'connectPairingInput(allowPreview:pairedMacDeviceID:instanceTag:)' is unused [#no-usage]
 24 | 
 25 |         #expect(store.connectionState == .disconnected)
[936/990] Compiling CmuxMobileShellTests MobilePairingAttemptDeadlineTests.swift
/private/tmp/cmux-verify-20260908170330-19681-7317/source-1198ba65bf/Packages/iOS/CmuxMobileShell/Tests/CmuxMobileShellTests/MobileMacBuildCompatibilityPolicyTests.swift:102:38: warning: '#require(_:_:)' is redundant because 'MobileIOSBuildScope("feature")' never equals 'nil' (from macro 'require')
100 |         let allowlist = MobileMacTagAllowlist(tags: ["granted"])
101 |         let policy = MobileMacBuildCompatibilityPolicy.current(
102 |             buildScope: try #require(MobileIOSBuildScope("feature")),
    |                                      `- warning: '#require(_:_:)' is redundant because 'MobileIOSBuildScope("feature")' never equals 'nil' (from macro 'require')
103 |             additionalInstanceTags: allowlist
104 |         )

/private/tmp/cmux-verify-20260908170330-19681-7317/source-1198ba65bf/Packages/iOS/CmuxMobileShell/Tests/CmuxMobileShellTests/MobileMacConnectionPoolTests.swift:4205:13: warning: initialization of immutable value 'targetMacID' was never used; consider replacing with assignment to '_' or removing it [#no-usage]
4203 |         )
4204 |         let target = heldStreamID == first.streamID ? second : first
4205 |         let targetMacID = target.macDeviceID
     |             `- warning: initialization of immutable value 'targetMacID' was never used; consider replacing with assignment to '_' or removing it [#no-usage]
4206 |         let completion = PromotionFenceCompletion()
4207 |         let fence = Task { @MainActor in

/private/tmp/cmux-verify-20260908170330-19681-7317/source-1198ba65bf/Packages/iOS/CmuxMobileShell/Tests/CmuxMobileShellTests/MobilePairingAttemptDeadlineTests.swift:23:21: warning: result of call to 'connectPairingInput(allowPreview:pairedMacDeviceID:instanceTag:)' is unused [#no-usage]
 21 |         let store = makeStore(pairingCode: try Self.pairingURL())
 22 | 
 23 |         await store.connectPairingInput()
    |                     `- warning: result of call to 'connectPairingInput(allowPreview:pairedMacDeviceID:instanceTag:)' is unused [#no-usage]
 24 | 
 25 |         #expect(store.connectionState == .disconnected)
[937/990] Compiling CmuxMobileShellTests MobilePairingFailureTests.swift
/private/tmp/cmux-verify-20260908170330-19681-7317/source-1198ba65bf/Packages/iOS/CmuxMobileShell/Tests/CmuxMobileShellTests/MobileMacBuildCompatibilityPolicyTests.swift:102:38: warning: '#require(_:_:)' is redundant because 'MobileIOSBuildScope("feature")' never equals 'nil' (from macro 'require')
100 |         let allowlist = MobileMacTagAllowlist(tags: ["granted"])
101 |         let policy = MobileMacBuildCompatibilityPolicy.current(
102 |             buildScope: try #require(MobileIOSBuildScope("feature")),
    |                                      `- warning: '#require(_:_:)' is redundant because 'MobileIOSBuildScope("feature")' never equals 'nil' (from macro 'require')
103 |             additionalInstanceTags: allowlist
104 |         )

/private/tmp/cmux-verify-20260908170330-19681-7317/source-1198ba65bf/Packages/iOS/CmuxMobileShell/Tests/CmuxMobileShellTests/MobileMacConnectionPoolTests.swift:4205:13: warning: initialization of immutable value 'targetMacID' was never used; consider replacing with assignment to '_' or removing it [#no-usage]
4203 |         )
4204 |         let target = heldStreamID == first.streamID ? second : first
4205 |         let targetMacID = target.macDeviceID
     |             `- warning: initialization of immutable value 'targetMacID' was never used; consider replacing with assignment to '_' or removing it [#no-usage]
4206 |         let completion = PromotionFenceCompletion()
4207 |         let fence = Task { @MainActor in

/private/tmp/cmux-verify-20260908170330-19681-7317/source-1198ba65bf/Packages/iOS/CmuxMobileShell/Tests/CmuxMobileShellTests/MobilePairingAttemptDeadlineTests.swift:23:21: warning: result of call to 'connectPairingInput(allowPreview:pairedMacDeviceID:instanceTag:)' is unused [#no-usage]
 21 |         let store = makeStore(pairingCode: try Self.pairingURL())
 22 | 
 23 |         await store.connectPairingInput()
    |                     `- warning: result of call to 'connectPairingInput(allowPreview:pairedMacDeviceID:instanceTag:)' is unused [#no-usage]
 24 | 
 25 |         #expect(store.connectionState == .disconnected)
[938/990] Compiling CmuxMobileShellTests MobilePresencePushRecoveryThrottleTests.swift
/private/tmp/cmux-verify-20260908170330-19681-7317/source-1198ba65bf/Packages/iOS/CmuxMobileShell/Tests/CmuxMobileShellTests/MobileMacBuildCompatibilityPolicyTests.swift:102:38: warning: '#require(_:_:)' is redundant because 'MobileIOSBuildScope("feature")' never equals 'nil' (from macro 'require')
100 |         let allowlist = MobileMacTagAllowlist(tags: ["granted"])
101 |         let policy = MobileMacBuildCompatibilityPolicy.current(
102 |             buildScope: try #require(MobileIOSBuildScope("feature")),
    |                                      `- warning: '#require(_:_:)' is redundant because 'MobileIOSBuildScope("feature")' never equals 'nil' (from macro 'require')
103 |             additionalInstanceTags: allowlist
104 |         )

/private/tmp/cmux-verify-20260908170330-19681-7317/source-1198ba65bf/Packages/iOS/CmuxMobileShell/Tests/CmuxMobileShellTests/MobileMacConnectionPoolTests.swift:4205:13: warning: initialization of immutable value 'targetMacID' was never used; consider replacing with assignment to '_' or removing it [#no-usage]
4203 |         )
4204 |         let target = heldStreamID == first.streamID ? second : first
4205 |         let targetMacID = target.macDeviceID
     |             `- warning: initialization of immutable value 'targetMacID' was never used; consider replacing with assignment to '_' or removing it [#no-usage]
4206 |         let completion = PromotionFenceCompletion()
4207 |         let fence = Task { @MainActor in

/private/tmp/cmux-verify-20260908170330-19681-7317/source-1198ba65bf/Packages/iOS/CmuxMobileShell/Tests/CmuxMobileShellTests/MobilePairingAttemptDeadlineTests.swift:23:21: warning: result of call to 'connectPairingInput(allowPreview:pairedMacDeviceID:instanceTag:)' is unused [#no-usage]
 21 |         let store = makeStore(pairingCode: try Self.pairingURL())
 22 | 
 23 |         await store.connectPairingInput()
    |                     `- warning: result of call to 'connectPairingInput(allowPreview:pairedMacDeviceID:instanceTag:)' is unused [#no-usage]
 24 | 
 25 |         #expect(store.connectionState == .disconnected)
[939/990] Compiling CmuxMobileShellTests MobileSecondaryInstanceAuthorityTests.swift
/private/tmp/cmux-verify-20260908170330-19681-7317/source-1198ba65bf/Packages/iOS/CmuxMobileShell/Tests/CmuxMobileShellTests/MobileMacBuildCompatibilityPolicyTests.swift:102:38: warning: '#require(_:_:)' is redundant because 'MobileIOSBuildScope("feature")' never equals 'nil' (from macro 'require')
100 |         let allowlist = MobileMacTagAllowlist(tags: ["granted"])
101 |         let policy = MobileMacBuildCompatibilityPolicy.current(
102 |             buildScope: try #require(MobileIOSBuildScope("feature")),
    |                                      `- warning: '#require(_:_:)' is redundant because 'MobileIOSBuildScope("feature")' never equals 'nil' (from macro 'require')
103 |             additionalInstanceTags: allowlist
104 |         )

/private/tmp/cmux-verify-20260908170330-19681-7317/source-1198ba65bf/Packages/iOS/CmuxMobileShell/Tests/CmuxMobileShellTests/MobileMacConnectionPoolTests.swift:4205:13: warning: initialization of immutable value 'targetMacID' was never used; consider replacing with assignment to '_' or removing it [#no-usage]
4203 |         )
4204 |         let target = heldStreamID == first.streamID ? second : first
4205 |         let targetMacID = target.macDeviceID
     |             `- warning: initialization of immutable value 'targetMacID' was never used; consider replacing with assignment to '_' or removing it [#no-usage]
4206 |         let completion = PromotionFenceCompletion()
4207 |         let fence = Task { @MainActor in

/private/tmp/cmux-verify-20260908170330-19681-7317/source-1198ba65bf/Packages/iOS/CmuxMobileShell/Tests/CmuxMobileShellTests/MobilePairingAttemptDeadlineTests.swift:23:21: warning: result of call to 'connectPairingInput(allowPreview:pairedMacDeviceID:instanceTag:)' is unused [#no-usage]
 21 |         let store = makeStore(pairingCode: try Self.pairingURL())
 22 | 
 23 |         await store.connectPairingInput()
    |                     `- warning: result of call to 'connectPairingInput(allowPreview:pairedMacDeviceID:instanceTag:)' is unused [#no-usage]
 24 | 
 25 |         #expect(store.connectionState == .disconnected)
[940/990] Compiling CmuxMobileShellTests MobileShellAltScreenNoticeTests.swift
/private/tmp/cmux-verify-20260908170330-19681-7317/source-1198ba65bf/Packages/iOS/CmuxMobileShell/Tests/CmuxMobileShellTests/MobileMacBuildCompatibilityPolicyTests.swift:102:38: warning: '#require(_:_:)' is redundant because 'MobileIOSBuildScope("feature")' never equals 'nil' (from macro 'require')
100 |         let allowlist = MobileMacTagAllowlist(tags: ["granted"])
101 |         let policy = MobileMacBuildCompatibilityPolicy.current(
102 |             buildScope: try #require(MobileIOSBuildScope("feature")),
    |                                      `- warning: '#require(_:_:)' is redundant because 'MobileIOSBuildScope("feature")' never equals 'nil' (from macro 'require')
103 |             additionalInstanceTags: allowlist
104 |         )

/private/tmp/cmux-verify-20260908170330-19681-7317/source-1198ba65bf/Packages/iOS/CmuxMobileShell/Tests/CmuxMobileShellTests/MobileMacConnectionPoolTests.swift:4205:13: warning: initialization of immutable value 'targetMacID' was never used; consider replacing with assignment to '_' or removing it [#no-usage]
4203 |         )
4204 |         let target = heldStreamID == first.streamID ? second : first
4205 |         let targetMacID = target.macDeviceID
     |             `- warning: initialization of immutable value 'targetMacID' was never used; consider replacing with assignment to '_' or removing it [#no-usage]
4206 |         let completion = PromotionFenceCompletion()
4207 |         let fence = Task { @MainActor in

/private/tmp/cmux-verify-20260908170330-19681-7317/source-1198ba65bf/Packages/iOS/CmuxMobileShell/Tests/CmuxMobileShellTests/MobilePairingAttemptDeadlineTests.swift:23:21: warning: result of call to 'connectPairingInput(allowPreview:pairedMacDeviceID:instanceTag:)' is unused [#no-usage]
 21 |         let store = makeStore(pairingCode: try Self.pairingURL())
 22 | 
 23 |         await store.connectPairingInput()
    |                     `- warning: result of call to 'connectPairingInput(allowPreview:pairedMacDeviceID:instanceTag:)' is unused [#no-usage]
 24 | 
 25 |         #expect(store.connectionState == .disconnected)
[941/1036] Compiling CmuxMobileShellTests MobileShellRenderGridReplayRetryExhaustionTests.swift
[942/1036] Compiling CmuxMobileShellTests MobileShellRenderGridReplayStalenessTests.swift
[943/1036] Compiling CmuxMobileShellTests MobileShellReplayDropRecoveryTests.swift
[944/1036] Compiling CmuxMobileShellTests MobileShellReplayFallbackScreenTests.swift
[945/1036] Compiling CmuxMobileShellTests MobileShellStateSyncTests.swift
[946/1036] Compiling CmuxMobileShellTests MobileShellTerminalLaneConfigurationTests.swift
[947/1036] Compiling CmuxMobileShellTests MobileShellTerminalReplayOffMainDecodingTests.swift
[948/1036] Compiling CmuxMobileShellTests MobileShellWorkspaceCapabilityTests.swift
[949/1036] Compiling CmuxMobileShellTests MobileShellWorkspaceCreateTests.swift
[950/1036] Compiling CmuxMobileShellTests MobileShellWorkspaceMetadataActionTests.swift
[951/1036] Compiling CmuxMobileShellTests MobileSignOutPlaceholderWorkspaceTests.swift
[952/1036] Compiling CmuxMobileShellTests MobileSimulatorStreamStalenessMonitorTests.swift
[953/1036] Compiling CmuxMobileShellTests MobileSimulatorStreamStoreTests.swift
[954/1036] Compiling CmuxMobileShellTests MobileTaskComposerCancellationTests.swift
[955/1036] Compiling CmuxMobileShellTests MobileTaskComposerSubmitTests.swift
[956/1036] Compiling CmuxMobileShellTests MobileTaskDirectoryListTests.swift
[957/1036] Compiling CmuxMobileShellTests MobileTaskDirectorySearchTests.swift
[958/1036] Compiling CmuxMobileShellTests MobileTaskModelCatalogClientTests.swift
[959/1036] Compiling CmuxMobileShellTests MobileTaskTemplateStoreTests.swift
[960/1036] Compiling CmuxMobileShellTests MobileTerminalLaneCoordinatorTests.swift
[961/1036] Compiling CmuxMobileShellTests MobileTerminalViewportSequenceKeyTests.swift
[962/1036] Compiling CmuxMobileShellTests MobileWorkspaceChangesHintTests.swift
[963/1036] Compiling CmuxMobileShellTests MultiMacAggregationFlagTests.swift
[964/1036] Compiling CmuxMobileShellTests MutableBackup.swift
[965/1059] Compiling CmuxMobileShellTests MobileShellColdAttachReplayBarrierTests.swift
[966/1059] Compiling CmuxMobileShellTests MobileShellCompositeColorSlotResetTests.swift
[967/1059] Compiling CmuxMobileShellTests MobileShellCompositeForgetRevokeAccountPinningTests.swift
[968/1059] Compiling CmuxMobileShellTests MobileShellCompositeForgetScopeFlipTests.swift
[969/1059] Compiling CmuxMobileShellTests MobileShellCompositeForgetTeamlessScopeTests.swift
[970/1059] Compiling CmuxMobileShellTests MobileShellCompositeForgetWildcardBreadthTests.swift
[971/1059] Compiling CmuxMobileShellTests MobileShellCompositeHiddenMacRefreshTests.swift
[972/1059] Compiling CmuxMobileShellTests MobileShellCompositeHideMacTests.swift
[973/1059] Compiling CmuxMobileShellTests MobileShellCompositePairedMacCoalescingTests.swift
[974/1059] Compiling CmuxMobileShellTests MobileShellCompositePairingScopeTests.swift
[975/1059] Compiling CmuxMobileShellTests MobileShellCompositePreviewTests.swift
[976/1059] Compiling CmuxMobileShellTests MobileShellCompositeRouteRemovalTests.swift
[977/1059] Compiling CmuxMobileShellTests MobileShellCompositeSimulatorStreamTests.swift
[978/1059] Compiling CmuxMobileShellTests MobileShellDemoContentTests.swift
[979/1059] Compiling CmuxMobileShellTests MobileShellDismissSyncTests.swift
[980/1059] Compiling CmuxMobileShellTests MobileShellForegroundResumeTests.swift
[981/1059] Compiling CmuxMobileShellTests MobileShellMacAvailabilityFailureClassifierTests.swift
[982/1059] Compiling CmuxMobileShellTests MobileShellNotificationFeedStateTests.swift
[983/1059] Compiling CmuxMobileShellTests MobileShellRenderGridEventFrameFixtures.swift
[984/1059] Compiling CmuxMobileShellTests MobileShellRenderGridFrameTestSupport.swift
[985/1059] Compiling CmuxMobileShellTests MobileShellRenderGridInputCatchUpTests.swift
[986/1059] Compiling CmuxMobileShellTests MobileShellRenderGridLivenessRuntimeSupport.swift
[987/1059] Compiling CmuxMobileShellTests MobileShellRenderGridLivenessTestSupport.swift
[988/1059] Compiling CmuxMobileShellTests MobileShellRenderGridLivenessTests.swift
[989/1059] Compiling CmuxMobileShellTests ReconnectRouteSelectionTests+Support.swift
/private/tmp/cmux-verify-20260908170330-19681-7317/source-1198ba65bf/Packages/iOS/CmuxMobileShell/Tests/CmuxMobileShellTests/ReconnectRouteSelectionTests.swift:798:33: warning: no 'async' operations occur within 'await' expression
 796 |         // The box tracks the most recent transport, so capture the original
 797 |         // live session before the method change replaces it.
 798 |         let originalTransport = await liveTransportBox.get()
     |                                 `- warning: no 'async' operations occur within 'await' expression
 799 | 
 800 |         await store.setConnectionMethod(

/private/tmp/cmux-verify-20260908170330-19681-7317/source-1198ba65bf/Packages/iOS/CmuxMobileShell/Tests/CmuxMobileShellTests/ReconnectRouteSelectionTests.swift:878:33: warning: no 'async' operations occur within 'await' expression
 876 |         #expect(await store.reconnectActiveMacIfAvailable(stackUserID: "user-1"))
 877 |         #expect(store.activeRoute?.kind == .iroh)
 878 |         let originalTransport = await liveTransportBox.get()
     |                                 `- warning: no 'async' operations occur within 'await' expression
 879 | 
 880 |         await store.setConnectionMethod(

/private/tmp/cmux-verify-20260908170330-19681-7317/source-1198ba65bf/Packages/iOS/CmuxMobileShell/Tests/CmuxMobileShellTests/TailscalePairingRegressionTests.swift:36:21: warning: result of call to 'connectPairingInput(allowPreview:pairedMacDeviceID:instanceTag:)' is unused [#no-usage]
 34 |         store.pairingCode = currentQRCode()
 35 | 
 36 |         await store.connectPairingInput()
    |                     `- warning: result of call to 'connectPairingInput(allowPreview:pairedMacDeviceID:instanceTag:)' is unused [#no-usage]
 37 | 
 38 |         #expect(store.connectionState == MobileConnectionState.connected)

/private/tmp/cmux-verify-20260908170330-19681-7317/source-1198ba65bf/Packages/iOS/CmuxMobileShell/Tests/CmuxMobileShellTests/TailscalePairingRegressionTests.swift:118:21: warning: result of call to 'connectPairingInput(allowPreview:pairedMacDeviceID:instanceTag:)' is unused [#no-usage]
116 |         store.pairingCode = try attachURL(for: ticket)
117 | 
118 |         await store.connectPairingInput()
    |                     `- warning: result of call to 'connectPairingInput(allowPreview:pairedMacDeviceID:instanceTag:)' is unused [#no-usage]
119 | 
120 |         #expect(store.connectionState == MobileConnectionState.connected)

/private/tmp/cmux-verify-20260908170330-19681-7317/source-1198ba65bf/Packages/iOS/CmuxMobileShell/Tests/CmuxMobileShellTests/TailscalePairingRegressionTests.swift:230:21: warning: result of call to 'connectPairingInput(allowPreview:pairedMacDeviceID:instanceTag:)' is unused [#no-usage]
228 |         store.pairingCode = currentQRCode()
229 | 
230 |         await store.connectPairingInput()
    |                     `- warning: result of call to 'connectPairingInput(allowPreview:pairedMacDeviceID:instanceTag:)' is unused [#no-usage]
231 | 
232 |         let saved = try #require(await pairedMacStore.activeMac(stackUserID: "phone-user"))
[990/1059] Compiling CmuxMobileShellTests ReconnectRouteSelectionTests.swift
/private/tmp/cmux-verify-20260908170330-19681-7317/source-1198ba65bf/Packages/iOS/CmuxMobileShell/Tests/CmuxMobileShellTests/ReconnectRouteSelectionTests.swift:798:33: warning: no 'async' operations occur within 'await' expression
 796 |         // The box tracks the most recent transport, so capture the original
 797 |         // live session before the method change replaces it.
 798 |         let originalTransport = await liveTransportBox.get()
     |                                 `- warning: no 'async' operations occur within 'await' expression
 799 | 
 800 |         await store.setConnectionMethod(

/private/tmp/cmux-verify-20260908170330-19681-7317/source-1198ba65bf/Packages/iOS/CmuxMobileShell/Tests/CmuxMobileShellTests/ReconnectRouteSelectionTests.swift:878:33: warning: no 'async' operations occur within 'await' expression
 876 |         #expect(await store.reconnectActiveMacIfAvailable(stackUserID: "user-1"))
 877 |         #expect(store.activeRoute?.kind == .iroh)
 878 |         let originalTransport = await liveTransportBox.get()
     |                                 `- warning: no 'async' operations occur within 'await' expression
 879 | 
 880 |         await store.setConnectionMethod(

/private/tmp/cmux-verify-20260908170330-19681-7317/source-1198ba65bf/Packages/iOS/CmuxMobileShell/Tests/CmuxMobileShellTests/TailscalePairingRegressionTests.swift:36:21: warning: result of call to 'connectPairingInput(allowPreview:pairedMacDeviceID:instanceTag:)' is unused [#no-usage]
 34 |         store.pairingCode = currentQRCode()
 35 | 
 36 |         await store.connectPairingInput()
    |                     `- warning: result of call to 'connectPairingInput(allowPreview:pairedMacDeviceID:instanceTag:)' is unused [#no-usage]
 37 | 
 38 |         #expect(store.connectionState == MobileConnectionState.connected)

/private/tmp/cmux-verify-20260908170330-19681-7317/source-1198ba65bf/Packages/iOS/CmuxMobileShell/Tests/CmuxMobileShellTests/TailscalePairingRegressionTests.swift:118:21: warning: result of call to 'connectPairingInput(allowPreview:pairedMacDeviceID:instanceTag:)' is unused [#no-usage]
116 |         store.pairingCode = try attachURL(for: ticket)
117 | 
118 |         await store.connectPairingInput()
    |                     `- warning: result of call to 'connectPairingInput(allowPreview:pairedMacDeviceID:instanceTag:)' is unused [#no-usage]
119 | 
120 |         #expect(store.connectionState == MobileConnectionState.connected)

/private/tmp/cmux-verify-20260908170330-19681-7317/source-1198ba65bf/Packages/iOS/CmuxMobileShell/Tests/CmuxMobileShellTests/TailscalePairingRegressionTests.swift:230:21: warning: result of call to 'connectPairingInput(allowPreview:pairedMacDeviceID:instanceTag:)' is unused [#no-usage]
228 |         store.pairingCode = currentQRCode()
229 | 
230 |         await store.connectPairingInput()
    |                     `- warning: result of call to 'connectPairingInput(allowPreview:pairedMacDeviceID:instanceTag:)' is unused [#no-usage]
231 | 
232 |         let saved = try #require(await pairedMacStore.activeMac(stackUserID: "phone-user"))
[991/1059] Compiling CmuxMobileShellTests RecordingDeliveredNotificationClearer.swift
/private/tmp/cmux-verify-20260908170330-19681-7317/source-1198ba65bf/Packages/iOS/CmuxMobileShell/Tests/CmuxMobileShellTests/ReconnectRouteSelectionTests.swift:798:33: warning: no 'async' operations occur within 'await' expression
 796 |         // The box tracks the most recent transport, so capture the original
 797 |         // live session before the method change replaces it.
 798 |         let originalTransport = await liveTransportBox.get()
     |                                 `- warning: no 'async' operations occur within 'await' expression
 799 | 
 800 |         await store.setConnectionMethod(

/private/tmp/cmux-verify-20260908170330-19681-7317/source-1198ba65bf/Packages/iOS/CmuxMobileShell/Tests/CmuxMobileShellTests/ReconnectRouteSelectionTests.swift:878:33: warning: no 'async' operations occur within 'await' expression
 876 |         #expect(await store.reconnectActiveMacIfAvailable(stackUserID: "user-1"))
 877 |         #expect(store.activeRoute?.kind == .iroh)
 878 |         let originalTransport = await liveTransportBox.get()
     |                                 `- warning: no 'async' operations occur within 'await' expression
 879 | 
 880 |         await store.setConnectionMethod(

/private/tmp/cmux-verify-20260908170330-19681-7317/source-1198ba65bf/Packages/iOS/CmuxMobileShell/Tests/CmuxMobileShellTests/TailscalePairingRegressionTests.swift:36:21: warning: result of call to 'connectPairingInput(allowPreview:pairedMacDeviceID:instanceTag:)' is unused [#no-usage]
 34 |         store.pairingCode = currentQRCode()
 35 | 
 36 |         await store.connectPairingInput()
    |                     `- warning: result of call to 'connectPairingInput(allowPreview:pairedMacDeviceID:instanceTag:)' is unused [#no-usage]
 37 | 
 38 |         #expect(store.connectionState == MobileConnectionState.connected)

/private/tmp/cmux-verify-20260908170330-19681-7317/source-1198ba65bf/Packages/iOS/CmuxMobileShell/Tests/CmuxMobileShellTests/TailscalePairingRegressionTests.swift:118:21: warning: result of call to 'connectPairingInput(allowPreview:pairedMacDeviceID:instanceTag:)' is unused [#no-usage]
116 |         store.pairingCode = try attachURL(for: ticket)
117 | 
118 |         await store.connectPairingInput()
    |                     `- warning: result of call to 'connectPairingInput(allowPreview:pairedMacDeviceID:instanceTag:)' is unused [#no-usage]
119 | 
120 |         #expect(store.connectionState == MobileConnectionState.connected)

/private/tmp/cmux-verify-20260908170330-19681-7317/source-1198ba65bf/Packages/iOS/CmuxMobileShell/Tests/CmuxMobileShellTests/TailscalePairingRegressionTests.swift:230:21: warning: result of call to 'connectPairingInput(allowPreview:pairedMacDeviceID:instanceTag:)' is unused [#no-usage]
228 |         store.pairingCode = currentQRCode()
229 | 
230 |         await store.connectPairingInput()
    |                     `- warning: result of call to 'connectPairingInput(allowPreview:pairedMacDeviceID:instanceTag:)' is unused [#no-usage]
231 | 
232 |         let saved = try #require(await pairedMacStore.activeMac(stackUserID: "phone-user"))
[992/1059] Compiling CmuxMobileShellTests ResolveForegroundMacIDTests.swift
/private/tmp/cmux-verify-20260908170330-19681-7317/source-1198ba65bf/Packages/iOS/CmuxMobileShell/Tests/CmuxMobileShellTests/ReconnectRouteSelectionTests.swift:798:33: warning: no 'async' operations occur within 'await' expression
 796 |         // The box tracks the most recent transport, so capture the original
 797 |         // live session before the method change replaces it.
 798 |         let originalTransport = await liveTransportBox.get()
     |                                 `- warning: no 'async' operations occur within 'await' expression
 799 | 
 800 |         await store.setConnectionMethod(

/private/tmp/cmux-verify-20260908170330-19681-7317/source-1198ba65bf/Packages/iOS/CmuxMobileShell/Tests/CmuxMobileShellTests/ReconnectRouteSelectionTests.swift:878:33: warning: no 'async' operations occur within 'await' expression
 876 |         #expect(await store.reconnectActiveMacIfAvailable(stackUserID: "user-1"))
 877 |         #expect(store.activeRoute?.kind == .iroh)
 878 |         let originalTransport = await liveTransportBox.get()
     |                                 `- warning: no 'async' operations occur within 'await' expression
 879 | 
 880 |         await store.setConnectionMethod(

/private/tmp/cmux-verify-20260908170330-19681-7317/source-1198ba65bf/Packages/iOS/CmuxMobileShell/Tests/CmuxMobileShellTests/TailscalePairingRegressionTests.swift:36:21: warning: result of call to 'connectPairingInput(allowPreview:pairedMacDeviceID:instanceTag:)' is unused [#no-usage]
 34 |         store.pairingCode = currentQRCode()
 35 | 
 36 |         await store.connectPairingInput()
    |                     `- warning: result of call to 'connectPairingInput(allowPreview:pairedMacDeviceID:instanceTag:)' is unused [#no-usage]
 37 | 
 38 |         #expect(store.connectionState == MobileConnectionState.connected)

/private/tmp/cmux-verify-20260908170330-19681-7317/source-1198ba65bf/Packages/iOS/CmuxMobileShell/Tests/CmuxMobileShellTests/TailscalePairingRegressionTests.swift:118:21: warning: result of call to 'connectPairingInput(allowPreview:pairedMacDeviceID:instanceTag:)' is unused [#no-usage]
116 |         store.pairingCode = try attachURL(for: ticket)
117 | 
118 |         await store.connectPairingInput()
    |                     `- warning: result of call to 'connectPairingInput(allowPreview:pairedMacDeviceID:instanceTag:)' is unused [#no-usage]
119 | 
120 |         #expect(store.connectionState == MobileConnectionState.connected)

/private/tmp/cmux-verify-20260908170330-19681-7317/source-1198ba65bf/Packages/iOS/CmuxMobileShell/Tests/CmuxMobileShellTests/TailscalePairingRegressionTests.swift:230:21: warning: result of call to 'connectPairingInput(allowPreview:pairedMacDeviceID:instanceTag:)' is unused [#no-usage]
228 |         store.pairingCode = currentQRCode()
229 | 
230 |         await store.connectPairingInput()
    |                     `- warning: result of call to 'connectPairingInput(allowPreview:pairedMacDeviceID:instanceTag:)' is unused [#no-usage]
231 | 
232 |         let saved = try #require(await pairedMacStore.activeMac(stackUserID: "phone-user"))
[993/1059] Compiling CmuxMobileShellTests SecondaryAuthorityIdlePresence.swift
/private/tmp/cmux-verify-20260908170330-19681-7317/source-1198ba65bf/Packages/iOS/CmuxMobileShell/Tests/CmuxMobileShellTests/ReconnectRouteSelectionTests.swift:798:33: warning: no 'async' operations occur within 'await' expression
 796 |         // The box tracks the most recent transport, so capture the original
 797 |         // live session before the method change replaces it.
 798 |         let originalTransport = await liveTransportBox.get()
     |                                 `- warning: no 'async' operations occur within 'await' expression
 799 | 
 800 |         await store.setConnectionMethod(

/private/tmp/cmux-verify-20260908170330-19681-7317/source-1198ba65bf/Packages/iOS/CmuxMobileShell/Tests/CmuxMobileShellTests/ReconnectRouteSelectionTests.swift:878:33: warning: no 'async' operations occur within 'await' expression
 876 |         #expect(await store.reconnectActiveMacIfAvailable(stackUserID: "user-1"))
 877 |         #expect(store.activeRoute?.kind == .iroh)
 878 |         let originalTransport = await liveTransportBox.get()
     |                                 `- warning: no 'async' operations occur within 'await' expression
 879 | 
 880 |         await store.setConnectionMethod(

/private/tmp/cmux-verify-20260908170330-19681-7317/source-1198ba65bf/Packages/iOS/CmuxMobileShell/Tests/CmuxMobileShellTests/TailscalePairingRegressionTests.swift:36:21: warning: result of call to 'connectPairingInput(allowPreview:pairedMacDeviceID:instanceTag:)' is unused [#no-usage]
 34 |         store.pairingCode = currentQRCode()
 35 | 
 36 |         await store.connectPairingInput()
    |                     `- warning: result of call to 'connectPairingInput(allowPreview:pairedMacDeviceID:instanceTag:)' is unused [#no-usage]
 37 | 
 38 |         #expect(store.connectionState == MobileConnectionState.connected)

/private/tmp/cmux-verify-20260908170330-19681-7317/source-1198ba65bf/Packages/iOS/CmuxMobileShell/Tests/CmuxMobileShellTests/TailscalePairingRegressionTests.swift:118:21: warning: result of call to 'connectPairingInput(allowPreview:pairedMacDeviceID:instanceTag:)' is unused [#no-usage]
116 |         store.pairingCode = try attachURL(for: ticket)
117 | 
118 |         await store.connectPairingInput()
    |                     `- warning: result of call to 'connectPairingInput(allowPreview:pairedMacDeviceID:instanceTag:)' is unused [#no-usage]
119 | 
120 |         #expect(store.connectionState == MobileConnectionState.connected)

/private/tmp/cmux-verify-20260908170330-19681-7317/source-1198ba65bf/Packages/iOS/CmuxMobileShell/Tests/CmuxMobileShellTests/TailscalePairingRegressionTests.swift:230:21: warning: result of call to 'connectPairingInput(allowPreview:pairedMacDeviceID:instanceTag:)' is unused [#no-usage]
228 |         store.pairingCode = currentQRCode()
229 | 
230 |         await store.connectPairingInput()
    |                     `- warning: result of call to 'connectPairingInput(allowPreview:pairedMacDeviceID:instanceTag:)' is unused [#no-usage]
231 | 
232 |         let saved = try #require(await pairedMacStore.activeMac(stackUserID: "phone-user"))
[994/1059] Compiling CmuxMobileShellTests SequencedDeviceRegistry.swift
/private/tmp/cmux-verify-20260908170330-19681-7317/source-1198ba65bf/Packages/iOS/CmuxMobileShell/Tests/CmuxMobileShellTests/ReconnectRouteSelectionTests.swift:798:33: warning: no 'async' operations occur within 'await' expression
 796 |         // The box tracks the most recent transport, so capture the original
 797 |         // live session before the method change replaces it.
 798 |         let originalTransport = await liveTransportBox.get()
     |                                 `- warning: no 'async' operations occur within 'await' expression
 799 | 
 800 |         await store.setConnectionMethod(

/private/tmp/cmux-verify-20260908170330-19681-7317/source-1198ba65bf/Packages/iOS/CmuxMobileShell/Tests/CmuxMobileShellTests/ReconnectRouteSelectionTests.swift:878:33: warning: no 'async' operations occur within 'await' expression
 876 |         #expect(await store.reconnectActiveMacIfAvailable(stackUserID: "user-1"))
 877 |         #expect(store.activeRoute?.kind == .iroh)
 878 |         let originalTransport = await liveTransportBox.get()
     |                                 `- warning: no 'async' operations occur within 'await' expression
 879 | 
 880 |         await store.setConnectionMethod(

/private/tmp/cmux-verify-20260908170330-19681-7317/source-1198ba65bf/Packages/iOS/CmuxMobileShell/Tests/CmuxMobileShellTests/TailscalePairingRegressionTests.swift:36:21: warning: result of call to 'connectPairingInput(allowPreview:pairedMacDeviceID:instanceTag:)' is unused [#no-usage]
 34 |         store.pairingCode = currentQRCode()
 35 | 
 36 |         await store.connectPairingInput()
    |                     `- warning: result of call to 'connectPairingInput(allowPreview:pairedMacDeviceID:instanceTag:)' is unused [#no-usage]
 37 | 
 38 |         #expect(store.connectionState == MobileConnectionState.connected)

/private/tmp/cmux-verify-20260908170330-19681-7317/source-1198ba65bf/Packages/iOS/CmuxMobileShell/Tests/CmuxMobileShellTests/TailscalePairingRegressionTests.swift:118:21: warning: result of call to 'connectPairingInput(allowPreview:pairedMacDeviceID:instanceTag:)' is unused [#no-usage]
116 |         store.pairingCode = try attachURL(for: ticket)
117 | 
118 |         await store.connectPairingInput()
    |                     `- warning: result of call to 'connectPairingInput(allowPreview:pairedMacDeviceID:instanceTag:)' is unused [#no-usage]
119 | 
120 |         #expect(store.connectionState == MobileConnectionState.connected)

/private/tmp/cmux-verify-20260908170330-19681-7317/source-1198ba65bf/Packages/iOS/CmuxMobileShell/Tests/CmuxMobileShellTests/TailscalePairingRegressionTests.swift:230:21: warning: result of call to 'connectPairingInput(allowPreview:pairedMacDeviceID:instanceTag:)' is unused [#no-usage]
228 |         store.pairingCode = currentQRCode()
229 | 
230 |         await store.connectPairingInput()
    |                     `- warning: result of call to 'connectPairingInput(allowPreview:pairedMacDeviceID:instanceTag:)' is unused [#no-usage]
231 | 
232 |         let saved = try #require(await pairedMacStore.activeMac(stackUserID: "phone-user"))
[995/1059] Compiling CmuxMobileShellTests SlowIgnoringCancellationTransport.swift
/private/tmp/cmux-verify-20260908170330-19681-7317/source-1198ba65bf/Packages/iOS/CmuxMobileShell/Tests/CmuxMobileShellTests/ReconnectRouteSelectionTests.swift:798:33: warning: no 'async' operations occur within 'await' expression
 796 |         // The box tracks the most recent transport, so capture the original
 797 |         // live session before the method change replaces it.
 798 |         let originalTransport = await liveTransportBox.get()
     |                                 `- warning: no 'async' operations occur within 'await' expression
 799 | 
 800 |         await store.setConnectionMethod(

/private/tmp/cmux-verify-20260908170330-19681-7317/source-1198ba65bf/Packages/iOS/CmuxMobileShell/Tests/CmuxMobileShellTests/ReconnectRouteSelectionTests.swift:878:33: warning: no 'async' operations occur within 'await' expression
 876 |         #expect(await store.reconnectActiveMacIfAvailable(stackUserID: "user-1"))
 877 |         #expect(store.activeRoute?.kind == .iroh)
 878 |         let originalTransport = await liveTransportBox.get()
     |                                 `- warning: no 'async' operations occur within 'await' expression
 879 | 
 880 |         await store.setConnectionMethod(

/private/tmp/cmux-verify-20260908170330-19681-7317/source-1198ba65bf/Packages/iOS/CmuxMobileShell/Tests/CmuxMobileShellTests/TailscalePairingRegressionTests.swift:36:21: warning: result of call to 'connectPairingInput(allowPreview:pairedMacDeviceID:instanceTag:)' is unused [#no-usage]
 34 |         store.pairingCode = currentQRCode()
 35 | 
 36 |         await store.connectPairingInput()
    |                     `- warning: result of call to 'connectPairingInput(allowPreview:pairedMacDeviceID:instanceTag:)' is unused [#no-usage]
 37 | 
 38 |         #expect(store.connectionState == MobileConnectionState.connected)

/private/tmp/cmux-verify-20260908170330-19681-7317/source-1198ba65bf/Packages/iOS/CmuxMobileShell/Tests/CmuxMobileShellTests/TailscalePairingRegressionTests.swift:118:21: warning: result of call to 'connectPairingInput(allowPreview:pairedMacDeviceID:instanceTag:)' is unused [#no-usage]
116 |         store.pairingCode = try attachURL(for: ticket)
117 | 
118 |         await store.connectPairingInput()
    |                     `- warning: result of call to 'connectPairingInput(allowPreview:pairedMacDeviceID:instanceTag:)' is unused [#no-usage]
119 | 
120 |         #expect(store.connectionState == MobileConnectionState.connected)

/private/tmp/cmux-verify-20260908170330-19681-7317/source-1198ba65bf/Packages/iOS/CmuxMobileShell/Tests/CmuxMobileShellTests/TailscalePairingRegressionTests.swift:230:21: warning: result of call to 'connectPairingInput(allowPreview:pairedMacDeviceID:instanceTag:)' is unused [#no-usage]
228 |         store.pairingCode = currentQRCode()
229 | 
230 |         await store.connectPairingInput()
    |                     `- warning: result of call to 'connectPairingInput(allowPreview:pairedMacDeviceID:instanceTag:)' is unused [#no-usage]
231 | 
232 |         let saved = try #require(await pairedMacStore.activeMac(stackUserID: "phone-user"))
[996/1059] Compiling CmuxMobileShellTests SlowIgnoringCancellationTransportFactory.swift
/private/tmp/cmux-verify-20260908170330-19681-7317/source-1198ba65bf/Packages/iOS/CmuxMobileShell/Tests/CmuxMobileShellTests/ReconnectRouteSelectionTests.swift:798:33: warning: no 'async' operations occur within 'await' expression
 796 |         // The box tracks the most recent transport, so capture the original
 797 |         // live session before the method change replaces it.
 798 |         let originalTransport = await liveTransportBox.get()
     |                                 `- warning: no 'async' operations occur within 'await' expression
 799 | 
 800 |         await store.setConnectionMethod(

/private/tmp/cmux-verify-20260908170330-19681-7317/source-1198ba65bf/Packages/iOS/CmuxMobileShell/Tests/CmuxMobileShellTests/ReconnectRouteSelectionTests.swift:878:33: warning: no 'async' operations occur within 'await' expression
 876 |         #expect(await store.reconnectActiveMacIfAvailable(stackUserID: "user-1"))
 877 |         #expect(store.activeRoute?.kind == .iroh)
 878 |         let originalTransport = await liveTransportBox.get()
     |                                 `- warning: no 'async' operations occur within 'await' expression
 879 | 
 880 |         await store.setConnectionMethod(

/private/tmp/cmux-verify-20260908170330-19681-7317/source-1198ba65bf/Packages/iOS/CmuxMobileShell/Tests/CmuxMobileShellTests/TailscalePairingRegressionTests.swift:36:21: warning: result of call to 'connectPairingInput(allowPreview:pairedMacDeviceID:instanceTag:)' is unused [#no-usage]
 34 |         store.pairingCode = currentQRCode()
 35 | 
 36 |         await store.connectPairingInput()
    |                     `- warning: result of call to 'connectPairingInput(allowPreview:pairedMacDeviceID:instanceTag:)' is unused [#no-usage]
 37 | 
 38 |         #expect(store.connectionState == MobileConnectionState.connected)

/private/tmp/cmux-verify-20260908170330-19681-7317/source-1198ba65bf/Packages/iOS/CmuxMobileShell/Tests/CmuxMobileShellTests/TailscalePairingRegressionTests.swift:118:21: warning: result of call to 'connectPairingInput(allowPreview:pairedMacDeviceID:instanceTag:)' is unused [#no-usage]
116 |         store.pairingCode = try attachURL(for: ticket)
117 | 
118 |         await store.connectPairingInput()
    |                     `- warning: result of call to 'connectPairingInput(allowPreview:pairedMacDeviceID:instanceTag:)' is unused [#no-usage]
119 | 
120 |         #expect(store.connectionState == MobileConnectionState.connected)

/private/tmp/cmux-verify-20260908170330-19681-7317/source-1198ba65bf/Packages/iOS/CmuxMobileShell/Tests/CmuxMobileShellTests/TailscalePairingRegressionTests.swift:230:21: warning: result of call to 'connectPairingInput(allowPreview:pairedMacDeviceID:instanceTag:)' is unused [#no-usage]
228 |         store.pairingCode = currentQRCode()
229 | 
230 |         await store.connectPairingInput()
    |                     `- warning: result of call to 'connectPairingInput(allowPreview:pairedMacDeviceID:instanceTag:)' is unused [#no-usage]
231 | 
232 |         let saved = try #require(await pairedMacStore.activeMac(stackUserID: "phone-user"))
[997/1059] Compiling CmuxMobileShellTests StaticIdentityProvider.swift
/private/tmp/cmux-verify-20260908170330-19681-7317/source-1198ba65bf/Packages/iOS/CmuxMobileShell/Tests/CmuxMobileShellTests/ReconnectRouteSelectionTests.swift:798:33: warning: no 'async' operations occur within 'await' expression
 796 |         // The box tracks the most recent transport, so capture the original
 797 |         // live session before the method change replaces it.
 798 |         let originalTransport = await liveTransportBox.get()
     |                                 `- warning: no 'async' operations occur within 'await' expression
 799 | 
 800 |         await store.setConnectionMethod(

/private/tmp/cmux-verify-20260908170330-19681-7317/source-1198ba65bf/Packages/iOS/CmuxMobileShell/Tests/CmuxMobileShellTests/ReconnectRouteSelectionTests.swift:878:33: warning: no 'async' operations occur within 'await' expression
 876 |         #expect(await store.reconnectActiveMacIfAvailable(stackUserID: "user-1"))
 877 |         #expect(store.activeRoute?.kind == .iroh)
 878 |         let originalTransport = await liveTransportBox.get()
     |                                 `- warning: no 'async' operations occur within 'await' expression
 879 | 
 880 |         await store.setConnectionMethod(

/private/tmp/cmux-verify-20260908170330-19681-7317/source-1198ba65bf/Packages/iOS/CmuxMobileShell/Tests/CmuxMobileShellTests/TailscalePairingRegressionTests.swift:36:21: warning: result of call to 'connectPairingInput(allowPreview:pairedMacDeviceID:instanceTag:)' is unused [#no-usage]
 34 |         store.pairingCode = currentQRCode()
 35 | 
 36 |         await store.connectPairingInput()
    |                     `- warning: result of call to 'connectPairingInput(allowPreview:pairedMacDeviceID:instanceTag:)' is unused [#no-usage]
 37 | 
 38 |         #expect(store.connectionState == MobileConnectionState.connected)

/private/tmp/cmux-verify-20260908170330-19681-7317/source-1198ba65bf/Packages/iOS/CmuxMobileShell/Tests/CmuxMobileShellTests/TailscalePairingRegressionTests.swift:118:21: warning: result of call to 'connectPairingInput(allowPreview:pairedMacDeviceID:instanceTag:)' is unused [#no-usage]
116 |         store.pairingCode = try attachURL(for: ticket)
117 | 
118 |         await store.connectPairingInput()
    |                     `- warning: result of call to 'connectPairingInput(allowPreview:pairedMacDeviceID:instanceTag:)' is unused [#no-usage]
119 | 
120 |         #expect(store.connectionState == MobileConnectionState.connected)

/private/tmp/cmux-verify-20260908170330-19681-7317/source-1198ba65bf/Packages/iOS/CmuxMobileShell/Tests/CmuxMobileShellTests/TailscalePairingRegressionTests.swift:230:21: warning: result of call to 'connectPairingInput(allowPreview:pairedMacDeviceID:instanceTag:)' is unused [#no-usage]
228 |         store.pairingCode = currentQRCode()
229 | 
230 |         await store.connectPairingInput()
    |                     `- warning: result of call to 'connectPairingInput(allowPreview:pairedMacDeviceID:instanceTag:)' is unused [#no-usage]
231 | 
232 |         let saved = try #require(await pairedMacStore.activeMac(stackUserID: "phone-user"))
[998/1059] Compiling CmuxMobileShellTests TaggedBuildPresenceRouteIsolationTests.swift
/private/tmp/cmux-verify-20260908170330-19681-7317/source-1198ba65bf/Packages/iOS/CmuxMobileShell/Tests/CmuxMobileShellTests/ReconnectRouteSelectionTests.swift:798:33: warning: no 'async' operations occur within 'await' expression
 796 |         // The box tracks the most recent transport, so capture the original
 797 |         // live session before the method change replaces it.
 798 |         let originalTransport = await liveTransportBox.get()
     |                                 `- warning: no 'async' operations occur within 'await' expression
 799 | 
 800 |         await store.setConnectionMethod(

/private/tmp/cmux-verify-20260908170330-19681-7317/source-1198ba65bf/Packages/iOS/CmuxMobileShell/Tests/CmuxMobileShellTests/ReconnectRouteSelectionTests.swift:878:33: warning: no 'async' operations occur within 'await' expression
 876 |         #expect(await store.reconnectActiveMacIfAvailable(stackUserID: "user-1"))
 877 |         #expect(store.activeRoute?.kind == .iroh)
 878 |         let originalTransport = await liveTransportBox.get()
     |                                 `- warning: no 'async' operations occur within 'await' expression
 879 | 
 880 |         await store.setConnectionMethod(

/private/tmp/cmux-verify-20260908170330-19681-7317/source-1198ba65bf/Packages/iOS/CmuxMobileShell/Tests/CmuxMobileShellTests/TailscalePairingRegressionTests.swift:36:21: warning: result of call to 'connectPairingInput(allowPreview:pairedMacDeviceID:instanceTag:)' is unused [#no-usage]
 34 |         store.pairingCode = currentQRCode()
 35 | 
 36 |         await store.connectPairingInput()
    |                     `- warning: result of call to 'connectPairingInput(allowPreview:pairedMacDeviceID:instanceTag:)' is unused [#no-usage]
 37 | 
 38 |         #expect(store.connectionState == MobileConnectionState.connected)

/private/tmp/cmux-verify-20260908170330-19681-7317/source-1198ba65bf/Packages/iOS/CmuxMobileShell/Tests/CmuxMobileShellTests/TailscalePairingRegressionTests.swift:118:21: warning: result of call to 'connectPairingInput(allowPreview:pairedMacDeviceID:instanceTag:)' is unused [#no-usage]
116 |         store.pairingCode = try attachURL(for: ticket)
117 | 
118 |         await store.connectPairingInput()
    |                     `- warning: result of call to 'connectPairingInput(allowPreview:pairedMacDeviceID:instanceTag:)' is unused [#no-usage]
119 | 
120 |         #expect(store.connectionState == MobileConnectionState.connected)

/private/tmp/cmux-verify-20260908170330-19681-7317/source-1198ba65bf/Packages/iOS/CmuxMobileShell/Tests/CmuxMobileShellTests/TailscalePairingRegressionTests.swift:230:21: warning: result of call to 'connectPairingInput(allowPreview:pairedMacDeviceID:instanceTag:)' is unused [#no-usage]
228 |         store.pairingCode = currentQRCode()
229 | 
230 |         await store.connectPairingInput()
    |                     `- warning: result of call to 'connectPairingInput(allowPreview:pairedMacDeviceID:instanceTag:)' is unused [#no-usage]
231 | 
232 |         let saved = try #require(await pairedMacStore.activeMac(stackUserID: "phone-user"))
[999/1059] Compiling CmuxMobileShellTests TaggedBuildRegistryRouteIsolationTests.swift
/private/tmp/cmux-verify-20260908170330-19681-7317/source-1198ba65bf/Packages/iOS/CmuxMobileShell/Tests/CmuxMobileShellTests/ReconnectRouteSelectionTests.swift:798:33: warning: no 'async' operations occur within 'await' expression
 796 |         // The box tracks the most recent transport, so capture the original
 797 |         // live session before the method change replaces it.
 798 |         let originalTransport = await liveTransportBox.get()
     |                                 `- warning: no 'async' operations occur within 'await' expression
 799 | 
 800 |         await store.setConnectionMethod(

/private/tmp/cmux-verify-20260908170330-19681-7317/source-1198ba65bf/Packages/iOS/CmuxMobileShell/Tests/CmuxMobileShellTests/ReconnectRouteSelectionTests.swift:878:33: warning: no 'async' operations occur within 'await' expression
 876 |         #expect(await store.reconnectActiveMacIfAvailable(stackUserID: "user-1"))
 877 |         #expect(store.activeRoute?.kind == .iroh)
 878 |         let originalTransport = await liveTransportBox.get()
     |                                 `- warning: no 'async' operations occur within 'await' expression
 879 | 
 880 |         await store.setConnectionMethod(

/private/tmp/cmux-verify-20260908170330-19681-7317/source-1198ba65bf/Packages/iOS/CmuxMobileShell/Tests/CmuxMobileShellTests/TailscalePairingRegressionTests.swift:36:21: warning: result of call to 'connectPairingInput(allowPreview:pairedMacDeviceID:instanceTag:)' is unused [#no-usage]
 34 |         store.pairingCode = currentQRCode()
 35 | 
 36 |         await store.connectPairingInput()
    |                     `- warning: result of call to 'connectPairingInput(allowPreview:pairedMacDeviceID:instanceTag:)' is unused [#no-usage]
 37 | 
 38 |         #expect(store.connectionState == MobileConnectionState.connected)

/private/tmp/cmux-verify-20260908170330-19681-7317/source-1198ba65bf/Packages/iOS/CmuxMobileShell/Tests/CmuxMobileShellTests/TailscalePairingRegressionTests.swift:118:21: warning: result of call to 'connectPairingInput(allowPreview:pairedMacDeviceID:instanceTag:)' is unused [#no-usage]
116 |         store.pairingCode = try attachURL(for: ticket)
117 | 
118 |         await store.connectPairingInput()
    |                     `- warning: result of call to 'connectPairingInput(allowPreview:pairedMacDeviceID:instanceTag:)' is unused [#no-usage]
119 | 
120 |         #expect(store.connectionState == MobileConnectionState.connected)

/private/tmp/cmux-verify-20260908170330-19681-7317/source-1198ba65bf/Packages/iOS/CmuxMobileShell/Tests/CmuxMobileShellTests/TailscalePairingRegressionTests.swift:230:21: warning: result of call to 'connectPairingInput(allowPreview:pairedMacDeviceID:instanceTag:)' is unused [#no-usage]
228 |         store.pairingCode = currentQRCode()
229 | 
230 |         await store.connectPairingInput()
    |                     `- warning: result of call to 'connectPairingInput(allowPreview:pairedMacDeviceID:instanceTag:)' is unused [#no-usage]
231 | 
232 |         let saved = try #require(await pairedMacStore.activeMac(stackUserID: "phone-user"))
[1000/1059] Compiling CmuxMobileShellTests TailscalePairingRegressionTests.swift
/private/tmp/cmux-verify-20260908170330-19681-7317/source-1198ba65bf/Packages/iOS/CmuxMobileShell/Tests/CmuxMobileShellTests/ReconnectRouteSelectionTests.swift:798:33: warning: no 'async' operations occur within 'await' expression
 796 |         // The box tracks the most recent transport, so capture the original
 797 |         // live session before the method change replaces it.
 798 |         let originalTransport = await liveTransportBox.get()
     |                                 `- warning: no 'async' operations occur within 'await' expression
 799 | 
 800 |         await store.setConnectionMethod(

/private/tmp/cmux-verify-20260908170330-19681-7317/source-1198ba65bf/Packages/iOS/CmuxMobileShell/Tests/CmuxMobileShellTests/ReconnectRouteSelectionTests.swift:878:33: warning: no 'async' operations occur within 'await' expression
 876 |         #expect(await store.reconnectActiveMacIfAvailable(stackUserID: "user-1"))
 877 |         #expect(store.activeRoute?.kind == .iroh)
 878 |         let originalTransport = await liveTransportBox.get()
     |                                 `- warning: no 'async' operations occur within 'await' expression
 879 | 
 880 |         await store.setConnectionMethod(

/private/tmp/cmux-verify-20260908170330-19681-7317/source-1198ba65bf/Packages/iOS/CmuxMobileShell/Tests/CmuxMobileShellTests/TailscalePairingRegressionTests.swift:36:21: warning: result of call to 'connectPairingInput(allowPreview:pairedMacDeviceID:instanceTag:)' is unused [#no-usage]
 34 |         store.pairingCode = currentQRCode()
 35 | 
 36 |         await store.connectPairingInput()
    |                     `- warning: result of call to 'connectPairingInput(allowPreview:pairedMacDeviceID:instanceTag:)' is unused [#no-usage]
 37 | 
 38 |         #expect(store.connectionState == MobileConnectionState.connected)

/private/tmp/cmux-verify-20260908170330-19681-7317/source-1198ba65bf/Packages/iOS/CmuxMobileShell/Tests/CmuxMobileShellTests/TailscalePairingRegressionTests.swift:118:21: warning: result of call to 'connectPairingInput(allowPreview:pairedMacDeviceID:instanceTag:)' is unused [#no-usage]
116 |         store.pairingCode = try attachURL(for: ticket)
117 | 
118 |         await store.connectPairingInput()
    |                     `- warning: result of call to 'connectPairingInput(allowPreview:pairedMacDeviceID:instanceTag:)' is unused [#no-usage]
119 | 
120 |         #expect(store.connectionState == MobileConnectionState.connected)

/private/tmp/cmux-verify-20260908170330-19681-7317/source-1198ba65bf/Packages/iOS/CmuxMobileShell/Tests/CmuxMobileShellTests/TailscalePairingRegressionTests.swift:230:21: warning: result of call to 'connectPairingInput(allowPreview:pairedMacDeviceID:instanceTag:)' is unused [#no-usage]
228 |         store.pairingCode = currentQRCode()
229 | 
230 |         await store.connectPairingInput()
    |                     `- warning: result of call to 'connectPairingInput(allowPreview:pairedMacDeviceID:instanceTag:)' is unused [#no-usage]
231 | 
232 |         let saved = try #require(await pairedMacStore.activeMac(stackUserID: "phone-user"))
[1001/1059] Compiling CmuxMobileShellTests TeamScopedPairedMacStoreTests.swift
/private/tmp/cmux-verify-20260908170330-19681-7317/source-1198ba65bf/Packages/iOS/CmuxMobileShell/Tests/CmuxMobileShellTests/ReconnectRouteSelectionTests.swift:798:33: warning: no 'async' operations occur within 'await' expression
 796 |         // The box tracks the most recent transport, so capture the original
 797 |         // live session before the method change replaces it.
 798 |         let originalTransport = await liveTransportBox.get()
     |                                 `- warning: no 'async' operations occur within 'await' expression
 799 | 
 800 |         await store.setConnectionMethod(

/private/tmp/cmux-verify-20260908170330-19681-7317/source-1198ba65bf/Packages/iOS/CmuxMobileShell/Tests/CmuxMobileShellTests/ReconnectRouteSelectionTests.swift:878:33: warning: no 'async' operations occur within 'await' expression
 876 |         #expect(await store.reconnectActiveMacIfAvailable(stackUserID: "user-1"))
 877 |         #expect(store.activeRoute?.kind == .iroh)
 878 |         let originalTransport = await liveTransportBox.get()
     |                                 `- warning: no 'async' operations occur within 'await' expression
 879 | 
 880 |         await store.setConnectionMethod(

/private/tmp/cmux-verify-20260908170330-19681-7317/source-1198ba65bf/Packages/iOS/CmuxMobileShell/Tests/CmuxMobileShellTests/TailscalePairingRegressionTests.swift:36:21: warning: result of call to 'connectPairingInput(allowPreview:pairedMacDeviceID:instanceTag:)' is unused [#no-usage]
 34 |         store.pairingCode = currentQRCode()
 35 | 
 36 |         await store.connectPairingInput()
    |                     `- warning: result of call to 'connectPairingInput(allowPreview:pairedMacDeviceID:instanceTag:)' is unused [#no-usage]
 37 | 
 38 |         #expect(store.connectionState == MobileConnectionState.connected)

/private/tmp/cmux-verify-20260908170330-19681-7317/source-1198ba65bf/Packages/iOS/CmuxMobileShell/Tests/CmuxMobileShellTests/TailscalePairingRegressionTests.swift:118:21: warning: result of call to 'connectPairingInput(allowPreview:pairedMacDeviceID:instanceTag:)' is unused [#no-usage]
116 |         store.pairingCode = try attachURL(for: ticket)
117 | 
118 |         await store.connectPairingInput()
    |                     `- warning: result of call to 'connectPairingInput(allowPreview:pairedMacDeviceID:instanceTag:)' is unused [#no-usage]
119 | 
120 |         #expect(store.connectionState == MobileConnectionState.connected)

/private/tmp/cmux-verify-20260908170330-19681-7317/source-1198ba65bf/Packages/iOS/CmuxMobileShell/Tests/CmuxMobileShellTests/TailscalePairingRegressionTests.swift:230:21: warning: result of call to 'connectPairingInput(allowPreview:pairedMacDeviceID:instanceTag:)' is unused [#no-usage]
228 |         store.pairingCode = currentQRCode()
229 | 
230 |         await store.connectPairingInput()
    |                     `- warning: result of call to 'connectPairingInput(allowPreview:pairedMacDeviceID:instanceTag:)' is unused [#no-usage]
231 | 
232 |         let saved = try #require(await pairedMacStore.activeMac(stackUserID: "phone-user"))
[1002/1059] Compiling CmuxMobileShellTests TerminalAuthoritativeResyncTests.swift
/private/tmp/cmux-verify-20260908170330-19681-7317/source-1198ba65bf/Packages/iOS/CmuxMobileShell/Tests/CmuxMobileShellTests/ReconnectRouteSelectionTests.swift:798:33: warning: no 'async' operations occur within 'await' expression
 796 |         // The box tracks the most recent transport, so capture the original
 797 |         // live session before the method change replaces it.
 798 |         let originalTransport = await liveTransportBox.get()
     |                                 `- warning: no 'async' operations occur within 'await' expression
 799 | 
 800 |         await store.setConnectionMethod(

/private/tmp/cmux-verify-20260908170330-19681-7317/source-1198ba65bf/Packages/iOS/CmuxMobileShell/Tests/CmuxMobileShellTests/ReconnectRouteSelectionTests.swift:878:33: warning: no 'async' operations occur within 'await' expression
 876 |         #expect(await store.reconnectActiveMacIfAvailable(stackUserID: "user-1"))
 877 |         #expect(store.activeRoute?.kind == .iroh)
 878 |         let originalTransport = await liveTransportBox.get()
     |                                 `- warning: no 'async' operations occur within 'await' expression
 879 | 
 880 |         await store.setConnectionMethod(

/private/tmp/cmux-verify-20260908170330-19681-7317/source-1198ba65bf/Packages/iOS/CmuxMobileShell/Tests/CmuxMobileShellTests/TailscalePairingRegressionTests.swift:36:21: warning: result of call to 'connectPairingInput(allowPreview:pairedMacDeviceID:instanceTag:)' is unused [#no-usage]
 34 |         store.pairingCode = currentQRCode()
 35 | 
 36 |         await store.connectPairingInput()
    |                     `- warning: result of call to 'connectPairingInput(allowPreview:pairedMacDeviceID:instanceTag:)' is unused [#no-usage]
 37 | 
 38 |         #expect(store.connectionState == MobileConnectionState.connected)

/private/tmp/cmux-verify-20260908170330-19681-7317/source-1198ba65bf/Packages/iOS/CmuxMobileShell/Tests/CmuxMobileShellTests/TailscalePairingRegressionTests.swift:118:21: warning: result of call to 'connectPairingInput(allowPreview:pairedMacDeviceID:instanceTag:)' is unused [#no-usage]
116 |         store.pairingCode = try attachURL(for: ticket)
117 | 
118 |         await store.connectPairingInput()
    |                     `- warning: result of call to 'connectPairingInput(allowPreview:pairedMacDeviceID:instanceTag:)' is unused [#no-usage]
119 | 
120 |         #expect(store.connectionState == MobileConnectionState.connected)

/private/tmp/cmux-verify-20260908170330-19681-7317/source-1198ba65bf/Packages/iOS/CmuxMobileShell/Tests/CmuxMobileShellTests/TailscalePairingRegressionTests.swift:230:21: warning: result of call to 'connectPairingInput(allowPreview:pairedMacDeviceID:instanceTag:)' is unused [#no-usage]
228 |         store.pairingCode = currentQRCode()
229 | 
230 |         await store.connectPairingInput()
    |                     `- warning: result of call to 'connectPairingInput(allowPreview:pairedMacDeviceID:instanceTag:)' is unused [#no-usage]
231 | 
232 |         let saved = try #require(await pairedMacStore.activeMac(stackUserID: "phone-user"))
[1003/1059] Compiling CmuxMobileShellTests TerminalByteGapRebaseTests.swift
/private/tmp/cmux-verify-20260908170330-19681-7317/source-1198ba65bf/Packages/iOS/CmuxMobileShell/Tests/CmuxMobileShellTests/ReconnectRouteSelectionTests.swift:798:33: warning: no 'async' operations occur within 'await' expression
 796 |         // The box tracks the most recent transport, so capture the original
 797 |         // live session before the method change replaces it.
 798 |         let originalTransport = await liveTransportBox.get()
     |                                 `- warning: no 'async' operations occur within 'await' expression
 799 | 
 800 |         await store.setConnectionMethod(

/private/tmp/cmux-verify-20260908170330-19681-7317/source-1198ba65bf/Packages/iOS/CmuxMobileShell/Tests/CmuxMobileShellTests/ReconnectRouteSelectionTests.swift:878:33: warning: no 'async' operations occur within 'await' expression
 876 |         #expect(await store.reconnectActiveMacIfAvailable(stackUserID: "user-1"))
 877 |         #expect(store.activeRoute?.kind == .iroh)
 878 |         let originalTransport = await liveTransportBox.get()
     |                                 `- warning: no 'async' operations occur within 'await' expression
 879 | 
 880 |         await store.setConnectionMethod(

/private/tmp/cmux-verify-20260908170330-19681-7317/source-1198ba65bf/Packages/iOS/CmuxMobileShell/Tests/CmuxMobileShellTests/TailscalePairingRegressionTests.swift:36:21: warning: result of call to 'connectPairingInput(allowPreview:pairedMacDeviceID:instanceTag:)' is unused [#no-usage]
 34 |         store.pairingCode = currentQRCode()
 35 | 
 36 |         await store.connectPairingInput()
    |                     `- warning: result of call to 'connectPairingInput(allowPreview:pairedMacDeviceID:instanceTag:)' is unused [#no-usage]
 37 | 
 38 |         #expect(store.connectionState == MobileConnectionState.connected)

/private/tmp/cmux-verify-20260908170330-19681-7317/source-1198ba65bf/Packages/iOS/CmuxMobileShell/Tests/CmuxMobileShellTests/TailscalePairingRegressionTests.swift:118:21: warning: result of call to 'connectPairingInput(allowPreview:pairedMacDeviceID:instanceTag:)' is unused [#no-usage]
116 |         store.pairingCode = try attachURL(for: ticket)
117 | 
118 |         await store.connectPairingInput()
    |                     `- warning: result of call to 'connectPairingInput(allowPreview:pairedMacDeviceID:instanceTag:)' is unused [#no-usage]
119 | 
120 |         #expect(store.connectionState == MobileConnectionState.connected)

/private/tmp/cmux-verify-20260908170330-19681-7317/source-1198ba65bf/Packages/iOS/CmuxMobileShell/Tests/CmuxMobileShellTests/TailscalePairingRegressionTests.swift:230:21: warning: result of call to 'connectPairingInput(allowPreview:pairedMacDeviceID:instanceTag:)' is unused [#no-usage]
228 |         store.pairingCode = currentQRCode()
229 | 
230 |         await store.connectPairingInput()
    |                     `- warning: result of call to 'connectPairingInput(allowPreview:pairedMacDeviceID:instanceTag:)' is unused [#no-usage]
231 | 
232 |         let saved = try #require(await pairedMacStore.activeMac(stackUserID: "phone-user"))
[1004/1059] Compiling CmuxMobileShellTests TerminalColdAttachReplayBarrierTests.swift
/private/tmp/cmux-verify-20260908170330-19681-7317/source-1198ba65bf/Packages/iOS/CmuxMobileShell/Tests/CmuxMobileShellTests/ReconnectRouteSelectionTests.swift:798:33: warning: no 'async' operations occur within 'await' expression
 796 |         // The box tracks the most recent transport, so capture the original
 797 |         // live session before the method change replaces it.
 798 |         let originalTransport = await liveTransportBox.get()
     |                                 `- warning: no 'async' operations occur within 'await' expression
 799 | 
 800 |         await store.setConnectionMethod(

/private/tmp/cmux-verify-20260908170330-19681-7317/source-1198ba65bf/Packages/iOS/CmuxMobileShell/Tests/CmuxMobileShellTests/ReconnectRouteSelectionTests.swift:878:33: warning: no 'async' operations occur within 'await' expression
 876 |         #expect(await store.reconnectActiveMacIfAvailable(stackUserID: "user-1"))
 877 |         #expect(store.activeRoute?.kind == .iroh)
 878 |         let originalTransport = await liveTransportBox.get()
     |                                 `- warning: no 'async' operations occur within 'await' expression
 879 | 
 880 |         await store.setConnectionMethod(

/private/tmp/cmux-verify-20260908170330-19681-7317/source-1198ba65bf/Packages/iOS/CmuxMobileShell/Tests/CmuxMobileShellTests/TailscalePairingRegressionTests.swift:36:21: warning: result of call to 'connectPairingInput(allowPreview:pairedMacDeviceID:instanceTag:)' is unused [#no-usage]
 34 |         store.pairingCode = currentQRCode()
 35 | 
 36 |         await store.connectPairingInput()
    |                     `- warning: result of call to 'connectPairingInput(allowPreview:pairedMacDeviceID:instanceTag:)' is unused [#no-usage]
 37 | 
 38 |         #expect(store.connectionState == MobileConnectionState.connected)

/private/tmp/cmux-verify-20260908170330-19681-7317/source-1198ba65bf/Packages/iOS/CmuxMobileShell/Tests/CmuxMobileShellTests/TailscalePairingRegressionTests.swift:118:21: warning: result of call to 'connectPairingInput(allowPreview:pairedMacDeviceID:instanceTag:)' is unused [#no-usage]
116 |         store.pairingCode = try attachURL(for: ticket)
117 | 
118 |         await store.connectPairingInput()
    |                     `- warning: result of call to 'connectPairingInput(allowPreview:pairedMacDeviceID:instanceTag:)' is unused [#no-usage]
119 | 
120 |         #expect(store.connectionState == MobileConnectionState.connected)

/private/tmp/cmux-verify-20260908170330-19681-7317/source-1198ba65bf/Packages/iOS/CmuxMobileShell/Tests/CmuxMobileShellTests/TailscalePairingRegressionTests.swift:230:21: warning: result of call to 'connectPairingInput(allowPreview:pairedMacDeviceID:instanceTag:)' is unused [#no-usage]
228 |         store.pairingCode = currentQRCode()
229 | 
230 |         await store.connectPairingInput()
    |                     `- warning: result of call to 'connectPairingInput(allowPreview:pairedMacDeviceID:instanceTag:)' is unused [#no-usage]
231 | 
232 |         let saved = try #require(await pairedMacStore.activeMac(stackUserID: "phone-user"))
[1005/1059] Compiling CmuxMobileShellTests TerminalConfigThemeMismatchResetPolicyTests.swift
/private/tmp/cmux-verify-20260908170330-19681-7317/source-1198ba65bf/Packages/iOS/CmuxMobileShell/Tests/CmuxMobileShellTests/ReconnectRouteSelectionTests.swift:798:33: warning: no 'async' operations occur within 'await' expression
 796 |         // The box tracks the most recent transport, so capture the original
 797 |         // live session before the method change replaces it.
 798 |         let originalTransport = await liveTransportBox.get()
     |                                 `- warning: no 'async' operations occur within 'await' expression
 799 | 
 800 |         await store.setConnectionMethod(

/private/tmp/cmux-verify-20260908170330-19681-7317/source-1198ba65bf/Packages/iOS/CmuxMobileShell/Tests/CmuxMobileShellTests/ReconnectRouteSelectionTests.swift:878:33: warning: no 'async' operations occur within 'await' expression
 876 |         #expect(await store.reconnectActiveMacIfAvailable(stackUserID: "user-1"))
 877 |         #expect(store.activeRoute?.kind == .iroh)
 878 |         let originalTransport = await liveTransportBox.get()
     |                                 `- warning: no 'async' operations occur within 'await' expression
 879 | 
 880 |         await store.setConnectionMethod(

/private/tmp/cmux-verify-20260908170330-19681-7317/source-1198ba65bf/Packages/iOS/CmuxMobileShell/Tests/CmuxMobileShellTests/TailscalePairingRegressionTests.swift:36:21: warning: result of call to 'connectPairingInput(allowPreview:pairedMacDeviceID:instanceTag:)' is unused [#no-usage]
 34 |         store.pairingCode = currentQRCode()
 35 | 
 36 |         await store.connectPairingInput()
    |                     `- warning: result of call to 'connectPairingInput(allowPreview:pairedMacDeviceID:instanceTag:)' is unused [#no-usage]
 37 | 
 38 |         #expect(store.connectionState == MobileConnectionState.connected)

/private/tmp/cmux-verify-20260908170330-19681-7317/source-1198ba65bf/Packages/iOS/CmuxMobileShell/Tests/CmuxMobileShellTests/TailscalePairingRegressionTests.swift:118:21: warning: result of call to 'connectPairingInput(allowPreview:pairedMacDeviceID:instanceTag:)' is unused [#no-usage]
116 |         store.pairingCode = try attachURL(for: ticket)
117 | 
118 |         await store.connectPairingInput()
    |                     `- warning: result of call to 'connectPairingInput(allowPreview:pairedMacDeviceID:instanceTag:)' is unused [#no-usage]
119 | 
120 |         #expect(store.connectionState == MobileConnectionState.connected)

/private/tmp/cmux-verify-20260908170330-19681-7317/source-1198ba65bf/Packages/iOS/CmuxMobileShell/Tests/CmuxMobileShellTests/TailscalePairingRegressionTests.swift:230:21: warning: result of call to 'connectPairingInput(allowPreview:pairedMacDeviceID:instanceTag:)' is unused [#no-usage]
228 |         store.pairingCode = currentQRCode()
229 | 
230 |         await store.connectPairingInput()
    |                     `- warning: result of call to 'connectPairingInput(allowPreview:pairedMacDeviceID:instanceTag:)' is unused [#no-usage]
231 | 
232 |         let saved = try #require(await pairedMacStore.activeMac(stackUserID: "phone-user"))
[1006/1059] Compiling CmuxMobileShellTests TerminalLaneReplayBarrierTests.swift
/private/tmp/cmux-verify-20260908170330-19681-7317/source-1198ba65bf/Packages/iOS/CmuxMobileShell/Tests/CmuxMobileShellTests/ReconnectRouteSelectionTests.swift:798:33: warning: no 'async' operations occur within 'await' expression
 796 |         // The box tracks the most recent transport, so capture the original
 797 |         // live session before the method change replaces it.
 798 |         let originalTransport = await liveTransportBox.get()
     |                                 `- warning: no 'async' operations occur within 'await' expression
 799 | 
 800 |         await store.setConnectionMethod(

/private/tmp/cmux-verify-20260908170330-19681-7317/source-1198ba65bf/Packages/iOS/CmuxMobileShell/Tests/CmuxMobileShellTests/ReconnectRouteSelectionTests.swift:878:33: warning: no 'async' operations occur within 'await' expression
 876 |         #expect(await store.reconnectActiveMacIfAvailable(stackUserID: "user-1"))
 877 |         #expect(store.activeRoute?.kind == .iroh)
 878 |         let originalTransport = await liveTransportBox.get()
     |                                 `- warning: no 'async' operations occur within 'await' expression
 879 | 
 880 |         await store.setConnectionMethod(

/private/tmp/cmux-verify-20260908170330-19681-7317/source-1198ba65bf/Packages/iOS/CmuxMobileShell/Tests/CmuxMobileShellTests/TailscalePairingRegressionTests.swift:36:21: warning: result of call to 'connectPairingInput(allowPreview:pairedMacDeviceID:instanceTag:)' is unused [#no-usage]
 34 |         store.pairingCode = currentQRCode()
 35 | 
 36 |         await store.connectPairingInput()
    |                     `- warning: result of call to 'connectPairingInput(allowPreview:pairedMacDeviceID:instanceTag:)' is unused [#no-usage]
 37 | 
 38 |         #expect(store.connectionState == MobileConnectionState.connected)

/private/tmp/cmux-verify-20260908170330-19681-7317/source-1198ba65bf/Packages/iOS/CmuxMobileShell/Tests/CmuxMobileShellTests/TailscalePairingRegressionTests.swift:118:21: warning: result of call to 'connectPairingInput(allowPreview:pairedMacDeviceID:instanceTag:)' is unused [#no-usage]
116 |         store.pairingCode = try attachURL(for: ticket)
117 | 
118 |         await store.connectPairingInput()
    |                     `- warning: result of call to 'connectPairingInput(allowPreview:pairedMacDeviceID:instanceTag:)' is unused [#no-usage]
119 | 
120 |         #expect(store.connectionState == MobileConnectionState.connected)

/private/tmp/cmux-verify-20260908170330-19681-7317/source-1198ba65bf/Packages/iOS/CmuxMobileShell/Tests/CmuxMobileShellTests/TailscalePairingRegressionTests.swift:230:21: warning: result of call to 'connectPairingInput(allowPreview:pairedMacDeviceID:instanceTag:)' is unused [#no-usage]
228 |         store.pairingCode = currentQRCode()
229 | 
230 |         await store.connectPairingInput()
    |                     `- warning: result of call to 'connectPairingInput(allowPreview:pairedMacDeviceID:instanceTag:)' is unused [#no-usage]
231 | 
232 |         let saved = try #require(await pairedMacStore.activeMac(stackUserID: "phone-user"))
[1007/1059] Compiling CmuxMobileShellTests TerminalMissingBaselineReplayBudgetTests.swift
/private/tmp/cmux-verify-20260908170330-19681-7317/source-1198ba65bf/Packages/iOS/CmuxMobileShell/Tests/CmuxMobileShellTests/ReconnectRouteSelectionTests.swift:798:33: warning: no 'async' operations occur within 'await' expression
 796 |         // The box tracks the most recent transport, so capture the original
 797 |         // live session before the method change replaces it.
 798 |         let originalTransport = await liveTransportBox.get()
     |                                 `- warning: no 'async' operations occur within 'await' expression
 799 | 
 800 |         await store.setConnectionMethod(

/private/tmp/cmux-verify-20260908170330-19681-7317/source-1198ba65bf/Packages/iOS/CmuxMobileShell/Tests/CmuxMobileShellTests/ReconnectRouteSelectionTests.swift:878:33: warning: no 'async' operations occur within 'await' expression
 876 |         #expect(await store.reconnectActiveMacIfAvailable(stackUserID: "user-1"))
 877 |         #expect(store.activeRoute?.kind == .iroh)
 878 |         let originalTransport = await liveTransportBox.get()
     |                                 `- warning: no 'async' operations occur within 'await' expression
 879 | 
 880 |         await store.setConnectionMethod(

/private/tmp/cmux-verify-20260908170330-19681-7317/source-1198ba65bf/Packages/iOS/CmuxMobileShell/Tests/CmuxMobileShellTests/TailscalePairingRegressionTests.swift:36:21: warning: result of call to 'connectPairingInput(allowPreview:pairedMacDeviceID:instanceTag:)' is unused [#no-usage]
 34 |         store.pairingCode = currentQRCode()
 35 | 
 36 |         await store.connectPairingInput()
    |                     `- warning: result of call to 'connectPairingInput(allowPreview:pairedMacDeviceID:instanceTag:)' is unused [#no-usage]
 37 | 
 38 |         #expect(store.connectionState == MobileConnectionState.connected)

/private/tmp/cmux-verify-20260908170330-19681-7317/source-1198ba65bf/Packages/iOS/CmuxMobileShell/Tests/CmuxMobileShellTests/TailscalePairingRegressionTests.swift:118:21: warning: result of call to 'connectPairingInput(allowPreview:pairedMacDeviceID:instanceTag:)' is unused [#no-usage]
116 |         store.pairingCode = try attachURL(for: ticket)
117 | 
118 |         await store.connectPairingInput()
    |                     `- warning: result of call to 'connectPairingInput(allowPreview:pairedMacDeviceID:instanceTag:)' is unused [#no-usage]
119 | 
120 |         #expect(store.connectionState == MobileConnectionState.connected)

/private/tmp/cmux-verify-20260908170330-19681-7317/source-1198ba65bf/Packages/iOS/CmuxMobileShell/Tests/CmuxMobileShellTests/TailscalePairingRegressionTests.swift:230:21: warning: result of call to 'connectPairingInput(allowPreview:pairedMacDeviceID:instanceTag:)' is unused [#no-usage]
228 |         store.pairingCode = currentQRCode()
229 | 
230 |         await store.connectPairingInput()
    |                     `- warning: result of call to 'connectPairingInput(allowPreview:pairedMacDeviceID:instanceTag:)' is unused [#no-usage]
231 | 
232 |         let saved = try #require(await pairedMacStore.activeMac(stackUserID: "phone-user"))
[1008/1059] Compiling CmuxMobileShellTests TerminalOutputDeliveryQueueTests.swift
/private/tmp/cmux-verify-20260908170330-19681-7317/source-1198ba65bf/Packages/iOS/CmuxMobileShell/Tests/CmuxMobileShellTests/ReconnectRouteSelectionTests.swift:798:33: warning: no 'async' operations occur within 'await' expression
 796 |         // The box tracks the most recent transport, so capture the original
 797 |         // live session before the method change replaces it.
 798 |         let originalTransport = await liveTransportBox.get()
     |                                 `- warning: no 'async' operations occur within 'await' expression
 799 | 
 800 |         await store.setConnectionMethod(

/private/tmp/cmux-verify-20260908170330-19681-7317/source-1198ba65bf/Packages/iOS/CmuxMobileShell/Tests/CmuxMobileShellTests/ReconnectRouteSelectionTests.swift:878:33: warning: no 'async' operations occur within 'await' expression
 876 |         #expect(await store.reconnectActiveMacIfAvailable(stackUserID: "user-1"))
 877 |         #expect(store.activeRoute?.kind == .iroh)
 878 |         let originalTransport = await liveTransportBox.get()
     |                                 `- warning: no 'async' operations occur within 'await' expression
 879 | 
 880 |         await store.setConnectionMethod(

/private/tmp/cmux-verify-20260908170330-19681-7317/source-1198ba65bf/Packages/iOS/CmuxMobileShell/Tests/CmuxMobileShellTests/TailscalePairingRegressionTests.swift:36:21: warning: result of call to 'connectPairingInput(allowPreview:pairedMacDeviceID:instanceTag:)' is unused [#no-usage]
 34 |         store.pairingCode = currentQRCode()
 35 | 
 36 |         await store.connectPairingInput()
    |                     `- warning: result of call to 'connectPairingInput(allowPreview:pairedMacDeviceID:instanceTag:)' is unused [#no-usage]
 37 | 
 38 |         #expect(store.connectionState == MobileConnectionState.connected)

/private/tmp/cmux-verify-20260908170330-19681-7317/source-1198ba65bf/Packages/iOS/CmuxMobileShell/Tests/CmuxMobileShellTests/TailscalePairingRegressionTests.swift:118:21: warning: result of call to 'connectPairingInput(allowPreview:pairedMacDeviceID:instanceTag:)' is unused [#no-usage]
116 |         store.pairingCode = try attachURL(for: ticket)
117 | 
118 |         await store.connectPairingInput()
    |                     `- warning: result of call to 'connectPairingInput(allowPreview:pairedMacDeviceID:instanceTag:)' is unused [#no-usage]
119 | 
120 |         #expect(store.connectionState == MobileConnectionState.connected)

/private/tmp/cmux-verify-20260908170330-19681-7317/source-1198ba65bf/Packages/iOS/CmuxMobileShell/Tests/CmuxMobileShellTests/TailscalePairingRegressionTests.swift:230:21: warning: result of call to 'connectPairingInput(allowPreview:pairedMacDeviceID:instanceTag:)' is unused [#no-usage]
228 |         store.pairingCode = currentQRCode()
229 | 
230 |         await store.connectPairingInput()
    |                     `- warning: result of call to 'connectPairingInput(allowPreview:pairedMacDeviceID:instanceTag:)' is unused [#no-usage]
231 | 
232 |         let saved = try #require(await pairedMacStore.activeMac(stackUserID: "phone-user"))
[1009/1059] Compiling CmuxMobileShellTests TerminalOutputTransportSelectionTests.swift
/private/tmp/cmux-verify-20260908170330-19681-7317/source-1198ba65bf/Packages/iOS/CmuxMobileShell/Tests/CmuxMobileShellTests/ReconnectRouteSelectionTests.swift:798:33: warning: no 'async' operations occur within 'await' expression
 796 |         // The box tracks the most recent transport, so capture the original
 797 |         // live session before the method change replaces it.
 798 |         let originalTransport = await liveTransportBox.get()
     |                                 `- warning: no 'async' operations occur within 'await' expression
 799 | 
 800 |         await store.setConnectionMethod(

/private/tmp/cmux-verify-20260908170330-19681-7317/source-1198ba65bf/Packages/iOS/CmuxMobileShell/Tests/CmuxMobileShellTests/ReconnectRouteSelectionTests.swift:878:33: warning: no 'async' operations occur within 'await' expression
 876 |         #expect(await store.reconnectActiveMacIfAvailable(stackUserID: "user-1"))
 877 |         #expect(store.activeRoute?.kind == .iroh)
 878 |         let originalTransport = await liveTransportBox.get()
     |                                 `- warning: no 'async' operations occur within 'await' expression
 879 | 
 880 |         await store.setConnectionMethod(

/private/tmp/cmux-verify-20260908170330-19681-7317/source-1198ba65bf/Packages/iOS/CmuxMobileShell/Tests/CmuxMobileShellTests/TailscalePairingRegressionTests.swift:36:21: warning: result of call to 'connectPairingInput(allowPreview:pairedMacDeviceID:instanceTag:)' is unused [#no-usage]
 34 |         store.pairingCode = currentQRCode()
 35 | 
 36 |         await store.connectPairingInput()
    |                     `- warning: result of call to 'connectPairingInput(allowPreview:pairedMacDeviceID:instanceTag:)' is unused [#no-usage]
 37 | 
 38 |         #expect(store.connectionState == MobileConnectionState.connected)

/private/tmp/cmux-verify-20260908170330-19681-7317/source-1198ba65bf/Packages/iOS/CmuxMobileShell/Tests/CmuxMobileShellTests/TailscalePairingRegressionTests.swift:118:21: warning: result of call to 'connectPairingInput(allowPreview:pairedMacDeviceID:instanceTag:)' is unused [#no-usage]
116 |         store.pairingCode = try attachURL(for: ticket)
117 | 
118 |         await store.connectPairingInput()
    |                     `- warning: result of call to 'connectPairingInput(allowPreview:pairedMacDeviceID:instanceTag:)' is unused [#no-usage]
119 | 
120 |         #expect(store.connectionState == MobileConnectionState.connected)

/private/tmp/cmux-verify-20260908170330-19681-7317/source-1198ba65bf/Packages/iOS/CmuxMobileShell/Tests/CmuxMobileShellTests/TailscalePairingRegressionTests.swift:230:21: warning: result of call to 'connectPairingInput(allowPreview:pairedMacDeviceID:instanceTag:)' is unused [#no-usage]
228 |         store.pairingCode = currentQRCode()
229 | 
230 |         await store.connectPairingInput()
    |                     `- warning: result of call to 'connectPairingInput(allowPreview:pairedMacDeviceID:instanceTag:)' is unused [#no-usage]
231 | 
232 |         let saved = try #require(await pairedMacStore.activeMac(stackUserID: "phone-user"))
[1010/1059] Compiling CmuxMobileShellTests TerminalRawInputOrderingTestSupport.swift
/private/tmp/cmux-verify-20260908170330-19681-7317/source-1198ba65bf/Packages/iOS/CmuxMobileShell/Tests/CmuxMobileShellTests/ReconnectRouteSelectionTests.swift:798:33: warning: no 'async' operations occur within 'await' expression
 796 |         // The box tracks the most recent transport, so capture the original
 797 |         // live session before the method change replaces it.
 798 |         let originalTransport = await liveTransportBox.get()
     |                                 `- warning: no 'async' operations occur within 'await' expression
 799 | 
 800 |         await store.setConnectionMethod(

/private/tmp/cmux-verify-20260908170330-19681-7317/source-1198ba65bf/Packages/iOS/CmuxMobileShell/Tests/CmuxMobileShellTests/ReconnectRouteSelectionTests.swift:878:33: warning: no 'async' operations occur within 'await' expression
 876 |         #expect(await store.reconnectActiveMacIfAvailable(stackUserID: "user-1"))
 877 |         #expect(store.activeRoute?.kind == .iroh)
 878 |         let originalTransport = await liveTransportBox.get()
     |                                 `- warning: no 'async' operations occur within 'await' expression
 879 | 
 880 |         await store.setConnectionMethod(

/private/tmp/cmux-verify-20260908170330-19681-7317/source-1198ba65bf/Packages/iOS/CmuxMobileShell/Tests/CmuxMobileShellTests/TailscalePairingRegressionTests.swift:36:21: warning: result of call to 'connectPairingInput(allowPreview:pairedMacDeviceID:instanceTag:)' is unused [#no-usage]
 34 |         store.pairingCode = currentQRCode()
 35 | 
 36 |         await store.connectPairingInput()
    |                     `- warning: result of call to 'connectPairingInput(allowPreview:pairedMacDeviceID:instanceTag:)' is unused [#no-usage]
 37 | 
 38 |         #expect(store.connectionState == MobileConnectionState.connected)

/private/tmp/cmux-verify-20260908170330-19681-7317/source-1198ba65bf/Packages/iOS/CmuxMobileShell/Tests/CmuxMobileShellTests/TailscalePairingRegressionTests.swift:118:21: warning: result of call to 'connectPairingInput(allowPreview:pairedMacDeviceID:instanceTag:)' is unused [#no-usage]
116 |         store.pairingCode = try attachURL(for: ticket)
117 | 
118 |         await store.connectPairingInput()
    |                     `- warning: result of call to 'connectPairingInput(allowPreview:pairedMacDeviceID:instanceTag:)' is unused [#no-usage]
119 | 
120 |         #expect(store.connectionState == MobileConnectionState.connected)

/private/tmp/cmux-verify-20260908170330-19681-7317/source-1198ba65bf/Packages/iOS/CmuxMobileShell/Tests/CmuxMobileShellTests/TailscalePairingRegressionTests.swift:230:21: warning: result of call to 'connectPairingInput(allowPreview:pairedMacDeviceID:instanceTag:)' is unused [#no-usage]
228 |         store.pairingCode = currentQRCode()
229 | 
230 |         await store.connectPairingInput()
    |                     `- warning: result of call to 'connectPairingInput(allowPreview:pairedMacDeviceID:instanceTag:)' is unused [#no-usage]
231 | 
232 |         let saved = try #require(await pairedMacStore.activeMac(stackUserID: "phone-user"))
[1011/1059] Compiling CmuxMobileShellTests TerminalRawInputOrderingTests.swift
/private/tmp/cmux-verify-20260908170330-19681-7317/source-1198ba65bf/Packages/iOS/CmuxMobileShell/Tests/CmuxMobileShellTests/ReconnectRouteSelectionTests.swift:798:33: warning: no 'async' operations occur within 'await' expression
 796 |         // The box tracks the most recent transport, so capture the original
 797 |         // live session before the method change replaces it.
 798 |         let originalTransport = await liveTransportBox.get()
     |                                 `- warning: no 'async' operations occur within 'await' expression
 799 | 
 800 |         await store.setConnectionMethod(

/private/tmp/cmux-verify-20260908170330-19681-7317/source-1198ba65bf/Packages/iOS/CmuxMobileShell/Tests/CmuxMobileShellTests/ReconnectRouteSelectionTests.swift:878:33: warning: no 'async' operations occur within 'await' expression
 876 |         #expect(await store.reconnectActiveMacIfAvailable(stackUserID: "user-1"))
 877 |         #expect(store.activeRoute?.kind == .iroh)
 878 |         let originalTransport = await liveTransportBox.get()
     |                                 `- warning: no 'async' operations occur within 'await' expression
 879 | 
 880 |         await store.setConnectionMethod(

/private/tmp/cmux-verify-20260908170330-19681-7317/source-1198ba65bf/Packages/iOS/CmuxMobileShell/Tests/CmuxMobileShellTests/TailscalePairingRegressionTests.swift:36:21: warning: result of call to 'connectPairingInput(allowPreview:pairedMacDeviceID:instanceTag:)' is unused [#no-usage]
 34 |         store.pairingCode = currentQRCode()
 35 | 
 36 |         await store.connectPairingInput()
    |                     `- warning: result of call to 'connectPairingInput(allowPreview:pairedMacDeviceID:instanceTag:)' is unused [#no-usage]
 37 | 
 38 |         #expect(store.connectionState == MobileConnectionState.connected)

/private/tmp/cmux-verify-20260908170330-19681-7317/source-1198ba65bf/Packages/iOS/CmuxMobileShell/Tests/CmuxMobileShellTests/TailscalePairingRegressionTests.swift:118:21: warning: result of call to 'connectPairingInput(allowPreview:pairedMacDeviceID:instanceTag:)' is unused [#no-usage]
116 |         store.pairingCode = try attachURL(for: ticket)
117 | 
118 |         await store.connectPairingInput()
    |                     `- warning: result of call to 'connectPairingInput(allowPreview:pairedMacDeviceID:instanceTag:)' is unused [#no-usage]
119 | 
120 |         #expect(store.connectionState == MobileConnectionState.connected)

/private/tmp/cmux-verify-20260908170330-19681-7317/source-1198ba65bf/Packages/iOS/CmuxMobileShell/Tests/CmuxMobileShellTests/TailscalePairingRegressionTests.swift:230:21: warning: result of call to 'connectPairingInput(allowPreview:pairedMacDeviceID:instanceTag:)' is unused [#no-usage]
228 |         store.pairingCode = currentQRCode()
229 | 
230 |         await store.connectPairingInput()
    |                     `- warning: result of call to 'connectPairingInput(allowPreview:pairedMacDeviceID:instanceTag:)' is unused [#no-usage]
231 | 
232 |         let saved = try #require(await pairedMacStore.activeMac(stackUserID: "phone-user"))
[1012/1059] Compiling CmuxMobileShellTests MutableTeam.swift
[1013/1059] Compiling CmuxMobileShellTests MutableTeamID.swift
[1014/1059] Compiling CmuxMobileShellTests NotificationResponseEntry.swift
[1015/1059] Compiling CmuxMobileShellTests PairedMacBackupEchoRoutingTests.swift
[1016/1059] Compiling CmuxMobileShellTests PairedMacBackupIrohPrivacyTests.swift
[1017/1059] Compiling CmuxMobileShellTests PairedMacBackupMigrationTests.swift
[1018/1059] Compiling CmuxMobileShellTests PairedMacBackupMigrationURLProtocol.swift
[1019/1059] Compiling CmuxMobileShellTests PairedMacBackupTeamRoutingTests.swift
[1020/1059] Compiling CmuxMobileShellTests PairedMacBackupTests.swift
[1021/1059] Compiling CmuxMobileShellTests PairedMacInstanceTagBackupTests.swift
[1022/1059] Compiling CmuxMobileShellTests PairedMacMigrationClock.swift
[1023/1059] Compiling CmuxMobileShellTests PairedMacPendingDeleteReplayTests.swift
[1024/1059] Compiling CmuxMobileShellTests PairingDeadlineRuntime.swift
[1025/1059] Compiling CmuxMobileShellTests PendingNotificationDismissQueueTests.swift
[1026/1059] Compiling CmuxMobileShellTests PoolTransportAttemptCounter.swift
[1027/1059] Compiling CmuxMobileShellTests PresenceDiscoveryInvalidationTests.swift
[1028/1059] Compiling CmuxMobileShellTests PresenceMapTests.swift
[1029/1059] Compiling CmuxMobileShellTests PresenceServiceURLResolutionTests.swift
[1030/1059] Compiling CmuxMobileShellTests PresenceWireParsingTests.swift
[1031/1059] Compiling CmuxMobileShellTests PromotionFenceCompletion.swift
[1032/1059] Compiling CmuxMobileShellTests PromotionFocusRepairFailure.swift
[1033/1059] Compiling CmuxMobileShellTests PromotionWorkspaceRace.swift
[1034/1059] Compiling CmuxMobileShellTests ReconnectAttemptDeadlineTests.swift
[1035/1059] Compiling CmuxMobileShellTests TerminalReconnectSnapshotTests.swift
[1036/1059] Compiling CmuxMobileShellTests TerminalRenderGridRevisionChainGateTests.swift
[1037/1059] Compiling CmuxMobileShellTests TerminalReplayBarrierAckResetTests.swift
[1038/1059] Compiling CmuxMobileShellTests TerminalReplayBarrierFollowUpTests.swift
[1039/1059] Compiling CmuxMobileShellTests TerminalReplayOutputQueueTests.swift
[1040/1059] Compiling CmuxMobileShellTests TerminalScrollDeliveryQueueTests.swift
[1041/1059] Compiling CmuxMobileShellTests TerminalStaleFloorByteChannelTests.swift
[1042/1059] Compiling CmuxMobileShellTests TerminalStaleFrameRecoveryBarrierTests.swift
[1043/1059] Compiling CmuxMobileShellTests TerminalTextSnapshotTests.swift
[1044/1059] Compiling CmuxMobileShellTests TerminalThemeApplyTests.swift
[1045/1059] Compiling CmuxMobileShellTests TerminalThemeRenderGridTests.swift
[1046/1059] Compiling CmuxMobileShellTests TerminalViewportResyncTests.swift
[1047/1059] Compiling CmuxMobileShellTests TestBackupList.swift
[1048/1059] Compiling CmuxMobileShellTests TokenProbe.swift
[1049/1059] Compiling CmuxMobileShellTests UserDefaultsPairedMacBackupTeamStoreTests.swift
[1050/1059] Compiling CmuxMobileShellTests WorkspaceAbsenceAuthorityTests.swift
[1051/1059] Compiling CmuxMobileShellTests WorkspaceChangesContentFingerprintPolicyTests.swift
[1052/1059] Compiling CmuxMobileShellTests WorkspaceChangesContentRequestTests.swift
[1053/1059] Compiling CmuxMobileShellTests WorkspaceChangesContentResponseTests.swift
[1054/1059] Compiling CmuxMobileShellTests WorkspaceChangesExpansionDownloadPolicyTests.swift
[1055/1059] Compiling CmuxMobileShellTests WorkspaceChangesFetchErrorTests.swift
[1056/1059] Compiling CmuxMobileShellTests WorkspaceChangesSummaryFetchPolicyTests.swift
[1057/1059] Compiling CmuxMobileShellTests WorkspaceChangesSummaryRefreshScopeTests.swift
[1058/1061] Compiling CmuxMobileShellPackageTests runner.swift
[1059/1061] Emitting module CmuxMobileShellPackageTests
[1059/1061] Write Objects.LinkFileList
[1060/1061] Linking CmuxMobileShellPackageTests
Build complete! (67.39s)
Test Suite 'Selected tests' started at 2026-09-08 23:40:02.142.
Test Suite 'CmuxMobileShellPackageTests.xctest' started at 2026-09-08 23:40:02.144.
Test Suite 'CmuxMobileShellPackageTests.xctest' passed at 2026-09-08 23:40:02.144.
	 Executed 0 tests, with 0 failures (0 unexpected) in 0.000 (0.000) seconds
Test Suite 'Selected tests' passed at 2026-09-08 23:40:02.144.
	 Executed 0 tests, with 0 failures (0 unexpected) in 0.000 (0.002) seconds
◇ Test run started.
↳ Testing Library Version: 1501
↳ Target Platform: arm64e-apple-macos14.0
◇ Suite MobileTerminalLaneCoordinatorTests started.
◇ Test replayActivatesIndependentInputAndCancellationReturnsToFallback() started.
◇ Test sequenceGapSuspendsUntilAuthoritativeCursorThenReopens() started.
◇ Test missingOutputProviderDoesNotSelectInputOnlyTransport() started.
◇ Test replayCursorMismatchNeverBecomesReadyOrAcceptsInput() started.
◇ Test sameSurfaceOnAnotherPeerMovesInputWithoutClosingFirstPeer() started.
◇ Test consumerBackpressureSuspendsBeforeDrainingNextChunk() started.
◇ Test inputOnlyLaneDoesNotValidateAgainstOutputCursor() started.
◇ Test outputLaneDoesNotFallBackToInputOnlyProvider() started.
✔ Test missingOutputProviderDoesNotSelectInputOnlyTransport() passed after 0.001 seconds.
✔ Test outputLaneDoesNotFallBackToInputOnlyProvider() passed after 0.001 seconds.
✔ Test replayCursorMismatchNeverBecomesReadyOrAcceptsInput() passed after 0.001 seconds.
✔ Test sequenceGapSuspendsUntilAuthoritativeCursorThenReopens() passed after 0.001 seconds.
✔ Test replayActivatesIndependentInputAndCancellationReturnsToFallback() passed after 0.001 seconds.
✔ Test inputOnlyLaneDoesNotValidateAgainstOutputCursor() passed after 0.001 seconds.
✔ Test sameSurfaceOnAnotherPeerMovesInputWithoutClosingFirstPeer() passed after 0.001 seconds.
✔ Test consumerBackpressureSuspendsBeforeDrainingNextChunk() passed after 0.002 seconds.
✔ Suite MobileTerminalLaneCoordinatorTests passed after 0.002 seconds.
✔ Test run with 8 tests in 1 suite passed after 0.003 seconds.
