Building for debugging...
[0/22] /tmp/cmux-verify-20260908170330-19681-7317/mobile-build-e8fda62191/arm64-apple-macosx/debug/CmuxMobileShellPackageTests.derived/runner.swift
[1/22] Write sources
[15/22] Copying Localizable.xcstrings
[16/22] Copying Info.plist
[19/22] Write swift-version--58304C5D6DBC2206.txt
[21/336] Emitting module CmuxAgentChat
[22/345] Compiling CmuxMobileDiagnostics MobileLatencyTrace.swift
[23/345] Compiling CmuxMobileDiagnostics MobileLatencyTraceWriter.swift
[24/345] Compiling CMUXMobileCore MobileBrowserDialogTextField.swift
[25/345] Compiling CMUXMobileCore MobileBrowserFrameEvent.swift
[26/345] Compiling CMUXMobileCore MobileSurfaceKind.swift
[27/345] Compiling CMUXMobileCore MobileSyncProtocol.swift
[28/345] Compiling CMUXMobileCore MobileTerminalRenderGrid.swift
[29/345] Compiling CMUXMobileCore MobileTerminalRenderGridEmissionState.swift
[30/345] Compiling CMUXMobileCore MobileTerminalRenderGridFrame+CellWidth.swift
[31/345] Compiling CmuxAgentChat ChatOutboundAttachment.swift
[32/345] Compiling CmuxAgentChat ChatPermissionRequest.swift
[33/345] Compiling CMUXMobileCore MobileSimulatorStreamCapability.swift
[34/345] Compiling CMUXMobileCore MobileStateSyncFrames.swift
[35/345] Compiling CMUXMobileCore MobileStateSyncMirror.swift
[36/345] Compiling CMUXMobileCore MobileStateSyncRecords.swift
[37/345] Compiling CMUXMobileCore MobileStateSyncStore.swift
[38/345] Compiling CMUXMobileCore AnalyticsConsentProviding.swift
[39/345] Compiling CMUXMobileCore AnalyticsEmitting.swift
[40/345] Compiling CMUXMobileCore AnalyticsValue.swift
[41/345] Compiling CMUXMobileCore AppLog.swift
[42/345] Compiling CMUXMobileCore CellRelativeColor.swift
[43/345] Compiling CmuxMobileDiagnostics MobileDebugLogCrashCapture.swift
[44/345] Compiling CmuxMobileDiagnostics MobileDebugLogSink.swift
[45/345] Compiling CmuxMobileDiagnostics MobileDebugLog+Anchormux.swift
[46/345] Compiling CmuxMobileDiagnostics MobileDebugLog.swift
[47/345] Compiling CmuxMobileDiagnostics MobileDebugLogAppendCoordinator.swift
[48/345] Emitting module CmuxMobileDiagnostics
[49/345] Compiling CMUXMobileCore CmxIrohPeerIdentityError.swift
[50/345] Compiling CMUXMobileCore CmxIrohPrivatePathSynthesizer.swift
[51/345] Compiling CMUXMobileCore CmxIrohRelayOrigin.swift
[52/345] Compiling CMUXMobileCore CmxIrohRelayPreferenceDraft.swift
[53/345] Compiling CMUXMobileCore CmxIrohRelayPreferenceDraftError.swift
[54/345] Compiling CMUXMobileCore CmxIrohRelayTestResult.swift
[55/345] Compiling CMUXMobileCore CmxIrohSelectedTransportPath.swift
[56/345] Compiling CMUXMobileCore CmxIrohSettingsControlling.swift
[57/345] Compiling CMUXMobileCore CmxIrohSettingsSnapshot.swift
[58/345] Compiling CMUXMobileCore CmxIrohTransportPolicy.swift
[59/345] Compiling CMUXMobileCore CmxIrohTransportVerificationMode.swift
[60/345] Compiling CMUXMobileCore CmxLegacyTailscaleAuthorizationEvidence.swift
[61/345] Compiling CMUXMobileCore CmxLoopbackHost.swift
[62/345] Compiling CMUXMobileCore CmxMacAppInstanceIdentity.swift
[63/345] Compiling CMUXMobileCore CmxManualPairingEntry.swift
[64/360] Compiling CMUXMobileCore CmxIrohCustomPrivateAddress.swift
[65/360] Compiling CMUXMobileCore CmxIrohCustomPrivatePathDraft.swift
[66/360] Compiling CMUXMobileCore CmxPairingQRBitmap.swift
[67/360] Compiling CMUXMobileCore CmxPairingQRCode.swift
[68/360] Compiling CMUXMobileCore CmxPairingRouteDisclosureMode.swift
[69/360] Compiling CMUXMobileCore CmxPairingURLScheme.swift
[70/360] Compiling CMUXMobileCore CmxPairingURLSchemeResolver.swift
[71/360] Compiling CMUXMobileCore CmxRetryAfterPolicy.swift
[72/360] Compiling CMUXMobileCore CmxRetryAfterProviding.swift
[73/360] Compiling CMUXMobileCore CmxAttachRouteDisclosure.swift
[74/360] Compiling CMUXMobileCore CmxAttachTicketCompactCoder.swift
[75/360] Compiling CMUXMobileCore CmxAttachTicketCompactCoderError.swift
[76/360] Compiling CMUXMobileCore CmxByteTransportLivenessObserving.swift
[77/360] Compiling CMUXMobileCore CmxByteTransportRequest.swift
[78/360] Compiling CMUXMobileCore CmxByteTransportSessionPurposeUpdating.swift
[79/360] Compiling CMUXMobileCore CmxCredentialedHTTPSession.swift
[80/360] Compiling CMUXMobileCore CmxDeviceIDCanonicalization.swift
[81/360] Compiling CMUXMobileCore CmxIrohConnectionCheckReport.swift
[82/360] Emitting module CmuxMobileSupport
[83/362] Compiling CMUXMobileCore MobileSimulatorRPCDTOs.swift
/private/tmp/cmux-verify-20260908170330-19681-7317/source-e8fda62191/Packages/iOS/CmuxMobileSupport/Sources/CmuxMobileSupport/AppVersionInfo.swift:1:8: warning: public import of 'Foundation' was not used in public declarations or inlinable code
  1 | public import Foundation
    |        `- warning: public import of 'Foundation' was not used in public declarations or inlinable code
  2 | 
  3 | /// The running build's user-tellable version, assembled from the app bundle's
/private/tmp/cmux-verify-20260908170330-19681-7317/source-e8fda62191/Packages/iOS/CmuxMobileSupport/Sources/CmuxMobileSupport/AppVersionInfo.swift:1:8: warning: public import of 'Foundation' was not used in public declarations or inlinable code
  1 | public import Foundation
    |        `- warning: public import of 'Foundation' was not used in public declarations or inlinable code
  2 | 
  3 | /// The running build's user-tellable version, assembled from the app bundle's
/private/tmp/cmux-verify-20260908170330-19681-7317/source-e8fda62191/Packages/iOS/CmuxMobileSupport/Sources/CmuxMobileSupport/AppVersionInfo.swift:1:8: warning: public import of 'Foundation' was not used in public declarations or inlinable code
  1 | public import Foundation
    |        `- warning: public import of 'Foundation' was not used in public declarations or inlinable code
  2 | 
  3 | /// The running build's user-tellable version, assembled from the app bundle's
[86/362] Compiling CMUXMobileCore MobileBrowserViewport.swift
[87/362] Compiling CMUXMobileCore MobileBrowserViewportParameters.swift
[88/362] Compiling CMUXMobileCore MobileHapticFeedback.swift
[89/362] Compiling CmuxAgentChat ChatWireCoding.swift
[90/362] Compiling CMUXMobileCore MobileBrowserFrameSizeBudget.swift
[91/362] Compiling CMUXMobileCore MobileBrowserKeyInput.swift
[92/362] Compiling CMUXMobileCore MobileBrowserPanelDescriptor.swift
[93/362] Compiling CMUXMobileCore MobileBrowserPointerButton.swift
[94/362] Compiling CMUXMobileCore MobileBrowserPointerInput.swift
[95/362] Compiling CMUXMobileCore MobileBrowserPointerKind.swift
[96/362] Compiling CMUXMobileCore MobileBrowserScrollInput.swift
[97/362] Compiling CMUXMobileCore MobileBrowserScrollPhase.swift
[98/362] Compiling CMUXMobileCore MobileBrowserStateEvent.swift
[99/362] Compiling CMUXMobileCore MobileBrowserStreamCapability.swift
[100/362] Compiling CMUXMobileCore MobileBrowserStreamPacing.swift
[101/362] Compiling CMUXMobileCore MobileBrowserStreamPacingDecision.swift
[102/362] Compiling CMUXMobileCore MobileBrowserStreamStartParameters.swift
[103/362] Compiling CMUXMobileCore MobileBrowserTextInput.swift
[104/362] Emitting module CmuxMobileChanges
[105/368] Compiling CMUXMobileCore MobileSimulatorFrameEvent.swift
[106/368] Compiling CMUXMobileCore MobileSimulatorPanelDescriptor.swift
[112/368] Compiling CMUXMobileCore MobileHostRPCWorkQuota.swift
[113/368] Compiling CMUXMobileCore MobileIOSAppNamespace.swift
[114/368] Compiling CMUXMobileCore MobileIOSBuildScope.swift
[118/368] Emitting module CMUXMobileCore
[119/368] Compiling CmuxAgentChat AgentChatResumeIntent.swift
[120/368] Compiling CmuxAgentChat AgentChatResumeIntentRecording.swift
[121/368] Compiling CmuxAgentChat ChatSessionSurfaceIndex.swift
[122/368] Compiling CmuxAgentChat ChatEventSource.swift
[123/368] Compiling CmuxAgentChat AgentChatProseStreamer.swift
[124/368] Compiling CmuxAgentChat ChatHistoryPage.swift
[125/368] Compiling CmuxAgentChat ChatSessionEvent.swift
[126/368] Compiling CmuxAgentChat ChatSessionEventFrame.swift
[137/368] Compiling CMUXMobileCore MobileIOSLegacyBackupScope.swift
[159/368] Compiling CMUXMobileCore CompactAttachEndpoint.swift
[160/368] Compiling CMUXMobileCore CompactAttachRoute.swift
[161/368] Compiling CMUXMobileCore CompactAttachTicket.swift
[162/368] Compiling CMUXMobileCore ComposerDockIntent.swift
[163/368] Compiling CMUXMobileCore ComposerDockReducer.swift
[164/368] Compiling CMUXMobileCore ConnectionOutageThrottle.swift
[165/368] Compiling CMUXMobileCore DiagnosticAppEventDetail.swift
[166/368] Compiling CMUXMobileCore DiagnosticBuildStamp.swift
[167/368] Compiling CMUXMobileCore DiagnosticCorrelation.swift
[168/368] Compiling CMUXMobileCore CmxRoutePingResult.swift
[169/368] Compiling CMUXMobileCore CmxRoutePinging.swift
[170/368] Compiling CMUXMobileCore CmxTailscalePeerAddress.swift
[171/368] Compiling CMUXMobileCore CmxTailscalePeerRecord.swift
[172/368] Compiling CMUXMobileCore CmxTailscaleStatusPeerResolutionError.swift
[173/368] Compiling CMUXMobileCore CmxTailscaleStatusPeerResolver.swift
[174/368] Compiling CMUXMobileCore CmxTransport.swift
[175/368] Compiling CMUXMobileCore CmxTransportSessionPurpose.swift
[176/368] Compiling CMUXMobileCore CmxUserTailscalePairingAuthorization.swift
[177/368] Compiling CMUXMobileCore InputResponderIdentity.swift
[178/368] Compiling CMUXMobileCore MobileBrowserClosedEvent.swift
[179/368] Compiling CMUXMobileCore MobileBrowserDialogButton.swift
[180/368] Compiling CMUXMobileCore MobileBrowserDialogButtonRole.swift
[181/368] Compiling CMUXMobileCore MobileBrowserDialogEvent.swift
[182/368] Compiling CMUXMobileCore MobileBrowserDialogKind.swift
[183/368] Compiling CMUXMobileCore MobileBrowserDialogQueue.swift
[184/368] Compiling CMUXMobileCore MobileBrowserDialogResolvedEvent.swift
[185/368] Compiling CMUXMobileCore MobileBrowserDialogRespondParameters.swift
[186/368] Compiling CMUXMobileCore DiagnosticEvent.swift
/private/tmp/cmux-verify-20260908170330-19681-7317/source-e8fda62191/Packages/Shared/CmuxAgentChat/Sources/CmuxAgentChat/MarkdownViewer/MarkdownRemoteImageLoader.swift:255:25: warning: 'init(cString:)' is deprecated: Use String(decoding: array, as: UTF8.self) instead, after truncating the null termination. [#DeprecatedDeclaration]
253 |                 return nil
254 |             }
255 |             let value = String(cString: output)
    |                         `- warning: 'init(cString:)' is deprecated: Use String(decoding: array, as: UTF8.self) instead, after truncating the null termination. [#DeprecatedDeclaration]
256 |             guard let networkAddress = IPv6Address(value) else { return nil }
257 |             return .ipv6(networkAddress)

[#DeprecatedDeclaration]: <https://docs.swift.org/compiler/documentation/diagnostics/deprecated-declaration>
[187/368] Compiling CMUXMobileCore DiagnosticEventCode.swift
/private/tmp/cmux-verify-20260908170330-19681-7317/source-e8fda62191/Packages/Shared/CmuxAgentChat/Sources/CmuxAgentChat/MarkdownViewer/MarkdownRemoteImageLoader.swift:255:25: warning: 'init(cString:)' is deprecated: Use String(decoding: array, as: UTF8.self) instead, after truncating the null termination. [#DeprecatedDeclaration]
253 |                 return nil
254 |             }
255 |             let value = String(cString: output)
    |                         `- warning: 'init(cString:)' is deprecated: Use String(decoding: array, as: UTF8.self) instead, after truncating the null termination. [#DeprecatedDeclaration]
256 |             guard let networkAddress = IPv6Address(value) else { return nil }
257 |             return .ipv6(networkAddress)

[#DeprecatedDeclaration]: <https://docs.swift.org/compiler/documentation/diagnostics/deprecated-declaration>
[188/368] Compiling CmuxMobileChanges WorkspaceFileDiffPagerActions.swift
/private/tmp/cmux-verify-20260908170330-19681-7317/source-e8fda62191/Packages/Shared/CmuxAgentChat/Sources/CmuxAgentChat/MarkdownViewer/MarkdownRemoteImageLoader.swift:255:25: warning: 'init(cString:)' is deprecated: Use String(decoding: array, as: UTF8.self) instead, after truncating the null termination. [#DeprecatedDeclaration]
253 |                 return nil
254 |             }
255 |             let value = String(cString: output)
    |                         `- warning: 'init(cString:)' is deprecated: Use String(decoding: array, as: UTF8.self) instead, after truncating the null termination. [#DeprecatedDeclaration]
256 |             guard let networkAddress = IPv6Address(value) else { return nil }
257 |             return .ipv6(networkAddress)

[#DeprecatedDeclaration]: <https://docs.swift.org/compiler/documentation/diagnostics/deprecated-declaration>
[189/368] Compiling CmuxMobileChanges WorkspaceFileDiffPagerView.swift
/private/tmp/cmux-verify-20260908170330-19681-7317/source-e8fda62191/Packages/Shared/CmuxAgentChat/Sources/CmuxAgentChat/MarkdownViewer/MarkdownRemoteImageLoader.swift:255:25: warning: 'init(cString:)' is deprecated: Use String(decoding: array, as: UTF8.self) instead, after truncating the null termination. [#DeprecatedDeclaration]
253 |                 return nil
254 |             }
255 |             let value = String(cString: output)
    |                         `- warning: 'init(cString:)' is deprecated: Use String(decoding: array, as: UTF8.self) instead, after truncating the null termination. [#DeprecatedDeclaration]
256 |             guard let networkAddress = IPv6Address(value) else { return nil }
257 |             return .ipv6(networkAddress)

[#DeprecatedDeclaration]: <https://docs.swift.org/compiler/documentation/diagnostics/deprecated-declaration>
[190/368] Compiling CmuxMobileChanges UnifiedDiffParser.swift
/private/tmp/cmux-verify-20260908170330-19681-7317/source-e8fda62191/Packages/Shared/CmuxAgentChat/Sources/CmuxAgentChat/MarkdownViewer/MarkdownRemoteImageLoader.swift:255:25: warning: 'init(cString:)' is deprecated: Use String(decoding: array, as: UTF8.self) instead, after truncating the null termination. [#DeprecatedDeclaration]
253 |                 return nil
254 |             }
255 |             let value = String(cString: output)
    |                         `- warning: 'init(cString:)' is deprecated: Use String(decoding: array, as: UTF8.self) instead, after truncating the null termination. [#DeprecatedDeclaration]
256 |             guard let networkAddress = IPv6Address(value) else { return nil }
257 |             return .ipv6(networkAddress)

[#DeprecatedDeclaration]: <https://docs.swift.org/compiler/documentation/diagnostics/deprecated-declaration>
[191/368] Compiling CmuxMobileChanges WorkspaceChangesChipText.swift
/private/tmp/cmux-verify-20260908170330-19681-7317/source-e8fda62191/Packages/Shared/CmuxAgentChat/Sources/CmuxAgentChat/MarkdownViewer/MarkdownRemoteImageLoader.swift:255:25: warning: 'init(cString:)' is deprecated: Use String(decoding: array, as: UTF8.self) instead, after truncating the null termination. [#DeprecatedDeclaration]
253 |                 return nil
254 |             }
255 |             let value = String(cString: output)
    |                         `- warning: 'init(cString:)' is deprecated: Use String(decoding: array, as: UTF8.self) instead, after truncating the null termination. [#DeprecatedDeclaration]
256 |             guard let networkAddress = IPv6Address(value) else { return nil }
257 |             return .ipv6(networkAddress)

[#DeprecatedDeclaration]: <https://docs.swift.org/compiler/documentation/diagnostics/deprecated-declaration>
[192/368] Compiling CmuxMobileChanges WorkspaceChangesChipTextPolicy.swift
/private/tmp/cmux-verify-20260908170330-19681-7317/source-e8fda62191/Packages/Shared/CmuxAgentChat/Sources/CmuxAgentChat/MarkdownViewer/MarkdownRemoteImageLoader.swift:255:25: warning: 'init(cString:)' is deprecated: Use String(decoding: array, as: UTF8.self) instead, after truncating the null termination. [#DeprecatedDeclaration]
253 |                 return nil
254 |             }
255 |             let value = String(cString: output)
    |                         `- warning: 'init(cString:)' is deprecated: Use String(decoding: array, as: UTF8.self) instead, after truncating the null termination. [#DeprecatedDeclaration]
256 |             guard let networkAddress = IPv6Address(value) else { return nil }
257 |             return .ipv6(networkAddress)

[#DeprecatedDeclaration]: <https://docs.swift.org/compiler/documentation/diagnostics/deprecated-declaration>
[193/368] Compiling CmuxMobileChanges resource_bundle_accessor.swift
/private/tmp/cmux-verify-20260908170330-19681-7317/source-e8fda62191/Packages/Shared/CmuxAgentChat/Sources/CmuxAgentChat/MarkdownViewer/MarkdownRemoteImageLoader.swift:255:25: warning: 'init(cString:)' is deprecated: Use String(decoding: array, as: UTF8.self) instead, after truncating the null termination. [#DeprecatedDeclaration]
253 |                 return nil
254 |             }
255 |             let value = String(cString: output)
    |                         `- warning: 'init(cString:)' is deprecated: Use String(decoding: array, as: UTF8.self) instead, after truncating the null termination. [#DeprecatedDeclaration]
256 |             guard let networkAddress = IPv6Address(value) else { return nil }
257 |             return .ipv6(networkAddress)

[#DeprecatedDeclaration]: <https://docs.swift.org/compiler/documentation/diagnostics/deprecated-declaration>
[194/368] Compiling CMUXMobileCore DiagnosticTaxonomy.swift
/private/tmp/cmux-verify-20260908170330-19681-7317/source-e8fda62191/Packages/Shared/CmuxAgentChat/Sources/CmuxAgentChat/MarkdownViewer/MarkdownRemoteImageLoader.swift:255:25: warning: 'init(cString:)' is deprecated: Use String(decoding: array, as: UTF8.self) instead, after truncating the null termination. [#DeprecatedDeclaration]
253 |                 return nil
254 |             }
255 |             let value = String(cString: output)
    |                         `- warning: 'init(cString:)' is deprecated: Use String(decoding: array, as: UTF8.self) instead, after truncating the null termination. [#DeprecatedDeclaration]
256 |             guard let networkAddress = IPv6Address(value) else { return nil }
257 |             return .ipv6(networkAddress)

[#DeprecatedDeclaration]: <https://docs.swift.org/compiler/documentation/diagnostics/deprecated-declaration>
[225/368] Compiling CMUXMobileCore MobileTerminalRenderGridVisualSpan.swift
[226/368] Compiling CMUXMobileCore MobileTerminalReplayViewportFence.swift
[227/368] Compiling CMUXMobileCore MobileTerminalScrollbackPreference.swift
[228/368] Compiling CMUXMobileCore MobileTodoItem.swift
[229/368] Compiling CMUXMobileCore MobileTodoItemOrigin.swift
[230/368] Compiling CMUXMobileCore MobileTodoItemState.swift
[231/368] Compiling CMUXMobileCore MobileTodoSnapshot.swift
[232/368] Compiling CMUXMobileCore MobileTodoStatus.swift
[233/368] Compiling CMUXMobileCore MobileWorkspaceMetadataLimits.swift
[234/368] Compiling CMUXMobileCore NoopAnalytics.swift
[235/368] Compiling CMUXMobileCore TerminalGridSize.swift
[236/368] Compiling CMUXMobileCore TerminalTheme.swift
[237/368] Compiling CMUXMobileCore TransportIncidentPolicy.swift
[238/368] Compiling CMUXMobileCore UserDefaultsAnalyticsConsentProvider.swift
[239/368] Compiling CMUXMobileCore resource_bundle_accessor.swift
[240/368] Compiling CMUXMobileCore CmxIrohCustomRelayDraft.swift
[241/368] Compiling CMUXMobileCore CmxIrohDebugSettingsControlling.swift
[242/368] Compiling CMUXMobileCore CmxIrohDialPlan.swift
[243/368] Compiling CMUXMobileCore CmxIrohDirectDialCandidate.swift
[244/368] Compiling CMUXMobileCore CmxIrohNetworkProfileKey.swift
[245/368] Compiling CMUXMobileCore CmxIrohNetworkProfileKeyError.swift
[246/368] Compiling CMUXMobileCore CmxIrohPathHint+AddressValidation.swift
[247/368] Compiling CMUXMobileCore CmxIrohPathHint.swift
[248/368] Compiling CMUXMobileCore CmxIrohPathHintError.swift
[249/368] Compiling CMUXMobileCore CmxIrohPathHintKind.swift
[250/368] Compiling CMUXMobileCore CmxIrohPathHintPrivacyScope.swift
[251/368] Compiling CMUXMobileCore CmxIrohPathHintSource.swift
[252/368] Compiling CMUXMobileCore CmxIrohPathHintUse.swift
[253/368] Compiling CMUXMobileCore CmxIrohPathPreference.swift
[254/368] Compiling CMUXMobileCore CmxIrohPeerIdentity.swift
[258/368] Compiling CmuxMobileSupport UserDefaults+ForceRebuildKeyboardDock.swift
[259/368] Compiling CmuxMobileSupport View+MobileGlass.swift
[367/501] Compiling CmuxMobileShellModel MacSurfaceRenderer.swift
[368/501] Compiling CmuxMobileShellModel MacSurfaceTextDecoder.swift
[369/501] Compiling CmuxMobileShellModel MacWorkspaceState.swift
[370/503] Compiling CmuxMobileShellModel MobileConnectionMethodStore.swift
[371/503] Compiling CmuxMobileShellModel MobileConnectionState.swift
[372/504] Compiling CmuxMobileShellModel MobileDemoTerminalEngine.swift
[373/504] Compiling CmuxMobileShellModel MobileFeedbackRoute.swift
[374/504] Compiling CmuxMobileTransport TailscaleStatus.swift
[375/504] Emitting module CmuxMobileBrowserStream
[376/504] Compiling CmuxMobileShellModel MobileBuildType.swift
[377/504] Compiling CmuxMobileShellModel MobileClientIDRepository.swift
[379/504] Compiling CmuxMobileShellModel MachineAvatarPalette.swift
[380/504] Compiling CmuxMobileShellModel MobileAutoConnectMigrationResolution.swift
[381/504] Compiling CmuxMobileShellModel MobileAutoConnectMigrationStore.swift
[382/504] Compiling CmuxMobileBrowserStream BrowserStreamTransform.swift
[383/504] Compiling CmuxMobileBrowserStream BrowserStreamViewportEmissionPolicy.swift
[386/504] Compiling CmuxMobileShellModel MobileFeedbackStamp.swift
[388/504] Compiling CmuxMobileShellModel MobileDemoCommandCatalog.swift
[389/504] Compiling CmuxMobileShellModel MobileDemoContentCatalog.swift
[390/504] Emitting module CmuxMobileTransport
[391/504] Compiling CmuxMobileTransport TailscaleStatusMonitor.swift
/private/tmp/cmux-verify-20260908170330-19681-7317/source-e8fda62191/Packages/iOS/CmuxMobileTransport/Sources/CmuxMobileTransport/SystemNetworkInterfaceAddressProvider.swift:41:30: warning: 'init(cString:)' is deprecated: Use String(decoding: array, as: UTF8.self) instead, after truncating the null termination. [#DeprecatedDeclaration]
39 |                 NetworkInterfaceAddress(
40 |                     interfaceName: String(cString: entry.pointee.ifa_name),
41 |                     address: String(cString: host)
   |                              `- warning: 'init(cString:)' is deprecated: Use String(decoding: array, as: UTF8.self) instead, after truncating the null termination. [#DeprecatedDeclaration]
42 |                 )
43 |             )

[#DeprecatedDeclaration]: <https://docs.swift.org/compiler/documentation/diagnostics/deprecated-declaration>
[393/504] Compiling CmuxMobileShellModel MobileIdentityProviding.swift
/private/tmp/cmux-verify-20260908170330-19681-7317/source-e8fda62191/Packages/iOS/CmuxMobileTransport/Sources/CmuxMobileTransport/SystemNetworkInterfaceAddressProvider.swift:41:30: warning: 'init(cString:)' is deprecated: Use String(decoding: array, as: UTF8.self) instead, after truncating the null termination. [#DeprecatedDeclaration]
39 |                 NetworkInterfaceAddress(
40 |                     interfaceName: String(cString: entry.pointee.ifa_name),
41 |                     address: String(cString: host)
   |                              `- warning: 'init(cString:)' is deprecated: Use String(decoding: array, as: UTF8.self) instead, after truncating the null termination. [#DeprecatedDeclaration]
42 |                 )
43 |             )

[#DeprecatedDeclaration]: <https://docs.swift.org/compiler/documentation/diagnostics/deprecated-declaration>
[398/504] Compiling CmuxMobileShellModel MobilePreparedImageAttachment.swift
[400/504] Compiling CmuxMobileShellModel MobileRelativeActivity.swift
[402/504] Compiling CmuxMobileShellModel MobilePairingURLConnectionResult.swift
[403/504] Compiling CmuxMobileShellModel MobilePendingAttachment.swift
[404/504] Emitting module CmuxMobileShellModel
[405/512] Compiling CmuxMobileShellModel MobileOnboardingProgress.swift
[406/512] Compiling CmuxMobileShellModel MobileOnboardingStore.swift
[408/512] Compiling CmuxMobileShellModel MobileImageAttachmentPreparer.swift
[409/512] Compiling CmuxMobileShellModel MobileMacConnectionStatus.swift
[418/512] Compiling CmuxMobileShellModel MobileSurfacePreview.swift
/private/tmp/cmux-verify-20260908170330-19681-7317/source-e8fda62191/Packages/iOS/CmuxMobileShellModel/Sources/CmuxMobileShellModel/MacWorkspaceState.swift:2:8: warning: public import of 'Foundation' was not used in public declarations or inlinable code
 1 | import CMUXMobileCore
 2 | public import Foundation
   |        `- warning: public import of 'Foundation' was not used in public declarations or inlinable code
 3 | 
 4 | /// The phone's view of ONE Mac's workspaces: the per-Mac source of truth behind
/private/tmp/cmux-verify-20260908170330-19681-7317/source-e8fda62191/Packages/iOS/CmuxMobileShellModel/Sources/CmuxMobileShellModel/MacWorkspaceState.swift:2:8: warning: public import of 'Foundation' was not used in public declarations or inlinable code
 1 | import CMUXMobileCore
 2 | public import Foundation
   |        `- warning: public import of 'Foundation' was not used in public declarations or inlinable code
 3 | 
 4 | /// The phone's view of ONE Mac's workspaces: the per-Mac source of truth behind
/private/tmp/cmux-verify-20260908170330-19681-7317/source-e8fda62191/Packages/iOS/CmuxMobileShellModel/Sources/CmuxMobileShellModel/MacWorkspaceState.swift:2:8: warning: public import of 'Foundation' was not used in public declarations or inlinable code
 1 | import CMUXMobileCore
 2 | public import Foundation
   |        `- warning: public import of 'Foundation' was not used in public declarations or inlinable code
 3 | 
 4 | /// The phone's view of ONE Mac's workspaces: the per-Mac source of truth behind
/private/tmp/cmux-verify-20260908170330-19681-7317/source-e8fda62191/Packages/iOS/CmuxMobileShellModel/Sources/CmuxMobileShellModel/MacWorkspaceState.swift:2:8: warning: public import of 'Foundation' was not used in public declarations or inlinable code
 1 | import CMUXMobileCore
 2 | public import Foundation
   |        `- warning: public import of 'Foundation' was not used in public declarations or inlinable code
 3 | 
 4 | /// The phone's view of ONE Mac's workspaces: the per-Mac source of truth behind
/private/tmp/cmux-verify-20260908170330-19681-7317/source-e8fda62191/Packages/iOS/CmuxMobileShellModel/Sources/CmuxMobileShellModel/MacWorkspaceState.swift:2:8: warning: public import of 'Foundation' was not used in public declarations or inlinable code
 1 | import CMUXMobileCore
 2 | public import Foundation
   |        `- warning: public import of 'Foundation' was not used in public declarations or inlinable code
 3 | 
 4 | /// The phone's view of ONE Mac's workspaces: the per-Mac source of truth behind
/private/tmp/cmux-verify-20260908170330-19681-7317/source-e8fda62191/Packages/iOS/CmuxMobileShellModel/Sources/CmuxMobileShellModel/MacWorkspaceState.swift:2:8: warning: public import of 'Foundation' was not used in public declarations or inlinable code
 1 | import CMUXMobileCore
 2 | public import Foundation
   |        `- warning: public import of 'Foundation' was not used in public declarations or inlinable code
 3 | 
 4 | /// The phone's view of ONE Mac's workspaces: the per-Mac source of truth behind
/private/tmp/cmux-verify-20260908170330-19681-7317/source-e8fda62191/Packages/iOS/CmuxMobileShellModel/Sources/CmuxMobileShellModel/MacWorkspaceState.swift:2:8: warning: public import of 'Foundation' was not used in public declarations or inlinable code
 1 | import CMUXMobileCore
 2 | public import Foundation
   |        `- warning: public import of 'Foundation' was not used in public declarations or inlinable code
 3 | 
 4 | /// The phone's view of ONE Mac's workspaces: the per-Mac source of truth behind
/private/tmp/cmux-verify-20260908170330-19681-7317/source-e8fda62191/Packages/iOS/CmuxMobileShellModel/Sources/CmuxMobileShellModel/MacWorkspaceState.swift:2:8: warning: public import of 'Foundation' was not used in public declarations or inlinable code
 1 | import CMUXMobileCore
 2 | public import Foundation
   |        `- warning: public import of 'Foundation' was not used in public declarations or inlinable code
 3 | 
 4 | /// The phone's view of ONE Mac's workspaces: the per-Mac source of truth behind
/private/tmp/cmux-verify-20260908170330-19681-7317/source-e8fda62191/Packages/iOS/CmuxMobileShellModel/Sources/CmuxMobileShellModel/MacWorkspaceState.swift:2:8: warning: public import of 'Foundation' was not used in public declarations or inlinable code
 1 | import CMUXMobileCore
 2 | public import Foundation
   |        `- warning: public import of 'Foundation' was not used in public declarations or inlinable code
 3 | 
 4 | /// The phone's view of ONE Mac's workspaces: the per-Mac source of truth behind
[441/512] Compiling CmuxMobileShellModel MobileMacListAuthState.swift
/private/tmp/cmux-verify-20260908170330-19681-7317/source-e8fda62191/Packages/iOS/CmuxMobileShellModel/Sources/CmuxMobileShellModel/MobileMacListAuthState.swift:1:8: warning: public import of 'Foundation' was not used in public declarations or inlinable code
  1 | public import Foundation
    |        `- warning: public import of 'Foundation' was not used in public declarations or inlinable code
  2 | public import Observation
  3 | 
[442/512] Compiling CmuxMobileShellModel MobileNotificationFeedAggregation.swift
/private/tmp/cmux-verify-20260908170330-19681-7317/source-e8fda62191/Packages/iOS/CmuxMobileShellModel/Sources/CmuxMobileShellModel/MobileMacListAuthState.swift:1:8: warning: public import of 'Foundation' was not used in public declarations or inlinable code
  1 | public import Foundation
    |        `- warning: public import of 'Foundation' was not used in public declarations or inlinable code
  2 | public import Observation
  3 | 
[443/512] Compiling CmuxMobileShellModel MobileNotificationFeedAggregationCandidate.swift
/private/tmp/cmux-verify-20260908170330-19681-7317/source-e8fda62191/Packages/iOS/CmuxMobileShellModel/Sources/CmuxMobileShellModel/MobileMacListAuthState.swift:1:8: warning: public import of 'Foundation' was not used in public declarations or inlinable code
  1 | public import Foundation
    |        `- warning: public import of 'Foundation' was not used in public declarations or inlinable code
  2 | public import Observation
  3 | 
[444/512] Compiling CmuxMobileShellModel MobileNotificationFeedAggregationCandidateHeap.swift
/private/tmp/cmux-verify-20260908170330-19681-7317/source-e8fda62191/Packages/iOS/CmuxMobileShellModel/Sources/CmuxMobileShellModel/MobileMacListAuthState.swift:1:8: warning: public import of 'Foundation' was not used in public declarations or inlinable code
  1 | public import Foundation
    |        `- warning: public import of 'Foundation' was not used in public declarations or inlinable code
  2 | public import Observation
  3 | 
[445/512] Compiling CmuxMobileShellModel MobileNotificationFeedFilter.swift
/private/tmp/cmux-verify-20260908170330-19681-7317/source-e8fda62191/Packages/iOS/CmuxMobileShellModel/Sources/CmuxMobileShellModel/MobileMacListAuthState.swift:1:8: warning: public import of 'Foundation' was not used in public declarations or inlinable code
  1 | public import Foundation
    |        `- warning: public import of 'Foundation' was not used in public declarations or inlinable code
  2 | public import Observation
  3 | 
[446/512] Compiling CmuxMobileShellModel MobileNotificationFeedItem.swift
/private/tmp/cmux-verify-20260908170330-19681-7317/source-e8fda62191/Packages/iOS/CmuxMobileShellModel/Sources/CmuxMobileShellModel/MobileMacListAuthState.swift:1:8: warning: public import of 'Foundation' was not used in public declarations or inlinable code
  1 | public import Foundation
    |        `- warning: public import of 'Foundation' was not used in public declarations or inlinable code
  2 | public import Observation
  3 | 
[447/512] Compiling CmuxMobileShellModel MobileNotificationFeedItemID.swift
/private/tmp/cmux-verify-20260908170330-19681-7317/source-e8fda62191/Packages/iOS/CmuxMobileShellModel/Sources/CmuxMobileShellModel/MobileMacListAuthState.swift:1:8: warning: public import of 'Foundation' was not used in public declarations or inlinable code
  1 | public import Foundation
    |        `- warning: public import of 'Foundation' was not used in public declarations or inlinable code
  2 | public import Observation
  3 | 
[448/512] Compiling CmuxMobileShellModel MobileNotificationFeedSourceSnapshot.swift
/private/tmp/cmux-verify-20260908170330-19681-7317/source-e8fda62191/Packages/iOS/CmuxMobileShellModel/Sources/CmuxMobileShellModel/MobileMacListAuthState.swift:1:8: warning: public import of 'Foundation' was not used in public declarations or inlinable code
  1 | public import Foundation
    |        `- warning: public import of 'Foundation' was not used in public declarations or inlinable code
  2 | public import Observation
  3 | 
[449/512] Compiling CmuxMobileShellModel MobileNotificationFeedStatus.swift
/private/tmp/cmux-verify-20260908170330-19681-7317/source-e8fda62191/Packages/iOS/CmuxMobileShellModel/Sources/CmuxMobileShellModel/MobileMacListAuthState.swift:1:8: warning: public import of 'Foundation' was not used in public declarations or inlinable code
  1 | public import Foundation
    |        `- warning: public import of 'Foundation' was not used in public declarations or inlinable code
  2 | public import Observation
  3 | 
[450/512] Compiling CmuxMobileShellModel MobileWorkspaceReadStateFilter.swift
[451/512] Compiling CmuxMobileShellModel MobileWorkspaceRecencyOrder.swift
[452/512] Compiling CmuxMobileShellModel MobileWorkspaceSortMode.swift
[453/512] Compiling CmuxMobileShellModel MobileWorkspaceSortStore.swift
[454/512] Compiling CmuxMobileShellModel MobileWorkspaceUnreadState.swift
[455/512] Compiling CmuxMobileShellModel RegistryDevice.swift
[456/512] Compiling CmuxMobileShellModel TaskComposerAttachment.swift
[457/512] Compiling CmuxMobileShellModel TerminalComposerAttachmentInsertion.swift
[458/512] Compiling CmuxMobilePairedMac MobilePairedMacStore+Queries.swift
[459/512] Compiling CmuxMobilePairedMac MobilePairedMacStore+SQLite.swift
[460/512] Compiling CmuxMobilePairedMac MobilePairedMacStoreError.swift
[461/512] Compiling CmuxMobilePairedMac MobilePairedMacStore+DeviceIDCanonicalization.swift
[462/512] Compiling CmuxMobilePairedMac MobilePairedMacStore+Records.swift
[463/512] Compiling CmuxMobilePairedMac MobilePairedMacRouteWriteCondition.swift
[464/512] Compiling CmuxMobilePairedMac MobilePairedMacExactScope.swift
[465/512] Emitting module CmuxMobilePairedMac
[466/512] Compiling CmuxMobilePairedMac MobilePairedMacStore.swift
[467/512] Compiling CmuxMobilePairedMac MobilePairedMac.swift
[468/513] Compiling CmuxMobileShellModel MobileWorkspaceMovePolicy.swift
[469/513] Compiling CmuxMobileShellModel MobileWorkspaceOptimisticOrder.swift
[470/513] Compiling CmuxMobileShellModel MobileWorkspaceOptimisticOrderEntry.swift
[471/513] Compiling CmuxMobileShellModel MobileWorkspaceOptimisticOrderReconciler.swift
[472/513] Compiling CmuxMobileShellModel MobileWorkspaceOrderMoveApplier.swift
[473/513] Compiling CmuxMobileShellModel MobileWorkspaceOrderSignature.swift
[474/513] Compiling CmuxMobileShellModel MobileWorkspacePreview+WindowScope.swift
[475/513] Compiling CmuxMobileShellModel MobileWorkspacePreview.swift
[476/513] Compiling CmuxMobileShellModel MobileTaskModelListResult.swift
[477/513] Compiling CmuxMobileShellModel MobileTaskModelListSource.swift
[478/513] Compiling CmuxMobileShellModel MobileTaskSubmissionAttachment.swift
[479/513] Compiling CmuxMobileShellModel MobileTaskSubmissionIdentity.swift
[480/513] Compiling CmuxMobileShellModel MobileTaskSubmissionSnapshot.swift
[481/513] Compiling CmuxMobileShellModel MobileTaskTemplate.swift
[482/513] Compiling CmuxMobileShellModel MobileTerminalInputEnqueueResult.swift
[483/513] Compiling CmuxMobileShellModel MobileTerminalInputSendBuffer.swift
[484/513] Compiling CmuxMobileShellModel MobileTerminalOutputSinking.swift
[485/513] Compiling CmuxMobileShellModel MobileWorkspaceGroupMoveMenu.swift
[486/513] Compiling CmuxMobileShellModel MobileWorkspaceGroupPreview.swift
[487/513] Compiling CmuxMobileShellModel MobileWorkspaceLastTabStore.swift
[488/513] Compiling CmuxMobileShellModel MobileWorkspaceListFilter.swift
[489/513] Compiling CmuxMobileShellModel MobileWorkspaceListItem+MoveIntent.swift
[490/513] Compiling CmuxMobileShellModel MobileWorkspaceListItem.swift
[491/513] Compiling CmuxMobileShellModel MobileWorkspaceListMoveIntentResolver.swift
[492/513] Compiling CmuxMobileShellModel MobileWorkspaceMoveIntent.swift
[493/513] Compiling CmuxMobileShellModel MobileTerminalPreview.swift
[494/513] Compiling CmuxMobileShellModel MobileTerminalSendStatus.swift
[495/513] Compiling CmuxMobileShellModel MobileTerminalViewportFit.swift
[496/513] Compiling CmuxMobileShellModel MobileTerminalViewportSize.swift
[497/513] Compiling CmuxMobileShellModel MobileTodoMutation.swift
[498/513] Compiling CmuxMobileShellModel MobileWhatsNewChannelPolicy.swift
[499/513] Compiling CmuxMobileShellModel MobileWorkspaceActionCapabilities.swift
[500/513] Compiling CmuxMobileShellModel MobileWorkspaceAggregation.swift
[501/513] Compiling CmuxMobileShellModel MobileWorkspaceGroupCollapseStore.swift
[502/513] Compiling CmuxMobileShellModel MobileTaskAgentProvider.swift
[503/513] Compiling CmuxMobileShellModel MobileTaskAttachmentChunkPlan.swift
[504/513] Compiling CmuxMobileShellModel MobileTaskCommandComposer.swift
[505/513] Compiling CmuxMobileShellModel MobileTaskComposerDraft.swift
[506/513] Compiling CmuxMobileShellModel MobileTaskComposerDraftAttachment.swift
[507/513] Compiling CmuxMobileShellModel MobileTaskComposerSavedDraft.swift
[508/513] Compiling CmuxMobileShellModel MobileTaskComposition.swift
[509/513] Compiling CmuxMobileShellModel MobileTaskDirectorySuggestion.swift
[510/513] Compiling CmuxMobileShellModel MobileTaskModelAvailability.swift
[511/513] Compiling CmuxMobilePairedMac MobilePairedMacStoring.swift
[512/589] Emitting module CmuxMobileRPC
[513/597] Compiling CmuxMobileRPC CmxAttachEndpoint+LogDescription.swift
[514/597] Compiling CmuxMobileRPC CmxAttachTicketInput.swift
[515/597] Compiling CmuxMobileRPC MobileArtifactLaneConnection.swift
[516/597] Compiling CmuxMobileRPC MobileBrowserCommandResponse.swift
[517/597] Compiling CmuxMobileRPC MobileBrowserCreateParameters.swift
[518/597] Compiling CmuxMobileRPC MobileBrowserFrameAckParameters.swift
[519/597] Compiling CmuxMobileRPC MobileBrowserListParameters.swift
[520/597] Compiling CmuxMobileRPC MobileBrowserListResponse.swift
[521/597] Compiling CmuxMobileRPC MobileBrowserNavigateParameters.swift
[522/597] Compiling CmuxMobileRPC MobileRPCTransportConnectEvent.swift
[523/597] Compiling CmuxMobileRPC MobileShellConnectionError.swift
[524/597] Compiling CmuxMobileRPC MobileSimulatorRPCDTOs.swift
[525/597] Compiling CmuxMobileRPC MobileSimulatorStreamLaneConnection.swift
[526/597] Compiling CmuxMobileRPC MobileSyncRuntime.swift
[527/597] Compiling CmuxMobileRPC MobileSyncWorkspaceListResponse.swift
[528/597] Compiling CmuxMobileRPC MobileSyncing.swift
[529/597] Compiling CmuxMobileRPC MobileTaskDirectoryListEntries.swift
[530/597] Compiling CmuxMobileRPC MobileHostPhonePushStatus.swift
[531/597] Compiling CmuxMobileRPC MobileHostStatusResponse.swift
[532/597] Compiling CmuxMobileRPC MobileNotificationBadgeEvent.swift
[533/597] Compiling CmuxMobileRPC MobileNotificationDismissedEvent.swift
[534/597] Compiling CmuxMobileRPC MobileNotificationFeedChangedEvent.swift
[535/597] Compiling CmuxMobileRPC MobileNotificationFeedListBoundedDecodeOptions.swift
[536/597] Compiling CmuxMobileRPC MobileNotificationFeedListBoundedItem.swift
[537/597] Compiling CmuxMobileRPC MobileNotificationFeedListBoundedResponse.swift
[538/597] Compiling CmuxMobileRPC MobileTerminalRenderGridEvent.swift
[539/597] Compiling CmuxMobileRPC MobileTerminalReplayResponse.swift
[540/597] Compiling CmuxMobileRPC MobileTerminalSetFontEvent.swift
[541/597] Compiling CmuxMobileRPC MobileTerminalViewportResponse.swift
[542/597] Compiling CmuxMobileRPC MobileWorkspaceChangeStatus.swift
[543/597] Compiling CmuxMobileRPC MobileWorkspaceChangedFilesResponse.swift
[544/597] Compiling CmuxMobileRPC MobileWorkspaceChangesSummariesResponse.swift
[545/597] Compiling CmuxMobileRPC MobileWorkspaceChangesSummaryRequest.swift
[546/597] Compiling CmuxMobileRPC MobileTaskDirectoryListEntry.swift
[547/597] Compiling CmuxMobileRPC MobileTaskDirectoryListRequest.swift
[548/597] Compiling CmuxMobileRPC MobileTaskDirectoryListResponse.swift
[549/597] Compiling CmuxMobileRPC MobileTaskDirectorySearchResponse.swift
[550/597] Compiling CmuxMobileRPC MobileTerminalBytesEvent.swift
[551/597] Compiling CmuxMobileRPC MobileTerminalInputResponse.swift
[552/597] Compiling CmuxMobileRPC MobileTerminalLaneConnection.swift
[553/597] Compiling CmuxMobileRPC MobileTerminalLaneOutputFrame.swift
[554/597] Compiling CmuxMobileRPC MobileWorkspaceFileDiffResponse.swift
[555/597] Compiling CmuxMobileRPC MobileWorkspacePreview+RemoteMapping.swift
[556/597] Compiling CmuxMobileRPC PreviewMobileHost.swift
[557/597] Compiling CmuxMobileRPC RPCRequestDeadline.swift
[558/597] Compiling CmuxMobileRPC RPCStackTokenGate.swift
[559/597] Compiling CmuxMobileRPC RPCTaskTimeout.swift
[560/597] Compiling CmuxMobileRPC RPCTaskTimeoutCancellation.swift
[561/597] Compiling CmuxMobileRPC RPCTaskTimeoutRace.swift
[562/597] Compiling CmuxMobileRPC MobileRPCConnectAdmission.swift
[563/597] Compiling CmuxMobileRPC MobileRPCConnectAttemptKey.swift
[564/597] Compiling CmuxMobileRPC MobileRPCConnectAttemptLease.swift
[565/597] Compiling CmuxMobileRPC MobileRPCConnectAttemptRegistry.swift
[566/597] Compiling CmuxMobileRPC MobileRPCConnectCancellationClose.swift
[567/597] Compiling CmuxMobileRPC MobileRPCConnectEndpointIdentity.swift
[568/597] Compiling CmuxMobileRPC MobileRPCConnectRouteState.swift
[569/597] Compiling CmuxMobileRPC MobileRPCRejectedTransportDisposal.swift
[570/597] Compiling CmuxMobileRPC MobileNotificationFeedListItem.swift
[571/597] Compiling CmuxMobileRPC MobileNotificationFeedListResponse.swift
[572/597] Compiling CmuxMobileRPC MobileNotificationFeedListStringLimits.swift
[573/597] Compiling CmuxMobileRPC MobileNotificationFeedMutationResponse.swift
[574/597] Compiling CmuxMobileRPC MobileNotificationReconcileResponse.swift
[575/597] Compiling CmuxMobileRPC MobileRPCAbandonedCandidateClose.swift
[576/597] Compiling CmuxMobileRPC MobileRPCAbandonedConnectCleaner.swift
[577/597] Compiling CmuxMobileRPC MobileRPCClientLifecycleGate.swift
[578/597] Compiling CmuxMobileRPC MobileBrowserPanelParameters.swift
[579/597] Compiling CmuxMobileRPC MobileBrowserRPCRequestEncoder.swift
[580/597] Compiling CmuxMobileRPC MobileCaffeineStatus.swift
[581/597] Compiling CmuxMobileRPC MobileCoreRPCAttachTicketCoverage.swift
[582/597] Compiling CmuxMobileRPC MobileCoreRPCClient+BrowserStream.swift
[583/597] Compiling CmuxMobileRPC MobileCoreRPCClient+ReleaseGate.swift
[584/597] Compiling CmuxMobileRPC MobileCoreRPCClient+SimulatorStream.swift
[585/597] Compiling CmuxMobileRPC MobileCoreRPCClient+SurfaceFocus.swift
[586/597] Compiling CmuxMobileRPC MobileCoreRPCClient+Todo.swift
[587/597] Compiling CmuxMobileRPC MobileCoreRPCClient.swift
[588/597] Compiling CmuxMobileRPC MobileCoreRPCPipelinedRequest.swift
[589/597] Compiling CmuxMobileRPC MobileCoreRPCSession+AbandonedConnectCleanup.swift
[590/597] Compiling CmuxMobileRPC MobileCoreRPCSession+IndependentEvents.swift
[591/597] Compiling CmuxMobileRPC MobileCoreRPCSession+ReleaseGate.swift
[592/597] Compiling CmuxMobileRPC MobileCoreRPCSession+RequestSettlement.swift
[593/597] Compiling CmuxMobileRPC MobileCoreRPCSession.swift
[594/597] Compiling CmuxMobileRPC MobileEventEnvelope.swift
[595/597] Compiling CmuxMobileRPC MobileEventSubscribeResponse.swift
[596/813] Compiling CmuxMobileShell MobileMacAppVersion.swift
[597/813] Compiling CmuxMobileShell MobileMacBuildCompatibilityPolicy.swift
[598/813] Compiling CmuxMobileShell MobileMacBuildVersionStamp.swift
[599/813] Compiling CmuxMobileShell MobileMacCompatDebugOverride.swift
[600/813] Compiling CmuxMobileShell MobileMacCompatPolicy+Channel.swift
[601/813] Compiling CmuxMobileShell MobileMacCompatPolicy+NightlyRequirement.swift
[602/813] Compiling CmuxMobileShell MobileMacCompatPolicy+Tier.swift
[603/813] Compiling CmuxMobileShell MobileMacCompatPolicy+Violation.swift
[604/813] Compiling CmuxMobileShell MobileMacCompatPolicy.swift
[605/813] Compiling CmuxMobileShell MobileMacCompatRemoteEntry.swift
[606/813] Compiling CmuxMobileShell MobileMacCompatRemoteList.swift
[607/813] Compiling CmuxMobileShell MobileMacCompatRemoteNightly.swift
[608/813] Compiling CmuxMobileShell MobileMacCompatiblePairedMacStore.swift
[609/813] Compiling CmuxMobileShell MobileMacConnectionRegistry+ControlSubscriptions.swift
[610/813] Compiling CmuxMobileShell MobileMacConnectionRegistry+Entry.swift
[611/813] Compiling CmuxMobileShell MobileMacConnectionRegistry+FocusedConnections.swift
[612/813] Compiling CmuxMobileShell MobileMacConnectionRegistry.swift
[613/813] Compiling CmuxMobileShell MobileMacConnectionRole.swift
[614/813] Compiling CmuxMobileShell MobileMacConnectionSnapshot.swift
[615/813] Compiling CmuxMobileShell MobileMacInstanceTagAuthority.swift
[616/813] Compiling CmuxMobileShell MobileMacInstanceTagExpectation.swift
[617/813] Compiling CmuxMobileShell MobileMacInstanceTagResolution.swift
[618/813] Compiling CmuxMobileShell MobileMacTagAllowlist.swift
[619/813] Compiling CmuxMobileShell MobileMacUpdateCapabilityRequirement.swift
[620/836] Compiling CmuxMobileShell PresenceSubscribing.swift
/private/tmp/cmux-verify-20260908170330-19681-7317/source-e8fda62191/Packages/iOS/CmuxMobileShell/Sources/CmuxMobileShell/PresenceSubscribing.swift:1:8: warning: public import of 'Foundation' was not used in public declarations or inlinable code
 1 | public import Foundation
   |        `- warning: public import of 'Foundation' was not used in public declarations or inlinable code
 2 | 
 3 | /// The shell store's seam onto the presence subscribe stream, so the live
[621/836] Compiling CmuxMobileShell PresenceTokenSource.swift
/private/tmp/cmux-verify-20260908170330-19681-7317/source-e8fda62191/Packages/iOS/CmuxMobileShell/Sources/CmuxMobileShell/PresenceSubscribing.swift:1:8: warning: public import of 'Foundation' was not used in public declarations or inlinable code
 1 | public import Foundation
   |        `- warning: public import of 'Foundation' was not used in public declarations or inlinable code
 2 | 
 3 | /// The shell store's seam onto the presence subscribe stream, so the live
[622/836] Compiling CmuxMobileShell PresenceUpdate.swift
/private/tmp/cmux-verify-20260908170330-19681-7317/source-e8fda62191/Packages/iOS/CmuxMobileShell/Sources/CmuxMobileShell/PresenceSubscribing.swift:1:8: warning: public import of 'Foundation' was not used in public declarations or inlinable code
 1 | public import Foundation
   |        `- warning: public import of 'Foundation' was not used in public declarations or inlinable code
 2 | 
 3 | /// The shell store's seam onto the presence subscribe stream, so the live
[623/836] Compiling CmuxMobileShell ResolveForegroundMacID.swift
/private/tmp/cmux-verify-20260908170330-19681-7317/source-e8fda62191/Packages/iOS/CmuxMobileShell/Sources/CmuxMobileShell/PresenceSubscribing.swift:1:8: warning: public import of 'Foundation' was not used in public declarations or inlinable code
 1 | public import Foundation
   |        `- warning: public import of 'Foundation' was not used in public declarations or inlinable code
 2 | 
 3 | /// The shell store's seam onto the presence subscribe stream, so the live
[624/836] Compiling CmuxMobileShell RestoreOutcome.swift
/private/tmp/cmux-verify-20260908170330-19681-7317/source-e8fda62191/Packages/iOS/CmuxMobileShell/Sources/CmuxMobileShell/PresenceSubscribing.swift:1:8: warning: public import of 'Foundation' was not used in public declarations or inlinable code
 1 | public import Foundation
   |        `- warning: public import of 'Foundation' was not used in public declarations or inlinable code
 2 | 
 3 | /// The shell store's seam onto the presence subscribe stream, so the live
[625/836] Compiling CmuxMobileShell SameDeviceEvidence.swift
/private/tmp/cmux-verify-20260908170330-19681-7317/source-e8fda62191/Packages/iOS/CmuxMobileShell/Sources/CmuxMobileShell/PresenceSubscribing.swift:1:8: warning: public import of 'Foundation' was not used in public declarations or inlinable code
 1 | public import Foundation
   |        `- warning: public import of 'Foundation' was not used in public declarations or inlinable code
 2 | 
 3 | /// The shell store's seam onto the presence subscribe stream, so the live
[626/836] Compiling CmuxMobileShell SecondaryClientAttempt.swift
/private/tmp/cmux-verify-20260908170330-19681-7317/source-e8fda62191/Packages/iOS/CmuxMobileShell/Sources/CmuxMobileShell/PresenceSubscribing.swift:1:8: warning: public import of 'Foundation' was not used in public declarations or inlinable code
 1 | public import Foundation
   |        `- warning: public import of 'Foundation' was not used in public declarations or inlinable code
 2 | 
 3 | /// The shell store's seam onto the presence subscribe stream, so the live
[627/836] Compiling CmuxMobileShell SecondaryClientHandle.swift
/private/tmp/cmux-verify-20260908170330-19681-7317/source-e8fda62191/Packages/iOS/CmuxMobileShell/Sources/CmuxMobileShell/PresenceSubscribing.swift:1:8: warning: public import of 'Foundation' was not used in public declarations or inlinable code
 1 | public import Foundation
   |        `- warning: public import of 'Foundation' was not used in public declarations or inlinable code
 2 | 
 3 | /// The shell store's seam onto the presence subscribe stream, so the live
[628/836] Compiling CmuxMobileShell SecondaryControlAttemptPolicy.swift
/private/tmp/cmux-verify-20260908170330-19681-7317/source-e8fda62191/Packages/iOS/CmuxMobileShell/Sources/CmuxMobileShell/PresenceSubscribing.swift:1:8: warning: public import of 'Foundation' was not used in public declarations or inlinable code
 1 | public import Foundation
   |        `- warning: public import of 'Foundation' was not used in public declarations or inlinable code
 2 | 
 3 | /// The shell store's seam onto the presence subscribe stream, so the live
[629/836] Compiling CmuxMobileShell SecondaryEventSubscriptionActivation.swift
/private/tmp/cmux-verify-20260908170330-19681-7317/source-e8fda62191/Packages/iOS/CmuxMobileShell/Sources/CmuxMobileShell/PresenceSubscribing.swift:1:8: warning: public import of 'Foundation' was not used in public declarations or inlinable code
 1 | public import Foundation
   |        `- warning: public import of 'Foundation' was not used in public declarations or inlinable code
 2 | 
 3 | /// The shell store's seam onto the presence subscribe stream, so the live
[630/836] Compiling CmuxMobileShell SecondaryHostStatusAttempt.swift
/private/tmp/cmux-verify-20260908170330-19681-7317/source-e8fda62191/Packages/iOS/CmuxMobileShell/Sources/CmuxMobileShell/PresenceSubscribing.swift:1:8: warning: public import of 'Foundation' was not used in public declarations or inlinable code
 1 | public import Foundation
   |        `- warning: public import of 'Foundation' was not used in public declarations or inlinable code
 2 | 
 3 | /// The shell store's seam onto the presence subscribe stream, so the live
[631/836] Compiling CmuxMobileShell SecondaryMacEstablishmentFlight.swift
/private/tmp/cmux-verify-20260908170330-19681-7317/source-e8fda62191/Packages/iOS/CmuxMobileShell/Sources/CmuxMobileShell/PresenceSubscribing.swift:1:8: warning: public import of 'Foundation' was not used in public declarations or inlinable code
 1 | public import Foundation
   |        `- warning: public import of 'Foundation' was not used in public declarations or inlinable code
 2 | 
 3 | /// The shell store's seam onto the presence subscribe stream, so the live
[632/836] Compiling CmuxMobileShell SecondaryMacEstablishmentOutcome.swift
/private/tmp/cmux-verify-20260908170330-19681-7317/source-e8fda62191/Packages/iOS/CmuxMobileShell/Sources/CmuxMobileShell/PresenceSubscribing.swift:1:8: warning: public import of 'Foundation' was not used in public declarations or inlinable code
 1 | public import Foundation
   |        `- warning: public import of 'Foundation' was not used in public declarations or inlinable code
 2 | 
 3 | /// The shell store's seam onto the presence subscribe stream, so the live
[633/836] Compiling CmuxMobileShell SecondaryMacPostDrainAction.swift
/private/tmp/cmux-verify-20260908170330-19681-7317/source-e8fda62191/Packages/iOS/CmuxMobileShell/Sources/CmuxMobileShell/PresenceSubscribing.swift:1:8: warning: public import of 'Foundation' was not used in public declarations or inlinable code
 1 | public import Foundation
   |        `- warning: public import of 'Foundation' was not used in public declarations or inlinable code
 2 | 
 3 | /// The shell store's seam onto the presence subscribe stream, so the live
[634/836] Compiling CmuxMobileShell SecondaryMacSubscription.swift
/private/tmp/cmux-verify-20260908170330-19681-7317/source-e8fda62191/Packages/iOS/CmuxMobileShell/Sources/CmuxMobileShell/PresenceSubscribing.swift:1:8: warning: public import of 'Foundation' was not used in public declarations or inlinable code
 1 | public import Foundation
   |        `- warning: public import of 'Foundation' was not used in public declarations or inlinable code
 2 | 
 3 | /// The shell store's seam onto the presence subscribe stream, so the live
[635/836] Compiling CmuxMobileShell SecondaryMacTransportDrainOperation.swift
/private/tmp/cmux-verify-20260908170330-19681-7317/source-e8fda62191/Packages/iOS/CmuxMobileShell/Sources/CmuxMobileShell/PresenceSubscribing.swift:1:8: warning: public import of 'Foundation' was not used in public declarations or inlinable code
 1 | public import Foundation
   |        `- warning: public import of 'Foundation' was not used in public declarations or inlinable code
 2 | 
 3 | /// The shell store's seam onto the presence subscribe stream, so the live
[636/836] Compiling CmuxMobileShell SecondaryMacTransportDrainWaiter.swift
/private/tmp/cmux-verify-20260908170330-19681-7317/source-e8fda62191/Packages/iOS/CmuxMobileShell/Sources/CmuxMobileShell/PresenceSubscribing.swift:1:8: warning: public import of 'Foundation' was not used in public declarations or inlinable code
 1 | public import Foundation
   |        `- warning: public import of 'Foundation' was not used in public declarations or inlinable code
 2 | 
 3 | /// The shell store's seam onto the presence subscribe stream, so the live
[637/836] Compiling CmuxMobileShell SecondaryOwnedEventSubscriptionActivation.swift
/private/tmp/cmux-verify-20260908170330-19681-7317/source-e8fda62191/Packages/iOS/CmuxMobileShell/Sources/CmuxMobileShell/PresenceSubscribing.swift:1:8: warning: public import of 'Foundation' was not used in public declarations or inlinable code
 1 | public import Foundation
   |        `- warning: public import of 'Foundation' was not used in public declarations or inlinable code
 2 | 
 3 | /// The shell store's seam onto the presence subscribe stream, so the live
[638/836] Compiling CmuxMobileShell SecondaryStoredAuthorityValidation.swift
/private/tmp/cmux-verify-20260908170330-19681-7317/source-e8fda62191/Packages/iOS/CmuxMobileShell/Sources/CmuxMobileShell/PresenceSubscribing.swift:1:8: warning: public import of 'Foundation' was not used in public declarations or inlinable code
 1 | public import Foundation
   |        `- warning: public import of 'Foundation' was not used in public declarations or inlinable code
 2 | 
 3 | /// The shell store's seam onto the presence subscribe stream, so the live
[639/836] Compiling CmuxMobileShell SecondaryWorkspaceFetchAttempt.swift
/private/tmp/cmux-verify-20260908170330-19681-7317/source-e8fda62191/Packages/iOS/CmuxMobileShell/Sources/CmuxMobileShell/PresenceSubscribing.swift:1:8: warning: public import of 'Foundation' was not used in public declarations or inlinable code
 1 | public import Foundation
   |        `- warning: public import of 'Foundation' was not used in public declarations or inlinable code
 2 | 
 3 | /// The shell store's seam onto the presence subscribe stream, so the live
[640/836] Compiling CmuxMobileShell SecondaryWorkspaceSnapshot.swift
/private/tmp/cmux-verify-20260908170330-19681-7317/source-e8fda62191/Packages/iOS/CmuxMobileShell/Sources/CmuxMobileShell/PresenceSubscribing.swift:1:8: warning: public import of 'Foundation' was not used in public declarations or inlinable code
 1 | public import Foundation
   |        `- warning: public import of 'Foundation' was not used in public declarations or inlinable code
 2 | 
 3 | /// The shell store's seam onto the presence subscribe stream, so the live
[641/836] Compiling CmuxMobileShell SystemDeliveredNotificationClearer.swift
/private/tmp/cmux-verify-20260908170330-19681-7317/source-e8fda62191/Packages/iOS/CmuxMobileShell/Sources/CmuxMobileShell/PresenceSubscribing.swift:1:8: warning: public import of 'Foundation' was not used in public declarations or inlinable code
 1 | public import Foundation
   |        `- warning: public import of 'Foundation' was not used in public declarations or inlinable code
 2 | 
 3 | /// The shell store's seam onto the presence subscribe stream, so the live
[642/836] Compiling CmuxMobileShell TeamScopedPairedMacStore.swift
/private/tmp/cmux-verify-20260908170330-19681-7317/source-e8fda62191/Packages/iOS/CmuxMobileShell/Sources/CmuxMobileShell/PresenceSubscribing.swift:1:8: warning: public import of 'Foundation' was not used in public declarations or inlinable code
 1 | public import Foundation
   |        `- warning: public import of 'Foundation' was not used in public declarations or inlinable code
 2 | 
 3 | /// The shell store's seam onto the presence subscribe stream, so the live
[643/859] Emitting module CmuxMobileShell
/private/tmp/cmux-verify-20260908170330-19681-7317/source-e8fda62191/Packages/iOS/CmuxMobileShell/Sources/CmuxMobileShell/DeviceRegistryService.swift:642:32: warning: use of protocol 'Decoder' as a type must be written 'any Decoder'; this will be an error in a future Swift language mode [#ExistentialAny]
640 |         struct FailableRoute: Decodable {
641 |             let value: CmxAttachRoute?
642 |             init(from decoder: Decoder) throws {
    |                                `- warning: use of protocol 'Decoder' as a type must be written 'any Decoder'; this will be an error in a future Swift language mode [#ExistentialAny]
643 |                 value = try? CmxAttachRoute(from: decoder)
644 |             }

[#ExistentialAny]: <https://docs.swift.org/compiler/documentation/diagnostics/existential-any>
[644/859] Compiling CmuxMobileShell PairedMacBackupRecord.swift
[645/859] Compiling CmuxMobileShell PairedMacBackupRecordWire.swift
[646/859] Compiling CmuxMobileShell PairedMacBackupRefreshing.swift
[647/859] Compiling CmuxMobileShell PairedMacBackupRequestBody.swift
[648/859] Compiling CmuxMobileShell PairedMacBackupRouteDisclosure.swift
[649/859] Compiling CmuxMobileShell PairedMacBackupSnapshot.swift
[650/859] Compiling CmuxMobileShell PairedMacBackupTeamStoring.swift
[651/859] Compiling CmuxMobileShell PairedMacFetchedSnapshot.swift
[652/859] Compiling CmuxMobileShell PairedMacHiddenStoring.swift
[653/859] Compiling CmuxMobileShell PairedMacMutationGate.swift
[654/859] Compiling CmuxMobileShell PairedMacPendingDeleteStoring.swift
[655/859] Compiling CmuxMobileShell PairedMacRestore.swift
[656/859] Compiling CmuxMobileShell PairedMacRestoreBoundary.swift
[657/859] Compiling CmuxMobileShell PendingNotificationDismissQueue.swift
[658/859] Compiling CmuxMobileShell PendingTerminalSubscriptionHandoff.swift
[659/859] Compiling CmuxMobileShell PresenceClient.swift
[660/859] Compiling CmuxMobileShell PresenceClientError.swift
[661/859] Compiling CmuxMobileShell PresenceDevice.swift
[662/859] Compiling CmuxMobileShell PresenceInstance.swift
[663/859] Compiling CmuxMobileShell PresenceMap.swift
[664/859] Compiling CmuxMobileShell PresenceOfflineReason.swift
[665/859] Compiling CmuxMobileShell PresenceServiceConfiguration.swift
[666/859] Compiling CmuxMobileShell PresenceSnapshot.swift
[667/859] Compiling CmuxMobileShell MobileMacUpdateFeature.swift
/private/tmp/cmux-verify-20260908170330-19681-7317/source-e8fda62191/Packages/iOS/CmuxMobileShell/Sources/CmuxMobileShell/MobileShellComposite+ConnectionDiagnostics.swift:1:8: warning: public import of 'CMUXMobileCore' was not used in public declarations or inlinable code
  1 | public import CMUXMobileCore
    |        `- warning: public import of 'CMUXMobileCore' was not used in public declarations or inlinable code
  2 | public import CmuxMobileRPC
  3 | 

/private/tmp/cmux-verify-20260908170330-19681-7317/source-e8fda62191/Packages/iOS/CmuxMobileShell/Sources/CmuxMobileShell/MobileShellComposite+ConnectionDiagnostics.swift:2:8: warning: public import of 'CmuxMobileRPC' was not used in public declarations or inlinable code
  1 | public import CMUXMobileCore
  2 | public import CmuxMobileRPC
    |        `- warning: public import of 'CmuxMobileRPC' was not used in public declarations or inlinable code
  3 | 
  4 | @MainActor

/private/tmp/cmux-verify-20260908170330-19681-7317/source-e8fda62191/Packages/iOS/CmuxMobileShell/Sources/CmuxMobileShell/MobileShellComposite+ConnectionRecovery.swift:1:8: warning: public import of 'CMUXMobileCore' was not used in public declarations or inlinable code
   1 | public import CMUXMobileCore
     |        `- warning: public import of 'CMUXMobileCore' was not used in public declarations or inlinable code
   2 | internal import CmuxMobileDiagnostics
   3 | public import CmuxMobilePairedMac

/private/tmp/cmux-verify-20260908170330-19681-7317/source-e8fda62191/Packages/iOS/CmuxMobileShell/Sources/CmuxMobileShell/MobileShellComposite+ConnectionRecovery.swift:3:8: warning: public import of 'CmuxMobilePairedMac' was not used in public declarations or inlinable code
   1 | public import CMUXMobileCore
   2 | internal import CmuxMobileDiagnostics
   3 | public import CmuxMobilePairedMac
     |        `- warning: public import of 'CmuxMobilePairedMac' was not used in public declarations or inlinable code
   4 | public import CmuxMobileRPC
   5 | public import CmuxMobileShellModel

/private/tmp/cmux-verify-20260908170330-19681-7317/source-e8fda62191/Packages/iOS/CmuxMobileShell/Sources/CmuxMobileShell/MobileShellComposite+ConnectionRecovery.swift:4:8: warning: public import of 'CmuxMobileRPC' was not used in public declarations or inlinable code
   2 | internal import CmuxMobileDiagnostics
   3 | public import CmuxMobilePairedMac
   4 | public import CmuxMobileRPC
     |        `- warning: public import of 'CmuxMobileRPC' was not used in public declarations or inlinable code
   5 | public import CmuxMobileShellModel
   6 | public import CmuxMobileTransport

/private/tmp/cmux-verify-20260908170330-19681-7317/source-e8fda62191/Packages/iOS/CmuxMobileShell/Sources/CmuxMobileShell/MobileShellComposite+ConnectionRecovery.swift:6:8: warning: public import of 'CmuxMobileTransport' was not used in public declarations or inlinable code
   4 | public import CmuxMobileRPC
   5 | public import CmuxMobileShellModel
   6 | public import CmuxMobileTransport
     |        `- warning: public import of 'CmuxMobileTransport' was not used in public declarations or inlinable code
   7 | public import Foundation
   8 | internal import OSLog

/private/tmp/cmux-verify-20260908170330-19681-7317/source-e8fda62191/Packages/iOS/CmuxMobileShell/Sources/CmuxMobileShell/MobileShellComposite+ConnectionRecovery.swift:7:8: warning: public import of 'Foundation' was not used in public declarations or inlinable code
   5 | public import CmuxMobileShellModel
   6 | public import CmuxMobileTransport
   7 | public import Foundation
     |        `- warning: public import of 'Foundation' was not used in public declarations or inlinable code
   8 | internal import OSLog
   9 | 

/private/tmp/cmux-verify-20260908170330-19681-7317/source-e8fda62191/Packages/iOS/CmuxMobileShell/Sources/CmuxMobileShell/MobileShellComposite+DemoContent.swift:4:8: warning: public import of 'CmuxMobileShellModel' was not used in public declarations or inlinable code
  2 | internal import CmuxMobileDiagnostics
  3 | public import CmuxMobilePairedMac
  4 | public import CmuxMobileShellModel
    |        `- warning: public import of 'CmuxMobileShellModel' was not used in public declarations or inlinable code
  5 | import Foundation
  6 | 
[668/859] Compiling CmuxMobileShell MobileMacUpdateHint.swift
/private/tmp/cmux-verify-20260908170330-19681-7317/source-e8fda62191/Packages/iOS/CmuxMobileShell/Sources/CmuxMobileShell/MobileShellComposite+ConnectionDiagnostics.swift:1:8: warning: public import of 'CMUXMobileCore' was not used in public declarations or inlinable code
  1 | public import CMUXMobileCore
    |        `- warning: public import of 'CMUXMobileCore' was not used in public declarations or inlinable code
  2 | public import CmuxMobileRPC
  3 | 

/private/tmp/cmux-verify-20260908170330-19681-7317/source-e8fda62191/Packages/iOS/CmuxMobileShell/Sources/CmuxMobileShell/MobileShellComposite+ConnectionDiagnostics.swift:2:8: warning: public import of 'CmuxMobileRPC' was not used in public declarations or inlinable code
  1 | public import CMUXMobileCore
  2 | public import CmuxMobileRPC
    |        `- warning: public import of 'CmuxMobileRPC' was not used in public declarations or inlinable code
  3 | 
  4 | @MainActor

/private/tmp/cmux-verify-20260908170330-19681-7317/source-e8fda62191/Packages/iOS/CmuxMobileShell/Sources/CmuxMobileShell/MobileShellComposite+ConnectionRecovery.swift:1:8: warning: public import of 'CMUXMobileCore' was not used in public declarations or inlinable code
   1 | public import CMUXMobileCore
     |        `- warning: public import of 'CMUXMobileCore' was not used in public declarations or inlinable code
   2 | internal import CmuxMobileDiagnostics
   3 | public import CmuxMobilePairedMac

/private/tmp/cmux-verify-20260908170330-19681-7317/source-e8fda62191/Packages/iOS/CmuxMobileShell/Sources/CmuxMobileShell/MobileShellComposite+ConnectionRecovery.swift:3:8: warning: public import of 'CmuxMobilePairedMac' was not used in public declarations or inlinable code
   1 | public import CMUXMobileCore
   2 | internal import CmuxMobileDiagnostics
   3 | public import CmuxMobilePairedMac
     |        `- warning: public import of 'CmuxMobilePairedMac' was not used in public declarations or inlinable code
   4 | public import CmuxMobileRPC
   5 | public import CmuxMobileShellModel

/private/tmp/cmux-verify-20260908170330-19681-7317/source-e8fda62191/Packages/iOS/CmuxMobileShell/Sources/CmuxMobileShell/MobileShellComposite+ConnectionRecovery.swift:4:8: warning: public import of 'CmuxMobileRPC' was not used in public declarations or inlinable code
   2 | internal import CmuxMobileDiagnostics
   3 | public import CmuxMobilePairedMac
   4 | public import CmuxMobileRPC
     |        `- warning: public import of 'CmuxMobileRPC' was not used in public declarations or inlinable code
   5 | public import CmuxMobileShellModel
   6 | public import CmuxMobileTransport

/private/tmp/cmux-verify-20260908170330-19681-7317/source-e8fda62191/Packages/iOS/CmuxMobileShell/Sources/CmuxMobileShell/MobileShellComposite+ConnectionRecovery.swift:6:8: warning: public import of 'CmuxMobileTransport' was not used in public declarations or inlinable code
   4 | public import CmuxMobileRPC
   5 | public import CmuxMobileShellModel
   6 | public import CmuxMobileTransport
     |        `- warning: public import of 'CmuxMobileTransport' was not used in public declarations or inlinable code
   7 | public import Foundation
   8 | internal import OSLog

/private/tmp/cmux-verify-20260908170330-19681-7317/source-e8fda62191/Packages/iOS/CmuxMobileShell/Sources/CmuxMobileShell/MobileShellComposite+ConnectionRecovery.swift:7:8: warning: public import of 'Foundation' was not used in public declarations or inlinable code
   5 | public import CmuxMobileShellModel
   6 | public import CmuxMobileTransport
   7 | public import Foundation
     |        `- warning: public import of 'Foundation' was not used in public declarations or inlinable code
   8 | internal import OSLog
   9 | 

/private/tmp/cmux-verify-20260908170330-19681-7317/source-e8fda62191/Packages/iOS/CmuxMobileShell/Sources/CmuxMobileShell/MobileShellComposite+DemoContent.swift:4:8: warning: public import of 'CmuxMobileShellModel' was not used in public declarations or inlinable code
  2 | internal import CmuxMobileDiagnostics
  3 | public import CmuxMobilePairedMac
  4 | public import CmuxMobileShellModel
    |        `- warning: public import of 'CmuxMobileShellModel' was not used in public declarations or inlinable code
  5 | import Foundation
  6 | 
[669/859] Compiling CmuxMobileShell MobileMacUpdateHintDismissalStore.swift
/private/tmp/cmux-verify-20260908170330-19681-7317/source-e8fda62191/Packages/iOS/CmuxMobileShell/Sources/CmuxMobileShell/MobileShellComposite+ConnectionDiagnostics.swift:1:8: warning: public import of 'CMUXMobileCore' was not used in public declarations or inlinable code
  1 | public import CMUXMobileCore
    |        `- warning: public import of 'CMUXMobileCore' was not used in public declarations or inlinable code
  2 | public import CmuxMobileRPC
  3 | 

/private/tmp/cmux-verify-20260908170330-19681-7317/source-e8fda62191/Packages/iOS/CmuxMobileShell/Sources/CmuxMobileShell/MobileShellComposite+ConnectionDiagnostics.swift:2:8: warning: public import of 'CmuxMobileRPC' was not used in public declarations or inlinable code
  1 | public import CMUXMobileCore
  2 | public import CmuxMobileRPC
    |        `- warning: public import of 'CmuxMobileRPC' was not used in public declarations or inlinable code
  3 | 
  4 | @MainActor

/private/tmp/cmux-verify-20260908170330-19681-7317/source-e8fda62191/Packages/iOS/CmuxMobileShell/Sources/CmuxMobileShell/MobileShellComposite+ConnectionRecovery.swift:1:8: warning: public import of 'CMUXMobileCore' was not used in public declarations or inlinable code
   1 | public import CMUXMobileCore
     |        `- warning: public import of 'CMUXMobileCore' was not used in public declarations or inlinable code
   2 | internal import CmuxMobileDiagnostics
   3 | public import CmuxMobilePairedMac

/private/tmp/cmux-verify-20260908170330-19681-7317/source-e8fda62191/Packages/iOS/CmuxMobileShell/Sources/CmuxMobileShell/MobileShellComposite+ConnectionRecovery.swift:3:8: warning: public import of 'CmuxMobilePairedMac' was not used in public declarations or inlinable code
   1 | public import CMUXMobileCore
   2 | internal import CmuxMobileDiagnostics
   3 | public import CmuxMobilePairedMac
     |        `- warning: public import of 'CmuxMobilePairedMac' was not used in public declarations or inlinable code
   4 | public import CmuxMobileRPC
   5 | public import CmuxMobileShellModel

/private/tmp/cmux-verify-20260908170330-19681-7317/source-e8fda62191/Packages/iOS/CmuxMobileShell/Sources/CmuxMobileShell/MobileShellComposite+ConnectionRecovery.swift:4:8: warning: public import of 'CmuxMobileRPC' was not used in public declarations or inlinable code
   2 | internal import CmuxMobileDiagnostics
   3 | public import CmuxMobilePairedMac
   4 | public import CmuxMobileRPC
     |        `- warning: public import of 'CmuxMobileRPC' was not used in public declarations or inlinable code
   5 | public import CmuxMobileShellModel
   6 | public import CmuxMobileTransport

/private/tmp/cmux-verify-20260908170330-19681-7317/source-e8fda62191/Packages/iOS/CmuxMobileShell/Sources/CmuxMobileShell/MobileShellComposite+ConnectionRecovery.swift:6:8: warning: public import of 'CmuxMobileTransport' was not used in public declarations or inlinable code
   4 | public import CmuxMobileRPC
   5 | public import CmuxMobileShellModel
   6 | public import CmuxMobileTransport
     |        `- warning: public import of 'CmuxMobileTransport' was not used in public declarations or inlinable code
   7 | public import Foundation
   8 | internal import OSLog

/private/tmp/cmux-verify-20260908170330-19681-7317/source-e8fda62191/Packages/iOS/CmuxMobileShell/Sources/CmuxMobileShell/MobileShellComposite+ConnectionRecovery.swift:7:8: warning: public import of 'Foundation' was not used in public declarations or inlinable code
   5 | public import CmuxMobileShellModel
   6 | public import CmuxMobileTransport
   7 | public import Foundation
     |        `- warning: public import of 'Foundation' was not used in public declarations or inlinable code
   8 | internal import OSLog
   9 | 

/private/tmp/cmux-verify-20260908170330-19681-7317/source-e8fda62191/Packages/iOS/CmuxMobileShell/Sources/CmuxMobileShell/MobileShellComposite+DemoContent.swift:4:8: warning: public import of 'CmuxMobileShellModel' was not used in public declarations or inlinable code
  2 | internal import CmuxMobileDiagnostics
  3 | public import CmuxMobilePairedMac
  4 | public import CmuxMobileShellModel
    |        `- warning: public import of 'CmuxMobileShellModel' was not used in public declarations or inlinable code
  5 | import Foundation
  6 | 
[670/859] Compiling CmuxMobileShell MobileManualAttachTicketCreateResponse.swift
/private/tmp/cmux-verify-20260908170330-19681-7317/source-e8fda62191/Packages/iOS/CmuxMobileShell/Sources/CmuxMobileShell/MobileShellComposite+ConnectionDiagnostics.swift:1:8: warning: public import of 'CMUXMobileCore' was not used in public declarations or inlinable code
  1 | public import CMUXMobileCore
    |        `- warning: public import of 'CMUXMobileCore' was not used in public declarations or inlinable code
  2 | public import CmuxMobileRPC
  3 | 

/private/tmp/cmux-verify-20260908170330-19681-7317/source-e8fda62191/Packages/iOS/CmuxMobileShell/Sources/CmuxMobileShell/MobileShellComposite+ConnectionDiagnostics.swift:2:8: warning: public import of 'CmuxMobileRPC' was not used in public declarations or inlinable code
  1 | public import CMUXMobileCore
  2 | public import CmuxMobileRPC
    |        `- warning: public import of 'CmuxMobileRPC' was not used in public declarations or inlinable code
  3 | 
  4 | @MainActor

/private/tmp/cmux-verify-20260908170330-19681-7317/source-e8fda62191/Packages/iOS/CmuxMobileShell/Sources/CmuxMobileShell/MobileShellComposite+ConnectionRecovery.swift:1:8: warning: public import of 'CMUXMobileCore' was not used in public declarations or inlinable code
   1 | public import CMUXMobileCore
     |        `- warning: public import of 'CMUXMobileCore' was not used in public declarations or inlinable code
   2 | internal import CmuxMobileDiagnostics
   3 | public import CmuxMobilePairedMac

/private/tmp/cmux-verify-20260908170330-19681-7317/source-e8fda62191/Packages/iOS/CmuxMobileShell/Sources/CmuxMobileShell/MobileShellComposite+ConnectionRecovery.swift:3:8: warning: public import of 'CmuxMobilePairedMac' was not used in public declarations or inlinable code
   1 | public import CMUXMobileCore
   2 | internal import CmuxMobileDiagnostics
   3 | public import CmuxMobilePairedMac
     |        `- warning: public import of 'CmuxMobilePairedMac' was not used in public declarations or inlinable code
   4 | public import CmuxMobileRPC
   5 | public import CmuxMobileShellModel

/private/tmp/cmux-verify-20260908170330-19681-7317/source-e8fda62191/Packages/iOS/CmuxMobileShell/Sources/CmuxMobileShell/MobileShellComposite+ConnectionRecovery.swift:4:8: warning: public import of 'CmuxMobileRPC' was not used in public declarations or inlinable code
   2 | internal import CmuxMobileDiagnostics
   3 | public import CmuxMobilePairedMac
   4 | public import CmuxMobileRPC
     |        `- warning: public import of 'CmuxMobileRPC' was not used in public declarations or inlinable code
   5 | public import CmuxMobileShellModel
   6 | public import CmuxMobileTransport

/private/tmp/cmux-verify-20260908170330-19681-7317/source-e8fda62191/Packages/iOS/CmuxMobileShell/Sources/CmuxMobileShell/MobileShellComposite+ConnectionRecovery.swift:6:8: warning: public import of 'CmuxMobileTransport' was not used in public declarations or inlinable code
   4 | public import CmuxMobileRPC
   5 | public import CmuxMobileShellModel
   6 | public import CmuxMobileTransport
     |        `- warning: public import of 'CmuxMobileTransport' was not used in public declarations or inlinable code
   7 | public import Foundation
   8 | internal import OSLog

/private/tmp/cmux-verify-20260908170330-19681-7317/source-e8fda62191/Packages/iOS/CmuxMobileShell/Sources/CmuxMobileShell/MobileShellComposite+ConnectionRecovery.swift:7:8: warning: public import of 'Foundation' was not used in public declarations or inlinable code
   5 | public import CmuxMobileShellModel
   6 | public import CmuxMobileTransport
   7 | public import Foundation
     |        `- warning: public import of 'Foundation' was not used in public declarations or inlinable code
   8 | internal import OSLog
   9 | 

/private/tmp/cmux-verify-20260908170330-19681-7317/source-e8fda62191/Packages/iOS/CmuxMobileShell/Sources/CmuxMobileShell/MobileShellComposite+DemoContent.swift:4:8: warning: public import of 'CmuxMobileShellModel' was not used in public declarations or inlinable code
  2 | internal import CmuxMobileDiagnostics
  3 | public import CmuxMobilePairedMac
  4 | public import CmuxMobileShellModel
    |        `- warning: public import of 'CmuxMobileShellModel' was not used in public declarations or inlinable code
  5 | import Foundation
  6 | 
[671/859] Compiling CmuxMobileShell MobilePairedMacBackup.swift
/private/tmp/cmux-verify-20260908170330-19681-7317/source-e8fda62191/Packages/iOS/CmuxMobileShell/Sources/CmuxMobileShell/MobileShellComposite+ConnectionDiagnostics.swift:1:8: warning: public import of 'CMUXMobileCore' was not used in public declarations or inlinable code
  1 | public import CMUXMobileCore
    |        `- warning: public import of 'CMUXMobileCore' was not used in public declarations or inlinable code
  2 | public import CmuxMobileRPC
  3 | 

/private/tmp/cmux-verify-20260908170330-19681-7317/source-e8fda62191/Packages/iOS/CmuxMobileShell/Sources/CmuxMobileShell/MobileShellComposite+ConnectionDiagnostics.swift:2:8: warning: public import of 'CmuxMobileRPC' was not used in public declarations or inlinable code
  1 | public import CMUXMobileCore
  2 | public import CmuxMobileRPC
    |        `- warning: public import of 'CmuxMobileRPC' was not used in public declarations or inlinable code
  3 | 
  4 | @MainActor

/private/tmp/cmux-verify-20260908170330-19681-7317/source-e8fda62191/Packages/iOS/CmuxMobileShell/Sources/CmuxMobileShell/MobileShellComposite+ConnectionRecovery.swift:1:8: warning: public import of 'CMUXMobileCore' was not used in public declarations or inlinable code
   1 | public import CMUXMobileCore
     |        `- warning: public import of 'CMUXMobileCore' was not used in public declarations or inlinable code
   2 | internal import CmuxMobileDiagnostics
   3 | public import CmuxMobilePairedMac

/private/tmp/cmux-verify-20260908170330-19681-7317/source-e8fda62191/Packages/iOS/CmuxMobileShell/Sources/CmuxMobileShell/MobileShellComposite+ConnectionRecovery.swift:3:8: warning: public import of 'CmuxMobilePairedMac' was not used in public declarations or inlinable code
   1 | public import CMUXMobileCore
   2 | internal import CmuxMobileDiagnostics
   3 | public import CmuxMobilePairedMac
     |        `- warning: public import of 'CmuxMobilePairedMac' was not used in public declarations or inlinable code
   4 | public import CmuxMobileRPC
   5 | public import CmuxMobileShellModel

/private/tmp/cmux-verify-20260908170330-19681-7317/source-e8fda62191/Packages/iOS/CmuxMobileShell/Sources/CmuxMobileShell/MobileShellComposite+ConnectionRecovery.swift:4:8: warning: public import of 'CmuxMobileRPC' was not used in public declarations or inlinable code
   2 | internal import CmuxMobileDiagnostics
   3 | public import CmuxMobilePairedMac
   4 | public import CmuxMobileRPC
     |        `- warning: public import of 'CmuxMobileRPC' was not used in public declarations or inlinable code
   5 | public import CmuxMobileShellModel
   6 | public import CmuxMobileTransport

/private/tmp/cmux-verify-20260908170330-19681-7317/source-e8fda62191/Packages/iOS/CmuxMobileShell/Sources/CmuxMobileShell/MobileShellComposite+ConnectionRecovery.swift:6:8: warning: public import of 'CmuxMobileTransport' was not used in public declarations or inlinable code
   4 | public import CmuxMobileRPC
   5 | public import CmuxMobileShellModel
   6 | public import CmuxMobileTransport
     |        `- warning: public import of 'CmuxMobileTransport' was not used in public declarations or inlinable code
   7 | public import Foundation
   8 | internal import OSLog

/private/tmp/cmux-verify-20260908170330-19681-7317/source-e8fda62191/Packages/iOS/CmuxMobileShell/Sources/CmuxMobileShell/MobileShellComposite+ConnectionRecovery.swift:7:8: warning: public import of 'Foundation' was not used in public declarations or inlinable code
   5 | public import CmuxMobileShellModel
   6 | public import CmuxMobileTransport
   7 | public import Foundation
     |        `- warning: public import of 'Foundation' was not used in public declarations or inlinable code
   8 | internal import OSLog
   9 | 

/private/tmp/cmux-verify-20260908170330-19681-7317/source-e8fda62191/Packages/iOS/CmuxMobileShell/Sources/CmuxMobileShell/MobileShellComposite+DemoContent.swift:4:8: warning: public import of 'CmuxMobileShellModel' was not used in public declarations or inlinable code
  2 | internal import CmuxMobileDiagnostics
  3 | public import CmuxMobilePairedMac
  4 | public import CmuxMobileShellModel
    |        `- warning: public import of 'CmuxMobileShellModel' was not used in public declarations or inlinable code
  5 | import Foundation
  6 | 
[672/859] Compiling CmuxMobileShell MobilePairingAccountPreflight.swift
/private/tmp/cmux-verify-20260908170330-19681-7317/source-e8fda62191/Packages/iOS/CmuxMobileShell/Sources/CmuxMobileShell/MobileShellComposite+ConnectionDiagnostics.swift:1:8: warning: public import of 'CMUXMobileCore' was not used in public declarations or inlinable code
  1 | public import CMUXMobileCore
    |        `- warning: public import of 'CMUXMobileCore' was not used in public declarations or inlinable code
  2 | public import CmuxMobileRPC
  3 | 

/private/tmp/cmux-verify-20260908170330-19681-7317/source-e8fda62191/Packages/iOS/CmuxMobileShell/Sources/CmuxMobileShell/MobileShellComposite+ConnectionDiagnostics.swift:2:8: warning: public import of 'CmuxMobileRPC' was not used in public declarations or inlinable code
  1 | public import CMUXMobileCore
  2 | public import CmuxMobileRPC
    |        `- warning: public import of 'CmuxMobileRPC' was not used in public declarations or inlinable code
  3 | 
  4 | @MainActor

/private/tmp/cmux-verify-20260908170330-19681-7317/source-e8fda62191/Packages/iOS/CmuxMobileShell/Sources/CmuxMobileShell/MobileShellComposite+ConnectionRecovery.swift:1:8: warning: public import of 'CMUXMobileCore' was not used in public declarations or inlinable code
   1 | public import CMUXMobileCore
     |        `- warning: public import of 'CMUXMobileCore' was not used in public declarations or inlinable code
   2 | internal import CmuxMobileDiagnostics
   3 | public import CmuxMobilePairedMac

/private/tmp/cmux-verify-20260908170330-19681-7317/source-e8fda62191/Packages/iOS/CmuxMobileShell/Sources/CmuxMobileShell/MobileShellComposite+ConnectionRecovery.swift:3:8: warning: public import of 'CmuxMobilePairedMac' was not used in public declarations or inlinable code
   1 | public import CMUXMobileCore
   2 | internal import CmuxMobileDiagnostics
   3 | public import CmuxMobilePairedMac
     |        `- warning: public import of 'CmuxMobilePairedMac' was not used in public declarations or inlinable code
   4 | public import CmuxMobileRPC
   5 | public import CmuxMobileShellModel

/private/tmp/cmux-verify-20260908170330-19681-7317/source-e8fda62191/Packages/iOS/CmuxMobileShell/Sources/CmuxMobileShell/MobileShellComposite+ConnectionRecovery.swift:4:8: warning: public import of 'CmuxMobileRPC' was not used in public declarations or inlinable code
   2 | internal import CmuxMobileDiagnostics
   3 | public import CmuxMobilePairedMac
   4 | public import CmuxMobileRPC
     |        `- warning: public import of 'CmuxMobileRPC' was not used in public declarations or inlinable code
   5 | public import CmuxMobileShellModel
   6 | public import CmuxMobileTransport

/private/tmp/cmux-verify-20260908170330-19681-7317/source-e8fda62191/Packages/iOS/CmuxMobileShell/Sources/CmuxMobileShell/MobileShellComposite+ConnectionRecovery.swift:6:8: warning: public import of 'CmuxMobileTransport' was not used in public declarations or inlinable code
   4 | public import CmuxMobileRPC
   5 | public import CmuxMobileShellModel
   6 | public import CmuxMobileTransport
     |        `- warning: public import of 'CmuxMobileTransport' was not used in public declarations or inlinable code
   7 | public import Foundation
   8 | internal import OSLog

/private/tmp/cmux-verify-20260908170330-19681-7317/source-e8fda62191/Packages/iOS/CmuxMobileShell/Sources/CmuxMobileShell/MobileShellComposite+ConnectionRecovery.swift:7:8: warning: public import of 'Foundation' was not used in public declarations or inlinable code
   5 | public import CmuxMobileShellModel
   6 | public import CmuxMobileTransport
   7 | public import Foundation
     |        `- warning: public import of 'Foundation' was not used in public declarations or inlinable code
   8 | internal import OSLog
   9 | 

/private/tmp/cmux-verify-20260908170330-19681-7317/source-e8fda62191/Packages/iOS/CmuxMobileShell/Sources/CmuxMobileShell/MobileShellComposite+DemoContent.swift:4:8: warning: public import of 'CmuxMobileShellModel' was not used in public declarations or inlinable code
  2 | internal import CmuxMobileDiagnostics
  3 | public import CmuxMobilePairedMac
  4 | public import CmuxMobileShellModel
    |        `- warning: public import of 'CmuxMobileShellModel' was not used in public declarations or inlinable code
  5 | import Foundation
  6 | 
[673/859] Compiling CmuxMobileShell MobilePairingFailure.swift
/private/tmp/cmux-verify-20260908170330-19681-7317/source-e8fda62191/Packages/iOS/CmuxMobileShell/Sources/CmuxMobileShell/MobileShellComposite+ConnectionDiagnostics.swift:1:8: warning: public import of 'CMUXMobileCore' was not used in public declarations or inlinable code
  1 | public import CMUXMobileCore
    |        `- warning: public import of 'CMUXMobileCore' was not used in public declarations or inlinable code
  2 | public import CmuxMobileRPC
  3 | 

/private/tmp/cmux-verify-20260908170330-19681-7317/source-e8fda62191/Packages/iOS/CmuxMobileShell/Sources/CmuxMobileShell/MobileShellComposite+ConnectionDiagnostics.swift:2:8: warning: public import of 'CmuxMobileRPC' was not used in public declarations or inlinable code
  1 | public import CMUXMobileCore
  2 | public import CmuxMobileRPC
    |        `- warning: public import of 'CmuxMobileRPC' was not used in public declarations or inlinable code
  3 | 
  4 | @MainActor

/private/tmp/cmux-verify-20260908170330-19681-7317/source-e8fda62191/Packages/iOS/CmuxMobileShell/Sources/CmuxMobileShell/MobileShellComposite+ConnectionRecovery.swift:1:8: warning: public import of 'CMUXMobileCore' was not used in public declarations or inlinable code
   1 | public import CMUXMobileCore
     |        `- warning: public import of 'CMUXMobileCore' was not used in public declarations or inlinable code
   2 | internal import CmuxMobileDiagnostics
   3 | public import CmuxMobilePairedMac

/private/tmp/cmux-verify-20260908170330-19681-7317/source-e8fda62191/Packages/iOS/CmuxMobileShell/Sources/CmuxMobileShell/MobileShellComposite+ConnectionRecovery.swift:3:8: warning: public import of 'CmuxMobilePairedMac' was not used in public declarations or inlinable code
   1 | public import CMUXMobileCore
   2 | internal import CmuxMobileDiagnostics
   3 | public import CmuxMobilePairedMac
     |        `- warning: public import of 'CmuxMobilePairedMac' was not used in public declarations or inlinable code
   4 | public import CmuxMobileRPC
   5 | public import CmuxMobileShellModel

/private/tmp/cmux-verify-20260908170330-19681-7317/source-e8fda62191/Packages/iOS/CmuxMobileShell/Sources/CmuxMobileShell/MobileShellComposite+ConnectionRecovery.swift:4:8: warning: public import of 'CmuxMobileRPC' was not used in public declarations or inlinable code
   2 | internal import CmuxMobileDiagnostics
   3 | public import CmuxMobilePairedMac
   4 | public import CmuxMobileRPC
     |        `- warning: public import of 'CmuxMobileRPC' was not used in public declarations or inlinable code
   5 | public import CmuxMobileShellModel
   6 | public import CmuxMobileTransport

/private/tmp/cmux-verify-20260908170330-19681-7317/source-e8fda62191/Packages/iOS/CmuxMobileShell/Sources/CmuxMobileShell/MobileShellComposite+ConnectionRecovery.swift:6:8: warning: public import of 'CmuxMobileTransport' was not used in public declarations or inlinable code
   4 | public import CmuxMobileRPC
   5 | public import CmuxMobileShellModel
   6 | public import CmuxMobileTransport
     |        `- warning: public import of 'CmuxMobileTransport' was not used in public declarations or inlinable code
   7 | public import Foundation
   8 | internal import OSLog

/private/tmp/cmux-verify-20260908170330-19681-7317/source-e8fda62191/Packages/iOS/CmuxMobileShell/Sources/CmuxMobileShell/MobileShellComposite+ConnectionRecovery.swift:7:8: warning: public import of 'Foundation' was not used in public declarations or inlinable code
   5 | public import CmuxMobileShellModel
   6 | public import CmuxMobileTransport
   7 | public import Foundation
     |        `- warning: public import of 'Foundation' was not used in public declarations or inlinable code
   8 | internal import OSLog
   9 | 

/private/tmp/cmux-verify-20260908170330-19681-7317/source-e8fda62191/Packages/iOS/CmuxMobileShell/Sources/CmuxMobileShell/MobileShellComposite+DemoContent.swift:4:8: warning: public import of 'CmuxMobileShellModel' was not used in public declarations or inlinable code
  2 | internal import CmuxMobileDiagnostics
  3 | public import CmuxMobilePairedMac
  4 | public import CmuxMobileShellModel
    |        `- warning: public import of 'CmuxMobileShellModel' was not used in public declarations or inlinable code
  5 | import Foundation
  6 | 
[674/859] Compiling CmuxMobileShell MobilePhonePushTestStage.swift
/private/tmp/cmux-verify-20260908170330-19681-7317/source-e8fda62191/Packages/iOS/CmuxMobileShell/Sources/CmuxMobileShell/MobileShellComposite+ConnectionDiagnostics.swift:1:8: warning: public import of 'CMUXMobileCore' was not used in public declarations or inlinable code
  1 | public import CMUXMobileCore
    |        `- warning: public import of 'CMUXMobileCore' was not used in public declarations or inlinable code
  2 | public import CmuxMobileRPC
  3 | 

/private/tmp/cmux-verify-20260908170330-19681-7317/source-e8fda62191/Packages/iOS/CmuxMobileShell/Sources/CmuxMobileShell/MobileShellComposite+ConnectionDiagnostics.swift:2:8: warning: public import of 'CmuxMobileRPC' was not used in public declarations or inlinable code
  1 | public import CMUXMobileCore
  2 | public import CmuxMobileRPC
    |        `- warning: public import of 'CmuxMobileRPC' was not used in public declarations or inlinable code
  3 | 
  4 | @MainActor

/private/tmp/cmux-verify-20260908170330-19681-7317/source-e8fda62191/Packages/iOS/CmuxMobileShell/Sources/CmuxMobileShell/MobileShellComposite+ConnectionRecovery.swift:1:8: warning: public import of 'CMUXMobileCore' was not used in public declarations or inlinable code
   1 | public import CMUXMobileCore
     |        `- warning: public import of 'CMUXMobileCore' was not used in public declarations or inlinable code
   2 | internal import CmuxMobileDiagnostics
   3 | public import CmuxMobilePairedMac

/private/tmp/cmux-verify-20260908170330-19681-7317/source-e8fda62191/Packages/iOS/CmuxMobileShell/Sources/CmuxMobileShell/MobileShellComposite+ConnectionRecovery.swift:3:8: warning: public import of 'CmuxMobilePairedMac' was not used in public declarations or inlinable code
   1 | public import CMUXMobileCore
   2 | internal import CmuxMobileDiagnostics
   3 | public import CmuxMobilePairedMac
     |        `- warning: public import of 'CmuxMobilePairedMac' was not used in public declarations or inlinable code
   4 | public import CmuxMobileRPC
   5 | public import CmuxMobileShellModel

/private/tmp/cmux-verify-20260908170330-19681-7317/source-e8fda62191/Packages/iOS/CmuxMobileShell/Sources/CmuxMobileShell/MobileShellComposite+ConnectionRecovery.swift:4:8: warning: public import of 'CmuxMobileRPC' was not used in public declarations or inlinable code
   2 | internal import CmuxMobileDiagnostics
   3 | public import CmuxMobilePairedMac
   4 | public import CmuxMobileRPC
     |        `- warning: public import of 'CmuxMobileRPC' was not used in public declarations or inlinable code
   5 | public import CmuxMobileShellModel
   6 | public import CmuxMobileTransport

/private/tmp/cmux-verify-20260908170330-19681-7317/source-e8fda62191/Packages/iOS/CmuxMobileShell/Sources/CmuxMobileShell/MobileShellComposite+ConnectionRecovery.swift:6:8: warning: public import of 'CmuxMobileTransport' was not used in public declarations or inlinable code
   4 | public import CmuxMobileRPC
   5 | public import CmuxMobileShellModel
   6 | public import CmuxMobileTransport
     |        `- warning: public import of 'CmuxMobileTransport' was not used in public declarations or inlinable code
   7 | public import Foundation
   8 | internal import OSLog

/private/tmp/cmux-verify-20260908170330-19681-7317/source-e8fda62191/Packages/iOS/CmuxMobileShell/Sources/CmuxMobileShell/MobileShellComposite+ConnectionRecovery.swift:7:8: warning: public import of 'Foundation' was not used in public declarations or inlinable code
   5 | public import CmuxMobileShellModel
   6 | public import CmuxMobileTransport
   7 | public import Foundation
     |        `- warning: public import of 'Foundation' was not used in public declarations or inlinable code
   8 | internal import OSLog
   9 | 

/private/tmp/cmux-verify-20260908170330-19681-7317/source-e8fda62191/Packages/iOS/CmuxMobileShell/Sources/CmuxMobileShell/MobileShellComposite+DemoContent.swift:4:8: warning: public import of 'CmuxMobileShellModel' was not used in public declarations or inlinable code
  2 | internal import CmuxMobileDiagnostics
  3 | public import CmuxMobilePairedMac
  4 | public import CmuxMobileShellModel
    |        `- warning: public import of 'CmuxMobileShellModel' was not used in public declarations or inlinable code
  5 | import Foundation
  6 | 
[675/859] Compiling CmuxMobileShell MobilePresencePushRecoveryThrottle.swift
/private/tmp/cmux-verify-20260908170330-19681-7317/source-e8fda62191/Packages/iOS/CmuxMobileShell/Sources/CmuxMobileShell/MobileShellComposite+ConnectionDiagnostics.swift:1:8: warning: public import of 'CMUXMobileCore' was not used in public declarations or inlinable code
  1 | public import CMUXMobileCore
    |        `- warning: public import of 'CMUXMobileCore' was not used in public declarations or inlinable code
  2 | public import CmuxMobileRPC
  3 | 

/private/tmp/cmux-verify-20260908170330-19681-7317/source-e8fda62191/Packages/iOS/CmuxMobileShell/Sources/CmuxMobileShell/MobileShellComposite+ConnectionDiagnostics.swift:2:8: warning: public import of 'CmuxMobileRPC' was not used in public declarations or inlinable code
  1 | public import CMUXMobileCore
  2 | public import CmuxMobileRPC
    |        `- warning: public import of 'CmuxMobileRPC' was not used in public declarations or inlinable code
  3 | 
  4 | @MainActor

/private/tmp/cmux-verify-20260908170330-19681-7317/source-e8fda62191/Packages/iOS/CmuxMobileShell/Sources/CmuxMobileShell/MobileShellComposite+ConnectionRecovery.swift:1:8: warning: public import of 'CMUXMobileCore' was not used in public declarations or inlinable code
   1 | public import CMUXMobileCore
     |        `- warning: public import of 'CMUXMobileCore' was not used in public declarations or inlinable code
   2 | internal import CmuxMobileDiagnostics
   3 | public import CmuxMobilePairedMac

/private/tmp/cmux-verify-20260908170330-19681-7317/source-e8fda62191/Packages/iOS/CmuxMobileShell/Sources/CmuxMobileShell/MobileShellComposite+ConnectionRecovery.swift:3:8: warning: public import of 'CmuxMobilePairedMac' was not used in public declarations or inlinable code
   1 | public import CMUXMobileCore
   2 | internal import CmuxMobileDiagnostics
   3 | public import CmuxMobilePairedMac
     |        `- warning: public import of 'CmuxMobilePairedMac' was not used in public declarations or inlinable code
   4 | public import CmuxMobileRPC
   5 | public import CmuxMobileShellModel

/private/tmp/cmux-verify-20260908170330-19681-7317/source-e8fda62191/Packages/iOS/CmuxMobileShell/Sources/CmuxMobileShell/MobileShellComposite+ConnectionRecovery.swift:4:8: warning: public import of 'CmuxMobileRPC' was not used in public declarations or inlinable code
   2 | internal import CmuxMobileDiagnostics
   3 | public import CmuxMobilePairedMac
   4 | public import CmuxMobileRPC
     |        `- warning: public import of 'CmuxMobileRPC' was not used in public declarations or inlinable code
   5 | public import CmuxMobileShellModel
   6 | public import CmuxMobileTransport

/private/tmp/cmux-verify-20260908170330-19681-7317/source-e8fda62191/Packages/iOS/CmuxMobileShell/Sources/CmuxMobileShell/MobileShellComposite+ConnectionRecovery.swift:6:8: warning: public import of 'CmuxMobileTransport' was not used in public declarations or inlinable code
   4 | public import CmuxMobileRPC
   5 | public import CmuxMobileShellModel
   6 | public import CmuxMobileTransport
     |        `- warning: public import of 'CmuxMobileTransport' was not used in public declarations or inlinable code
   7 | public import Foundation
   8 | internal import OSLog

/private/tmp/cmux-verify-20260908170330-19681-7317/source-e8fda62191/Packages/iOS/CmuxMobileShell/Sources/CmuxMobileShell/MobileShellComposite+ConnectionRecovery.swift:7:8: warning: public import of 'Foundation' was not used in public declarations or inlinable code
   5 | public import CmuxMobileShellModel
   6 | public import CmuxMobileTransport
   7 | public import Foundation
     |        `- warning: public import of 'Foundation' was not used in public declarations or inlinable code
   8 | internal import OSLog
   9 | 

/private/tmp/cmux-verify-20260908170330-19681-7317/source-e8fda62191/Packages/iOS/CmuxMobileShell/Sources/CmuxMobileShell/MobileShellComposite+DemoContent.swift:4:8: warning: public import of 'CmuxMobileShellModel' was not used in public declarations or inlinable code
  2 | internal import CmuxMobileDiagnostics
  3 | public import CmuxMobilePairedMac
  4 | public import CmuxMobileShellModel
    |        `- warning: public import of 'CmuxMobileShellModel' was not used in public declarations or inlinable code
  5 | import Foundation
  6 | 
[676/859] Compiling CmuxMobileShell MobileSecondaryStatusAuthority.swift
/private/tmp/cmux-verify-20260908170330-19681-7317/source-e8fda62191/Packages/iOS/CmuxMobileShell/Sources/CmuxMobileShell/MobileShellComposite+ConnectionDiagnostics.swift:1:8: warning: public import of 'CMUXMobileCore' was not used in public declarations or inlinable code
  1 | public import CMUXMobileCore
    |        `- warning: public import of 'CMUXMobileCore' was not used in public declarations or inlinable code
  2 | public import CmuxMobileRPC
  3 | 

/private/tmp/cmux-verify-20260908170330-19681-7317/source-e8fda62191/Packages/iOS/CmuxMobileShell/Sources/CmuxMobileShell/MobileShellComposite+ConnectionDiagnostics.swift:2:8: warning: public import of 'CmuxMobileRPC' was not used in public declarations or inlinable code
  1 | public import CMUXMobileCore
  2 | public import CmuxMobileRPC
    |        `- warning: public import of 'CmuxMobileRPC' was not used in public declarations or inlinable code
  3 | 
  4 | @MainActor

/private/tmp/cmux-verify-20260908170330-19681-7317/source-e8fda62191/Packages/iOS/CmuxMobileShell/Sources/CmuxMobileShell/MobileShellComposite+ConnectionRecovery.swift:1:8: warning: public import of 'CMUXMobileCore' was not used in public declarations or inlinable code
   1 | public import CMUXMobileCore
     |        `- warning: public import of 'CMUXMobileCore' was not used in public declarations or inlinable code
   2 | internal import CmuxMobileDiagnostics
   3 | public import CmuxMobilePairedMac

/private/tmp/cmux-verify-20260908170330-19681-7317/source-e8fda62191/Packages/iOS/CmuxMobileShell/Sources/CmuxMobileShell/MobileShellComposite+ConnectionRecovery.swift:3:8: warning: public import of 'CmuxMobilePairedMac' was not used in public declarations or inlinable code
   1 | public import CMUXMobileCore
   2 | internal import CmuxMobileDiagnostics
   3 | public import CmuxMobilePairedMac
     |        `- warning: public import of 'CmuxMobilePairedMac' was not used in public declarations or inlinable code
   4 | public import CmuxMobileRPC
   5 | public import CmuxMobileShellModel

/private/tmp/cmux-verify-20260908170330-19681-7317/source-e8fda62191/Packages/iOS/CmuxMobileShell/Sources/CmuxMobileShell/MobileShellComposite+ConnectionRecovery.swift:4:8: warning: public import of 'CmuxMobileRPC' was not used in public declarations or inlinable code
   2 | internal import CmuxMobileDiagnostics
   3 | public import CmuxMobilePairedMac
   4 | public import CmuxMobileRPC
     |        `- warning: public import of 'CmuxMobileRPC' was not used in public declarations or inlinable code
   5 | public import CmuxMobileShellModel
   6 | public import CmuxMobileTransport

/private/tmp/cmux-verify-20260908170330-19681-7317/source-e8fda62191/Packages/iOS/CmuxMobileShell/Sources/CmuxMobileShell/MobileShellComposite+ConnectionRecovery.swift:6:8: warning: public import of 'CmuxMobileTransport' was not used in public declarations or inlinable code
   4 | public import CmuxMobileRPC
   5 | public import CmuxMobileShellModel
   6 | public import CmuxMobileTransport
     |        `- warning: public import of 'CmuxMobileTransport' was not used in public declarations or inlinable code
   7 | public import Foundation
   8 | internal import OSLog

/private/tmp/cmux-verify-20260908170330-19681-7317/source-e8fda62191/Packages/iOS/CmuxMobileShell/Sources/CmuxMobileShell/MobileShellComposite+ConnectionRecovery.swift:7:8: warning: public import of 'Foundation' was not used in public declarations or inlinable code
   5 | public import CmuxMobileShellModel
   6 | public import CmuxMobileTransport
   7 | public import Foundation
     |        `- warning: public import of 'Foundation' was not used in public declarations or inlinable code
   8 | internal import OSLog
   9 | 

/private/tmp/cmux-verify-20260908170330-19681-7317/source-e8fda62191/Packages/iOS/CmuxMobileShell/Sources/CmuxMobileShell/MobileShellComposite+DemoContent.swift:4:8: warning: public import of 'CmuxMobileShellModel' was not used in public declarations or inlinable code
  2 | internal import CmuxMobileDiagnostics
  3 | public import CmuxMobilePairedMac
  4 | public import CmuxMobileShellModel
    |        `- warning: public import of 'CmuxMobileShellModel' was not used in public declarations or inlinable code
  5 | import Foundation
  6 | 
[677/859] Compiling CmuxMobileShell MobileShellComposite+AgentChat.swift
/private/tmp/cmux-verify-20260908170330-19681-7317/source-e8fda62191/Packages/iOS/CmuxMobileShell/Sources/CmuxMobileShell/MobileShellComposite+ConnectionDiagnostics.swift:1:8: warning: public import of 'CMUXMobileCore' was not used in public declarations or inlinable code
  1 | public import CMUXMobileCore
    |        `- warning: public import of 'CMUXMobileCore' was not used in public declarations or inlinable code
  2 | public import CmuxMobileRPC
  3 | 

/private/tmp/cmux-verify-20260908170330-19681-7317/source-e8fda62191/Packages/iOS/CmuxMobileShell/Sources/CmuxMobileShell/MobileShellComposite+ConnectionDiagnostics.swift:2:8: warning: public import of 'CmuxMobileRPC' was not used in public declarations or inlinable code
  1 | public import CMUXMobileCore
  2 | public import CmuxMobileRPC
    |        `- warning: public import of 'CmuxMobileRPC' was not used in public declarations or inlinable code
  3 | 
  4 | @MainActor

/private/tmp/cmux-verify-20260908170330-19681-7317/source-e8fda62191/Packages/iOS/CmuxMobileShell/Sources/CmuxMobileShell/MobileShellComposite+ConnectionRecovery.swift:1:8: warning: public import of 'CMUXMobileCore' was not used in public declarations or inlinable code
   1 | public import CMUXMobileCore
     |        `- warning: public import of 'CMUXMobileCore' was not used in public declarations or inlinable code
   2 | internal import CmuxMobileDiagnostics
   3 | public import CmuxMobilePairedMac

/private/tmp/cmux-verify-20260908170330-19681-7317/source-e8fda62191/Packages/iOS/CmuxMobileShell/Sources/CmuxMobileShell/MobileShellComposite+ConnectionRecovery.swift:3:8: warning: public import of 'CmuxMobilePairedMac' was not used in public declarations or inlinable code
   1 | public import CMUXMobileCore
   2 | internal import CmuxMobileDiagnostics
   3 | public import CmuxMobilePairedMac
     |        `- warning: public import of 'CmuxMobilePairedMac' was not used in public declarations or inlinable code
   4 | public import CmuxMobileRPC
   5 | public import CmuxMobileShellModel

/private/tmp/cmux-verify-20260908170330-19681-7317/source-e8fda62191/Packages/iOS/CmuxMobileShell/Sources/CmuxMobileShell/MobileShellComposite+ConnectionRecovery.swift:4:8: warning: public import of 'CmuxMobileRPC' was not used in public declarations or inlinable code
   2 | internal import CmuxMobileDiagnostics
   3 | public import CmuxMobilePairedMac
   4 | public import CmuxMobileRPC
     |        `- warning: public import of 'CmuxMobileRPC' was not used in public declarations or inlinable code
   5 | public import CmuxMobileShellModel
   6 | public import CmuxMobileTransport

/private/tmp/cmux-verify-20260908170330-19681-7317/source-e8fda62191/Packages/iOS/CmuxMobileShell/Sources/CmuxMobileShell/MobileShellComposite+ConnectionRecovery.swift:6:8: warning: public import of 'CmuxMobileTransport' was not used in public declarations or inlinable code
   4 | public import CmuxMobileRPC
   5 | public import CmuxMobileShellModel
   6 | public import CmuxMobileTransport
     |        `- warning: public import of 'CmuxMobileTransport' was not used in public declarations or inlinable code
   7 | public import Foundation
   8 | internal import OSLog

/private/tmp/cmux-verify-20260908170330-19681-7317/source-e8fda62191/Packages/iOS/CmuxMobileShell/Sources/CmuxMobileShell/MobileShellComposite+ConnectionRecovery.swift:7:8: warning: public import of 'Foundation' was not used in public declarations or inlinable code
   5 | public import CmuxMobileShellModel
   6 | public import CmuxMobileTransport
   7 | public import Foundation
     |        `- warning: public import of 'Foundation' was not used in public declarations or inlinable code
   8 | internal import OSLog
   9 | 

/private/tmp/cmux-verify-20260908170330-19681-7317/source-e8fda62191/Packages/iOS/CmuxMobileShell/Sources/CmuxMobileShell/MobileShellComposite+DemoContent.swift:4:8: warning: public import of 'CmuxMobileShellModel' was not used in public declarations or inlinable code
  2 | internal import CmuxMobileDiagnostics
  3 | public import CmuxMobilePairedMac
  4 | public import CmuxMobileShellModel
    |        `- warning: public import of 'CmuxMobileShellModel' was not used in public declarations or inlinable code
  5 | import Foundation
  6 | 
[678/859] Compiling CmuxMobileShell MobileShellComposite+AltScreenNotice.swift
/private/tmp/cmux-verify-20260908170330-19681-7317/source-e8fda62191/Packages/iOS/CmuxMobileShell/Sources/CmuxMobileShell/MobileShellComposite+ConnectionDiagnostics.swift:1:8: warning: public import of 'CMUXMobileCore' was not used in public declarations or inlinable code
  1 | public import CMUXMobileCore
    |        `- warning: public import of 'CMUXMobileCore' was not used in public declarations or inlinable code
  2 | public import CmuxMobileRPC
  3 | 

/private/tmp/cmux-verify-20260908170330-19681-7317/source-e8fda62191/Packages/iOS/CmuxMobileShell/Sources/CmuxMobileShell/MobileShellComposite+ConnectionDiagnostics.swift:2:8: warning: public import of 'CmuxMobileRPC' was not used in public declarations or inlinable code
  1 | public import CMUXMobileCore
  2 | public import CmuxMobileRPC
    |        `- warning: public import of 'CmuxMobileRPC' was not used in public declarations or inlinable code
  3 | 
  4 | @MainActor

/private/tmp/cmux-verify-20260908170330-19681-7317/source-e8fda62191/Packages/iOS/CmuxMobileShell/Sources/CmuxMobileShell/MobileShellComposite+ConnectionRecovery.swift:1:8: warning: public import of 'CMUXMobileCore' was not used in public declarations or inlinable code
   1 | public import CMUXMobileCore
     |        `- warning: public import of 'CMUXMobileCore' was not used in public declarations or inlinable code
   2 | internal import CmuxMobileDiagnostics
   3 | public import CmuxMobilePairedMac

/private/tmp/cmux-verify-20260908170330-19681-7317/source-e8fda62191/Packages/iOS/CmuxMobileShell/Sources/CmuxMobileShell/MobileShellComposite+ConnectionRecovery.swift:3:8: warning: public import of 'CmuxMobilePairedMac' was not used in public declarations or inlinable code
   1 | public import CMUXMobileCore
   2 | internal import CmuxMobileDiagnostics
   3 | public import CmuxMobilePairedMac
     |        `- warning: public import of 'CmuxMobilePairedMac' was not used in public declarations or inlinable code
   4 | public import CmuxMobileRPC
   5 | public import CmuxMobileShellModel

/private/tmp/cmux-verify-20260908170330-19681-7317/source-e8fda62191/Packages/iOS/CmuxMobileShell/Sources/CmuxMobileShell/MobileShellComposite+ConnectionRecovery.swift:4:8: warning: public import of 'CmuxMobileRPC' was not used in public declarations or inlinable code
   2 | internal import CmuxMobileDiagnostics
   3 | public import CmuxMobilePairedMac
   4 | public import CmuxMobileRPC
     |        `- warning: public import of 'CmuxMobileRPC' was not used in public declarations or inlinable code
   5 | public import CmuxMobileShellModel
   6 | public import CmuxMobileTransport

/private/tmp/cmux-verify-20260908170330-19681-7317/source-e8fda62191/Packages/iOS/CmuxMobileShell/Sources/CmuxMobileShell/MobileShellComposite+ConnectionRecovery.swift:6:8: warning: public import of 'CmuxMobileTransport' was not used in public declarations or inlinable code
   4 | public import CmuxMobileRPC
   5 | public import CmuxMobileShellModel
   6 | public import CmuxMobileTransport
     |        `- warning: public import of 'CmuxMobileTransport' was not used in public declarations or inlinable code
   7 | public import Foundation
   8 | internal import OSLog

/private/tmp/cmux-verify-20260908170330-19681-7317/source-e8fda62191/Packages/iOS/CmuxMobileShell/Sources/CmuxMobileShell/MobileShellComposite+ConnectionRecovery.swift:7:8: warning: public import of 'Foundation' was not used in public declarations or inlinable code
   5 | public import CmuxMobileShellModel
   6 | public import CmuxMobileTransport
   7 | public import Foundation
     |        `- warning: public import of 'Foundation' was not used in public declarations or inlinable code
   8 | internal import OSLog
   9 | 

/private/tmp/cmux-verify-20260908170330-19681-7317/source-e8fda62191/Packages/iOS/CmuxMobileShell/Sources/CmuxMobileShell/MobileShellComposite+DemoContent.swift:4:8: warning: public import of 'CmuxMobileShellModel' was not used in public declarations or inlinable code
  2 | internal import CmuxMobileDiagnostics
  3 | public import CmuxMobilePairedMac
  4 | public import CmuxMobileShellModel
    |        `- warning: public import of 'CmuxMobileShellModel' was not used in public declarations or inlinable code
  5 | import Foundation
  6 | 
[679/859] Compiling CmuxMobileShell MobileShellComposite+AppDiagnostics.swift
/private/tmp/cmux-verify-20260908170330-19681-7317/source-e8fda62191/Packages/iOS/CmuxMobileShell/Sources/CmuxMobileShell/MobileShellComposite+ConnectionDiagnostics.swift:1:8: warning: public import of 'CMUXMobileCore' was not used in public declarations or inlinable code
  1 | public import CMUXMobileCore
    |        `- warning: public import of 'CMUXMobileCore' was not used in public declarations or inlinable code
  2 | public import CmuxMobileRPC
  3 | 

/private/tmp/cmux-verify-20260908170330-19681-7317/source-e8fda62191/Packages/iOS/CmuxMobileShell/Sources/CmuxMobileShell/MobileShellComposite+ConnectionDiagnostics.swift:2:8: warning: public import of 'CmuxMobileRPC' was not used in public declarations or inlinable code
  1 | public import CMUXMobileCore
  2 | public import CmuxMobileRPC
    |        `- warning: public import of 'CmuxMobileRPC' was not used in public declarations or inlinable code
  3 | 
  4 | @MainActor

/private/tmp/cmux-verify-20260908170330-19681-7317/source-e8fda62191/Packages/iOS/CmuxMobileShell/Sources/CmuxMobileShell/MobileShellComposite+ConnectionRecovery.swift:1:8: warning: public import of 'CMUXMobileCore' was not used in public declarations or inlinable code
   1 | public import CMUXMobileCore
     |        `- warning: public import of 'CMUXMobileCore' was not used in public declarations or inlinable code
   2 | internal import CmuxMobileDiagnostics
   3 | public import CmuxMobilePairedMac

/private/tmp/cmux-verify-20260908170330-19681-7317/source-e8fda62191/Packages/iOS/CmuxMobileShell/Sources/CmuxMobileShell/MobileShellComposite+ConnectionRecovery.swift:3:8: warning: public import of 'CmuxMobilePairedMac' was not used in public declarations or inlinable code
   1 | public import CMUXMobileCore
   2 | internal import CmuxMobileDiagnostics
   3 | public import CmuxMobilePairedMac
     |        `- warning: public import of 'CmuxMobilePairedMac' was not used in public declarations or inlinable code
   4 | public import CmuxMobileRPC
   5 | public import CmuxMobileShellModel

/private/tmp/cmux-verify-20260908170330-19681-7317/source-e8fda62191/Packages/iOS/CmuxMobileShell/Sources/CmuxMobileShell/MobileShellComposite+ConnectionRecovery.swift:4:8: warning: public import of 'CmuxMobileRPC' was not used in public declarations or inlinable code
   2 | internal import CmuxMobileDiagnostics
   3 | public import CmuxMobilePairedMac
   4 | public import CmuxMobileRPC
     |        `- warning: public import of 'CmuxMobileRPC' was not used in public declarations or inlinable code
   5 | public import CmuxMobileShellModel
   6 | public import CmuxMobileTransport

/private/tmp/cmux-verify-20260908170330-19681-7317/source-e8fda62191/Packages/iOS/CmuxMobileShell/Sources/CmuxMobileShell/MobileShellComposite+ConnectionRecovery.swift:6:8: warning: public import of 'CmuxMobileTransport' was not used in public declarations or inlinable code
   4 | public import CmuxMobileRPC
   5 | public import CmuxMobileShellModel
   6 | public import CmuxMobileTransport
     |        `- warning: public import of 'CmuxMobileTransport' was not used in public declarations or inlinable code
   7 | public import Foundation
   8 | internal import OSLog

/private/tmp/cmux-verify-20260908170330-19681-7317/source-e8fda62191/Packages/iOS/CmuxMobileShell/Sources/CmuxMobileShell/MobileShellComposite+ConnectionRecovery.swift:7:8: warning: public import of 'Foundation' was not used in public declarations or inlinable code
   5 | public import CmuxMobileShellModel
   6 | public import CmuxMobileTransport
   7 | public import Foundation
     |        `- warning: public import of 'Foundation' was not used in public declarations or inlinable code
   8 | internal import OSLog
   9 | 

/private/tmp/cmux-verify-20260908170330-19681-7317/source-e8fda62191/Packages/iOS/CmuxMobileShell/Sources/CmuxMobileShell/MobileShellComposite+DemoContent.swift:4:8: warning: public import of 'CmuxMobileShellModel' was not used in public declarations or inlinable code
  2 | internal import CmuxMobileDiagnostics
  3 | public import CmuxMobilePairedMac
  4 | public import CmuxMobileShellModel
    |        `- warning: public import of 'CmuxMobileShellModel' was not used in public declarations or inlinable code
  5 | import Foundation
  6 | 
[680/859] Compiling CmuxMobileShell MobileShellComposite+BrowserStream.swift
/private/tmp/cmux-verify-20260908170330-19681-7317/source-e8fda62191/Packages/iOS/CmuxMobileShell/Sources/CmuxMobileShell/MobileShellComposite+ConnectionDiagnostics.swift:1:8: warning: public import of 'CMUXMobileCore' was not used in public declarations or inlinable code
  1 | public import CMUXMobileCore
    |        `- warning: public import of 'CMUXMobileCore' was not used in public declarations or inlinable code
  2 | public import CmuxMobileRPC
  3 | 

/private/tmp/cmux-verify-20260908170330-19681-7317/source-e8fda62191/Packages/iOS/CmuxMobileShell/Sources/CmuxMobileShell/MobileShellComposite+ConnectionDiagnostics.swift:2:8: warning: public import of 'CmuxMobileRPC' was not used in public declarations or inlinable code
  1 | public import CMUXMobileCore
  2 | public import CmuxMobileRPC
    |        `- warning: public import of 'CmuxMobileRPC' was not used in public declarations or inlinable code
  3 | 
  4 | @MainActor

/private/tmp/cmux-verify-20260908170330-19681-7317/source-e8fda62191/Packages/iOS/CmuxMobileShell/Sources/CmuxMobileShell/MobileShellComposite+ConnectionRecovery.swift:1:8: warning: public import of 'CMUXMobileCore' was not used in public declarations or inlinable code
   1 | public import CMUXMobileCore
     |        `- warning: public import of 'CMUXMobileCore' was not used in public declarations or inlinable code
   2 | internal import CmuxMobileDiagnostics
   3 | public import CmuxMobilePairedMac

/private/tmp/cmux-verify-20260908170330-19681-7317/source-e8fda62191/Packages/iOS/CmuxMobileShell/Sources/CmuxMobileShell/MobileShellComposite+ConnectionRecovery.swift:3:8: warning: public import of 'CmuxMobilePairedMac' was not used in public declarations or inlinable code
   1 | public import CMUXMobileCore
   2 | internal import CmuxMobileDiagnostics
   3 | public import CmuxMobilePairedMac
     |        `- warning: public import of 'CmuxMobilePairedMac' was not used in public declarations or inlinable code
   4 | public import CmuxMobileRPC
   5 | public import CmuxMobileShellModel

/private/tmp/cmux-verify-20260908170330-19681-7317/source-e8fda62191/Packages/iOS/CmuxMobileShell/Sources/CmuxMobileShell/MobileShellComposite+ConnectionRecovery.swift:4:8: warning: public import of 'CmuxMobileRPC' was not used in public declarations or inlinable code
   2 | internal import CmuxMobileDiagnostics
   3 | public import CmuxMobilePairedMac
   4 | public import CmuxMobileRPC
     |        `- warning: public import of 'CmuxMobileRPC' was not used in public declarations or inlinable code
   5 | public import CmuxMobileShellModel
   6 | public import CmuxMobileTransport

/private/tmp/cmux-verify-20260908170330-19681-7317/source-e8fda62191/Packages/iOS/CmuxMobileShell/Sources/CmuxMobileShell/MobileShellComposite+ConnectionRecovery.swift:6:8: warning: public import of 'CmuxMobileTransport' was not used in public declarations or inlinable code
   4 | public import CmuxMobileRPC
   5 | public import CmuxMobileShellModel
   6 | public import CmuxMobileTransport
     |        `- warning: public import of 'CmuxMobileTransport' was not used in public declarations or inlinable code
   7 | public import Foundation
   8 | internal import OSLog

/private/tmp/cmux-verify-20260908170330-19681-7317/source-e8fda62191/Packages/iOS/CmuxMobileShell/Sources/CmuxMobileShell/MobileShellComposite+ConnectionRecovery.swift:7:8: warning: public import of 'Foundation' was not used in public declarations or inlinable code
   5 | public import CmuxMobileShellModel
   6 | public import CmuxMobileTransport
   7 | public import Foundation
     |        `- warning: public import of 'Foundation' was not used in public declarations or inlinable code
   8 | internal import OSLog
   9 | 

/private/tmp/cmux-verify-20260908170330-19681-7317/source-e8fda62191/Packages/iOS/CmuxMobileShell/Sources/CmuxMobileShell/MobileShellComposite+DemoContent.swift:4:8: warning: public import of 'CmuxMobileShellModel' was not used in public declarations or inlinable code
  2 | internal import CmuxMobileDiagnostics
  3 | public import CmuxMobilePairedMac
  4 | public import CmuxMobileShellModel
    |        `- warning: public import of 'CmuxMobileShellModel' was not used in public declarations or inlinable code
  5 | import Foundation
  6 | 
[681/859] Compiling CmuxMobileShell MobileShellComposite+BuildCompatibility.swift
/private/tmp/cmux-verify-20260908170330-19681-7317/source-e8fda62191/Packages/iOS/CmuxMobileShell/Sources/CmuxMobileShell/MobileShellComposite+ConnectionDiagnostics.swift:1:8: warning: public import of 'CMUXMobileCore' was not used in public declarations or inlinable code
  1 | public import CMUXMobileCore
    |        `- warning: public import of 'CMUXMobileCore' was not used in public declarations or inlinable code
  2 | public import CmuxMobileRPC
  3 | 

/private/tmp/cmux-verify-20260908170330-19681-7317/source-e8fda62191/Packages/iOS/CmuxMobileShell/Sources/CmuxMobileShell/MobileShellComposite+ConnectionDiagnostics.swift:2:8: warning: public import of 'CmuxMobileRPC' was not used in public declarations or inlinable code
  1 | public import CMUXMobileCore
  2 | public import CmuxMobileRPC
    |        `- warning: public import of 'CmuxMobileRPC' was not used in public declarations or inlinable code
  3 | 
  4 | @MainActor

/private/tmp/cmux-verify-20260908170330-19681-7317/source-e8fda62191/Packages/iOS/CmuxMobileShell/Sources/CmuxMobileShell/MobileShellComposite+ConnectionRecovery.swift:1:8: warning: public import of 'CMUXMobileCore' was not used in public declarations or inlinable code
   1 | public import CMUXMobileCore
     |        `- warning: public import of 'CMUXMobileCore' was not used in public declarations or inlinable code
   2 | internal import CmuxMobileDiagnostics
   3 | public import CmuxMobilePairedMac

/private/tmp/cmux-verify-20260908170330-19681-7317/source-e8fda62191/Packages/iOS/CmuxMobileShell/Sources/CmuxMobileShell/MobileShellComposite+ConnectionRecovery.swift:3:8: warning: public import of 'CmuxMobilePairedMac' was not used in public declarations or inlinable code
   1 | public import CMUXMobileCore
   2 | internal import CmuxMobileDiagnostics
   3 | public import CmuxMobilePairedMac
     |        `- warning: public import of 'CmuxMobilePairedMac' was not used in public declarations or inlinable code
   4 | public import CmuxMobileRPC
   5 | public import CmuxMobileShellModel

/private/tmp/cmux-verify-20260908170330-19681-7317/source-e8fda62191/Packages/iOS/CmuxMobileShell/Sources/CmuxMobileShell/MobileShellComposite+ConnectionRecovery.swift:4:8: warning: public import of 'CmuxMobileRPC' was not used in public declarations or inlinable code
   2 | internal import CmuxMobileDiagnostics
   3 | public import CmuxMobilePairedMac
   4 | public import CmuxMobileRPC
     |        `- warning: public import of 'CmuxMobileRPC' was not used in public declarations or inlinable code
   5 | public import CmuxMobileShellModel
   6 | public import CmuxMobileTransport

/private/tmp/cmux-verify-20260908170330-19681-7317/source-e8fda62191/Packages/iOS/CmuxMobileShell/Sources/CmuxMobileShell/MobileShellComposite+ConnectionRecovery.swift:6:8: warning: public import of 'CmuxMobileTransport' was not used in public declarations or inlinable code
   4 | public import CmuxMobileRPC
   5 | public import CmuxMobileShellModel
   6 | public import CmuxMobileTransport
     |        `- warning: public import of 'CmuxMobileTransport' was not used in public declarations or inlinable code
   7 | public import Foundation
   8 | internal import OSLog

/private/tmp/cmux-verify-20260908170330-19681-7317/source-e8fda62191/Packages/iOS/CmuxMobileShell/Sources/CmuxMobileShell/MobileShellComposite+ConnectionRecovery.swift:7:8: warning: public import of 'Foundation' was not used in public declarations or inlinable code
   5 | public import CmuxMobileShellModel
   6 | public import CmuxMobileTransport
   7 | public import Foundation
     |        `- warning: public import of 'Foundation' was not used in public declarations or inlinable code
   8 | internal import OSLog
   9 | 

/private/tmp/cmux-verify-20260908170330-19681-7317/source-e8fda62191/Packages/iOS/CmuxMobileShell/Sources/CmuxMobileShell/MobileShellComposite+DemoContent.swift:4:8: warning: public import of 'CmuxMobileShellModel' was not used in public declarations or inlinable code
  2 | internal import CmuxMobileDiagnostics
  3 | public import CmuxMobilePairedMac
  4 | public import CmuxMobileShellModel
    |        `- warning: public import of 'CmuxMobileShellModel' was not used in public declarations or inlinable code
  5 | import Foundation
  6 | 
[682/859] Compiling CmuxMobileShell MobileShellComposite+Caffeine.swift
/private/tmp/cmux-verify-20260908170330-19681-7317/source-e8fda62191/Packages/iOS/CmuxMobileShell/Sources/CmuxMobileShell/MobileShellComposite+ConnectionDiagnostics.swift:1:8: warning: public import of 'CMUXMobileCore' was not used in public declarations or inlinable code
  1 | public import CMUXMobileCore
    |        `- warning: public import of 'CMUXMobileCore' was not used in public declarations or inlinable code
  2 | public import CmuxMobileRPC
  3 | 

/private/tmp/cmux-verify-20260908170330-19681-7317/source-e8fda62191/Packages/iOS/CmuxMobileShell/Sources/CmuxMobileShell/MobileShellComposite+ConnectionDiagnostics.swift:2:8: warning: public import of 'CmuxMobileRPC' was not used in public declarations or inlinable code
  1 | public import CMUXMobileCore
  2 | public import CmuxMobileRPC
    |        `- warning: public import of 'CmuxMobileRPC' was not used in public declarations or inlinable code
  3 | 
  4 | @MainActor

/private/tmp/cmux-verify-20260908170330-19681-7317/source-e8fda62191/Packages/iOS/CmuxMobileShell/Sources/CmuxMobileShell/MobileShellComposite+ConnectionRecovery.swift:1:8: warning: public import of 'CMUXMobileCore' was not used in public declarations or inlinable code
   1 | public import CMUXMobileCore
     |        `- warning: public import of 'CMUXMobileCore' was not used in public declarations or inlinable code
   2 | internal import CmuxMobileDiagnostics
   3 | public import CmuxMobilePairedMac

/private/tmp/cmux-verify-20260908170330-19681-7317/source-e8fda62191/Packages/iOS/CmuxMobileShell/Sources/CmuxMobileShell/MobileShellComposite+ConnectionRecovery.swift:3:8: warning: public import of 'CmuxMobilePairedMac' was not used in public declarations or inlinable code
   1 | public import CMUXMobileCore
   2 | internal import CmuxMobileDiagnostics
   3 | public import CmuxMobilePairedMac
     |        `- warning: public import of 'CmuxMobilePairedMac' was not used in public declarations or inlinable code
   4 | public import CmuxMobileRPC
   5 | public import CmuxMobileShellModel

/private/tmp/cmux-verify-20260908170330-19681-7317/source-e8fda62191/Packages/iOS/CmuxMobileShell/Sources/CmuxMobileShell/MobileShellComposite+ConnectionRecovery.swift:4:8: warning: public import of 'CmuxMobileRPC' was not used in public declarations or inlinable code
   2 | internal import CmuxMobileDiagnostics
   3 | public import CmuxMobilePairedMac
   4 | public import CmuxMobileRPC
     |        `- warning: public import of 'CmuxMobileRPC' was not used in public declarations or inlinable code
   5 | public import CmuxMobileShellModel
   6 | public import CmuxMobileTransport

/private/tmp/cmux-verify-20260908170330-19681-7317/source-e8fda62191/Packages/iOS/CmuxMobileShell/Sources/CmuxMobileShell/MobileShellComposite+ConnectionRecovery.swift:6:8: warning: public import of 'CmuxMobileTransport' was not used in public declarations or inlinable code
   4 | public import CmuxMobileRPC
   5 | public import CmuxMobileShellModel
   6 | public import CmuxMobileTransport
     |        `- warning: public import of 'CmuxMobileTransport' was not used in public declarations or inlinable code
   7 | public import Foundation
   8 | internal import OSLog

/private/tmp/cmux-verify-20260908170330-19681-7317/source-e8fda62191/Packages/iOS/CmuxMobileShell/Sources/CmuxMobileShell/MobileShellComposite+ConnectionRecovery.swift:7:8: warning: public import of 'Foundation' was not used in public declarations or inlinable code
   5 | public import CmuxMobileShellModel
   6 | public import CmuxMobileTransport
   7 | public import Foundation
     |        `- warning: public import of 'Foundation' was not used in public declarations or inlinable code
   8 | internal import OSLog
   9 | 

/private/tmp/cmux-verify-20260908170330-19681-7317/source-e8fda62191/Packages/iOS/CmuxMobileShell/Sources/CmuxMobileShell/MobileShellComposite+DemoContent.swift:4:8: warning: public import of 'CmuxMobileShellModel' was not used in public declarations or inlinable code
  2 | internal import CmuxMobileDiagnostics
  3 | public import CmuxMobilePairedMac
  4 | public import CmuxMobileShellModel
    |        `- warning: public import of 'CmuxMobileShellModel' was not used in public declarations or inlinable code
  5 | import Foundation
  6 | 
[683/859] Compiling CmuxMobileShell MobileShellComposite+Capabilities.swift
/private/tmp/cmux-verify-20260908170330-19681-7317/source-e8fda62191/Packages/iOS/CmuxMobileShell/Sources/CmuxMobileShell/MobileShellComposite+ConnectionDiagnostics.swift:1:8: warning: public import of 'CMUXMobileCore' was not used in public declarations or inlinable code
  1 | public import CMUXMobileCore
    |        `- warning: public import of 'CMUXMobileCore' was not used in public declarations or inlinable code
  2 | public import CmuxMobileRPC
  3 | 

/private/tmp/cmux-verify-20260908170330-19681-7317/source-e8fda62191/Packages/iOS/CmuxMobileShell/Sources/CmuxMobileShell/MobileShellComposite+ConnectionDiagnostics.swift:2:8: warning: public import of 'CmuxMobileRPC' was not used in public declarations or inlinable code
  1 | public import CMUXMobileCore
  2 | public import CmuxMobileRPC
    |        `- warning: public import of 'CmuxMobileRPC' was not used in public declarations or inlinable code
  3 | 
  4 | @MainActor

/private/tmp/cmux-verify-20260908170330-19681-7317/source-e8fda62191/Packages/iOS/CmuxMobileShell/Sources/CmuxMobileShell/MobileShellComposite+ConnectionRecovery.swift:1:8: warning: public import of 'CMUXMobileCore' was not used in public declarations or inlinable code
   1 | public import CMUXMobileCore
     |        `- warning: public import of 'CMUXMobileCore' was not used in public declarations or inlinable code
   2 | internal import CmuxMobileDiagnostics
   3 | public import CmuxMobilePairedMac

/private/tmp/cmux-verify-20260908170330-19681-7317/source-e8fda62191/Packages/iOS/CmuxMobileShell/Sources/CmuxMobileShell/MobileShellComposite+ConnectionRecovery.swift:3:8: warning: public import of 'CmuxMobilePairedMac' was not used in public declarations or inlinable code
   1 | public import CMUXMobileCore
   2 | internal import CmuxMobileDiagnostics
   3 | public import CmuxMobilePairedMac
     |        `- warning: public import of 'CmuxMobilePairedMac' was not used in public declarations or inlinable code
   4 | public import CmuxMobileRPC
   5 | public import CmuxMobileShellModel

/private/tmp/cmux-verify-20260908170330-19681-7317/source-e8fda62191/Packages/iOS/CmuxMobileShell/Sources/CmuxMobileShell/MobileShellComposite+ConnectionRecovery.swift:4:8: warning: public import of 'CmuxMobileRPC' was not used in public declarations or inlinable code
   2 | internal import CmuxMobileDiagnostics
   3 | public import CmuxMobilePairedMac
   4 | public import CmuxMobileRPC
     |        `- warning: public import of 'CmuxMobileRPC' was not used in public declarations or inlinable code
   5 | public import CmuxMobileShellModel
   6 | public import CmuxMobileTransport

/private/tmp/cmux-verify-20260908170330-19681-7317/source-e8fda62191/Packages/iOS/CmuxMobileShell/Sources/CmuxMobileShell/MobileShellComposite+ConnectionRecovery.swift:6:8: warning: public import of 'CmuxMobileTransport' was not used in public declarations or inlinable code
   4 | public import CmuxMobileRPC
   5 | public import CmuxMobileShellModel
   6 | public import CmuxMobileTransport
     |        `- warning: public import of 'CmuxMobileTransport' was not used in public declarations or inlinable code
   7 | public import Foundation
   8 | internal import OSLog

/private/tmp/cmux-verify-20260908170330-19681-7317/source-e8fda62191/Packages/iOS/CmuxMobileShell/Sources/CmuxMobileShell/MobileShellComposite+ConnectionRecovery.swift:7:8: warning: public import of 'Foundation' was not used in public declarations or inlinable code
   5 | public import CmuxMobileShellModel
   6 | public import CmuxMobileTransport
   7 | public import Foundation
     |        `- warning: public import of 'Foundation' was not used in public declarations or inlinable code
   8 | internal import OSLog
   9 | 

/private/tmp/cmux-verify-20260908170330-19681-7317/source-e8fda62191/Packages/iOS/CmuxMobileShell/Sources/CmuxMobileShell/MobileShellComposite+DemoContent.swift:4:8: warning: public import of 'CmuxMobileShellModel' was not used in public declarations or inlinable code
  2 | internal import CmuxMobileDiagnostics
  3 | public import CmuxMobilePairedMac
  4 | public import CmuxMobileShellModel
    |        `- warning: public import of 'CmuxMobileShellModel' was not used in public declarations or inlinable code
  5 | import Foundation
  6 | 
[684/859] Compiling CmuxMobileShell MobileShellComposite+CompatibleMacTags.swift
/private/tmp/cmux-verify-20260908170330-19681-7317/source-e8fda62191/Packages/iOS/CmuxMobileShell/Sources/CmuxMobileShell/MobileShellComposite+ConnectionDiagnostics.swift:1:8: warning: public import of 'CMUXMobileCore' was not used in public declarations or inlinable code
  1 | public import CMUXMobileCore
    |        `- warning: public import of 'CMUXMobileCore' was not used in public declarations or inlinable code
  2 | public import CmuxMobileRPC
  3 | 

/private/tmp/cmux-verify-20260908170330-19681-7317/source-e8fda62191/Packages/iOS/CmuxMobileShell/Sources/CmuxMobileShell/MobileShellComposite+ConnectionDiagnostics.swift:2:8: warning: public import of 'CmuxMobileRPC' was not used in public declarations or inlinable code
  1 | public import CMUXMobileCore
  2 | public import CmuxMobileRPC
    |        `- warning: public import of 'CmuxMobileRPC' was not used in public declarations or inlinable code
  3 | 
  4 | @MainActor

/private/tmp/cmux-verify-20260908170330-19681-7317/source-e8fda62191/Packages/iOS/CmuxMobileShell/Sources/CmuxMobileShell/MobileShellComposite+ConnectionRecovery.swift:1:8: warning: public import of 'CMUXMobileCore' was not used in public declarations or inlinable code
   1 | public import CMUXMobileCore
     |        `- warning: public import of 'CMUXMobileCore' was not used in public declarations or inlinable code
   2 | internal import CmuxMobileDiagnostics
   3 | public import CmuxMobilePairedMac

/private/tmp/cmux-verify-20260908170330-19681-7317/source-e8fda62191/Packages/iOS/CmuxMobileShell/Sources/CmuxMobileShell/MobileShellComposite+ConnectionRecovery.swift:3:8: warning: public import of 'CmuxMobilePairedMac' was not used in public declarations or inlinable code
   1 | public import CMUXMobileCore
   2 | internal import CmuxMobileDiagnostics
   3 | public import CmuxMobilePairedMac
     |        `- warning: public import of 'CmuxMobilePairedMac' was not used in public declarations or inlinable code
   4 | public import CmuxMobileRPC
   5 | public import CmuxMobileShellModel

/private/tmp/cmux-verify-20260908170330-19681-7317/source-e8fda62191/Packages/iOS/CmuxMobileShell/Sources/CmuxMobileShell/MobileShellComposite+ConnectionRecovery.swift:4:8: warning: public import of 'CmuxMobileRPC' was not used in public declarations or inlinable code
   2 | internal import CmuxMobileDiagnostics
   3 | public import CmuxMobilePairedMac
   4 | public import CmuxMobileRPC
     |        `- warning: public import of 'CmuxMobileRPC' was not used in public declarations or inlinable code
   5 | public import CmuxMobileShellModel
   6 | public import CmuxMobileTransport

/private/tmp/cmux-verify-20260908170330-19681-7317/source-e8fda62191/Packages/iOS/CmuxMobileShell/Sources/CmuxMobileShell/MobileShellComposite+ConnectionRecovery.swift:6:8: warning: public import of 'CmuxMobileTransport' was not used in public declarations or inlinable code
   4 | public import CmuxMobileRPC
   5 | public import CmuxMobileShellModel
   6 | public import CmuxMobileTransport
     |        `- warning: public import of 'CmuxMobileTransport' was not used in public declarations or inlinable code
   7 | public import Foundation
   8 | internal import OSLog

/private/tmp/cmux-verify-20260908170330-19681-7317/source-e8fda62191/Packages/iOS/CmuxMobileShell/Sources/CmuxMobileShell/MobileShellComposite+ConnectionRecovery.swift:7:8: warning: public import of 'Foundation' was not used in public declarations or inlinable code
   5 | public import CmuxMobileShellModel
   6 | public import CmuxMobileTransport
   7 | public import Foundation
     |        `- warning: public import of 'Foundation' was not used in public declarations or inlinable code
   8 | internal import OSLog
   9 | 

/private/tmp/cmux-verify-20260908170330-19681-7317/source-e8fda62191/Packages/iOS/CmuxMobileShell/Sources/CmuxMobileShell/MobileShellComposite+DemoContent.swift:4:8: warning: public import of 'CmuxMobileShellModel' was not used in public declarations or inlinable code
  2 | internal import CmuxMobileDiagnostics
  3 | public import CmuxMobilePairedMac
  4 | public import CmuxMobileShellModel
    |        `- warning: public import of 'CmuxMobileShellModel' was not used in public declarations or inlinable code
  5 | import Foundation
  6 | 
[685/859] Compiling CmuxMobileShell MobileShellComposite+ComposerFileAttachments.swift
/private/tmp/cmux-verify-20260908170330-19681-7317/source-e8fda62191/Packages/iOS/CmuxMobileShell/Sources/CmuxMobileShell/MobileShellComposite+ConnectionDiagnostics.swift:1:8: warning: public import of 'CMUXMobileCore' was not used in public declarations or inlinable code
  1 | public import CMUXMobileCore
    |        `- warning: public import of 'CMUXMobileCore' was not used in public declarations or inlinable code
  2 | public import CmuxMobileRPC
  3 | 

/private/tmp/cmux-verify-20260908170330-19681-7317/source-e8fda62191/Packages/iOS/CmuxMobileShell/Sources/CmuxMobileShell/MobileShellComposite+ConnectionDiagnostics.swift:2:8: warning: public import of 'CmuxMobileRPC' was not used in public declarations or inlinable code
  1 | public import CMUXMobileCore
  2 | public import CmuxMobileRPC
    |        `- warning: public import of 'CmuxMobileRPC' was not used in public declarations or inlinable code
  3 | 
  4 | @MainActor

/private/tmp/cmux-verify-20260908170330-19681-7317/source-e8fda62191/Packages/iOS/CmuxMobileShell/Sources/CmuxMobileShell/MobileShellComposite+ConnectionRecovery.swift:1:8: warning: public import of 'CMUXMobileCore' was not used in public declarations or inlinable code
   1 | public import CMUXMobileCore
     |        `- warning: public import of 'CMUXMobileCore' was not used in public declarations or inlinable code
   2 | internal import CmuxMobileDiagnostics
   3 | public import CmuxMobilePairedMac

/private/tmp/cmux-verify-20260908170330-19681-7317/source-e8fda62191/Packages/iOS/CmuxMobileShell/Sources/CmuxMobileShell/MobileShellComposite+ConnectionRecovery.swift:3:8: warning: public import of 'CmuxMobilePairedMac' was not used in public declarations or inlinable code
   1 | public import CMUXMobileCore
   2 | internal import CmuxMobileDiagnostics
   3 | public import CmuxMobilePairedMac
     |        `- warning: public import of 'CmuxMobilePairedMac' was not used in public declarations or inlinable code
   4 | public import CmuxMobileRPC
   5 | public import CmuxMobileShellModel

/private/tmp/cmux-verify-20260908170330-19681-7317/source-e8fda62191/Packages/iOS/CmuxMobileShell/Sources/CmuxMobileShell/MobileShellComposite+ConnectionRecovery.swift:4:8: warning: public import of 'CmuxMobileRPC' was not used in public declarations or inlinable code
   2 | internal import CmuxMobileDiagnostics
   3 | public import CmuxMobilePairedMac
   4 | public import CmuxMobileRPC
     |        `- warning: public import of 'CmuxMobileRPC' was not used in public declarations or inlinable code
   5 | public import CmuxMobileShellModel
   6 | public import CmuxMobileTransport

/private/tmp/cmux-verify-20260908170330-19681-7317/source-e8fda62191/Packages/iOS/CmuxMobileShell/Sources/CmuxMobileShell/MobileShellComposite+ConnectionRecovery.swift:6:8: warning: public import of 'CmuxMobileTransport' was not used in public declarations or inlinable code
   4 | public import CmuxMobileRPC
   5 | public import CmuxMobileShellModel
   6 | public import CmuxMobileTransport
     |        `- warning: public import of 'CmuxMobileTransport' was not used in public declarations or inlinable code
   7 | public import Foundation
   8 | internal import OSLog

/private/tmp/cmux-verify-20260908170330-19681-7317/source-e8fda62191/Packages/iOS/CmuxMobileShell/Sources/CmuxMobileShell/MobileShellComposite+ConnectionRecovery.swift:7:8: warning: public import of 'Foundation' was not used in public declarations or inlinable code
   5 | public import CmuxMobileShellModel
   6 | public import CmuxMobileTransport
   7 | public import Foundation
     |        `- warning: public import of 'Foundation' was not used in public declarations or inlinable code
   8 | internal import OSLog
   9 | 

/private/tmp/cmux-verify-20260908170330-19681-7317/source-e8fda62191/Packages/iOS/CmuxMobileShell/Sources/CmuxMobileShell/MobileShellComposite+DemoContent.swift:4:8: warning: public import of 'CmuxMobileShellModel' was not used in public declarations or inlinable code
  2 | internal import CmuxMobileDiagnostics
  3 | public import CmuxMobilePairedMac
  4 | public import CmuxMobileShellModel
    |        `- warning: public import of 'CmuxMobileShellModel' was not used in public declarations or inlinable code
  5 | import Foundation
  6 | 
[686/859] Compiling CmuxMobileShell MobileShellComposite+ConnectionDiagnostics.swift
/private/tmp/cmux-verify-20260908170330-19681-7317/source-e8fda62191/Packages/iOS/CmuxMobileShell/Sources/CmuxMobileShell/MobileShellComposite+ConnectionDiagnostics.swift:1:8: warning: public import of 'CMUXMobileCore' was not used in public declarations or inlinable code
  1 | public import CMUXMobileCore
    |        `- warning: public import of 'CMUXMobileCore' was not used in public declarations or inlinable code
  2 | public import CmuxMobileRPC
  3 | 

/private/tmp/cmux-verify-20260908170330-19681-7317/source-e8fda62191/Packages/iOS/CmuxMobileShell/Sources/CmuxMobileShell/MobileShellComposite+ConnectionDiagnostics.swift:2:8: warning: public import of 'CmuxMobileRPC' was not used in public declarations or inlinable code
  1 | public import CMUXMobileCore
  2 | public import CmuxMobileRPC
    |        `- warning: public import of 'CmuxMobileRPC' was not used in public declarations or inlinable code
  3 | 
  4 | @MainActor

/private/tmp/cmux-verify-20260908170330-19681-7317/source-e8fda62191/Packages/iOS/CmuxMobileShell/Sources/CmuxMobileShell/MobileShellComposite+ConnectionRecovery.swift:1:8: warning: public import of 'CMUXMobileCore' was not used in public declarations or inlinable code
   1 | public import CMUXMobileCore
     |        `- warning: public import of 'CMUXMobileCore' was not used in public declarations or inlinable code
   2 | internal import CmuxMobileDiagnostics
   3 | public import CmuxMobilePairedMac

/private/tmp/cmux-verify-20260908170330-19681-7317/source-e8fda62191/Packages/iOS/CmuxMobileShell/Sources/CmuxMobileShell/MobileShellComposite+ConnectionRecovery.swift:3:8: warning: public import of 'CmuxMobilePairedMac' was not used in public declarations or inlinable code
   1 | public import CMUXMobileCore
   2 | internal import CmuxMobileDiagnostics
   3 | public import CmuxMobilePairedMac
     |        `- warning: public import of 'CmuxMobilePairedMac' was not used in public declarations or inlinable code
   4 | public import CmuxMobileRPC
   5 | public import CmuxMobileShellModel

/private/tmp/cmux-verify-20260908170330-19681-7317/source-e8fda62191/Packages/iOS/CmuxMobileShell/Sources/CmuxMobileShell/MobileShellComposite+ConnectionRecovery.swift:4:8: warning: public import of 'CmuxMobileRPC' was not used in public declarations or inlinable code
   2 | internal import CmuxMobileDiagnostics
   3 | public import CmuxMobilePairedMac
   4 | public import CmuxMobileRPC
     |        `- warning: public import of 'CmuxMobileRPC' was not used in public declarations or inlinable code
   5 | public import CmuxMobileShellModel
   6 | public import CmuxMobileTransport

/private/tmp/cmux-verify-20260908170330-19681-7317/source-e8fda62191/Packages/iOS/CmuxMobileShell/Sources/CmuxMobileShell/MobileShellComposite+ConnectionRecovery.swift:6:8: warning: public import of 'CmuxMobileTransport' was not used in public declarations or inlinable code
   4 | public import CmuxMobileRPC
   5 | public import CmuxMobileShellModel
   6 | public import CmuxMobileTransport
     |        `- warning: public import of 'CmuxMobileTransport' was not used in public declarations or inlinable code
   7 | public import Foundation
   8 | internal import OSLog

/private/tmp/cmux-verify-20260908170330-19681-7317/source-e8fda62191/Packages/iOS/CmuxMobileShell/Sources/CmuxMobileShell/MobileShellComposite+ConnectionRecovery.swift:7:8: warning: public import of 'Foundation' was not used in public declarations or inlinable code
   5 | public import CmuxMobileShellModel
   6 | public import CmuxMobileTransport
   7 | public import Foundation
     |        `- warning: public import of 'Foundation' was not used in public declarations or inlinable code
   8 | internal import OSLog
   9 | 

/private/tmp/cmux-verify-20260908170330-19681-7317/source-e8fda62191/Packages/iOS/CmuxMobileShell/Sources/CmuxMobileShell/MobileShellComposite+DemoContent.swift:4:8: warning: public import of 'CmuxMobileShellModel' was not used in public declarations or inlinable code
  2 | internal import CmuxMobileDiagnostics
  3 | public import CmuxMobilePairedMac
  4 | public import CmuxMobileShellModel
    |        `- warning: public import of 'CmuxMobileShellModel' was not used in public declarations or inlinable code
  5 | import Foundation
  6 | 
[687/859] Compiling CmuxMobileShell MobileShellComposite+ConnectionMethod.swift
/private/tmp/cmux-verify-20260908170330-19681-7317/source-e8fda62191/Packages/iOS/CmuxMobileShell/Sources/CmuxMobileShell/MobileShellComposite+ConnectionDiagnostics.swift:1:8: warning: public import of 'CMUXMobileCore' was not used in public declarations or inlinable code
  1 | public import CMUXMobileCore
    |        `- warning: public import of 'CMUXMobileCore' was not used in public declarations or inlinable code
  2 | public import CmuxMobileRPC
  3 | 

/private/tmp/cmux-verify-20260908170330-19681-7317/source-e8fda62191/Packages/iOS/CmuxMobileShell/Sources/CmuxMobileShell/MobileShellComposite+ConnectionDiagnostics.swift:2:8: warning: public import of 'CmuxMobileRPC' was not used in public declarations or inlinable code
  1 | public import CMUXMobileCore
  2 | public import CmuxMobileRPC
    |        `- warning: public import of 'CmuxMobileRPC' was not used in public declarations or inlinable code
  3 | 
  4 | @MainActor

/private/tmp/cmux-verify-20260908170330-19681-7317/source-e8fda62191/Packages/iOS/CmuxMobileShell/Sources/CmuxMobileShell/MobileShellComposite+ConnectionRecovery.swift:1:8: warning: public import of 'CMUXMobileCore' was not used in public declarations or inlinable code
   1 | public import CMUXMobileCore
     |        `- warning: public import of 'CMUXMobileCore' was not used in public declarations or inlinable code
   2 | internal import CmuxMobileDiagnostics
   3 | public import CmuxMobilePairedMac

/private/tmp/cmux-verify-20260908170330-19681-7317/source-e8fda62191/Packages/iOS/CmuxMobileShell/Sources/CmuxMobileShell/MobileShellComposite+ConnectionRecovery.swift:3:8: warning: public import of 'CmuxMobilePairedMac' was not used in public declarations or inlinable code
   1 | public import CMUXMobileCore
   2 | internal import CmuxMobileDiagnostics
   3 | public import CmuxMobilePairedMac
     |        `- warning: public import of 'CmuxMobilePairedMac' was not used in public declarations or inlinable code
   4 | public import CmuxMobileRPC
   5 | public import CmuxMobileShellModel

/private/tmp/cmux-verify-20260908170330-19681-7317/source-e8fda62191/Packages/iOS/CmuxMobileShell/Sources/CmuxMobileShell/MobileShellComposite+ConnectionRecovery.swift:4:8: warning: public import of 'CmuxMobileRPC' was not used in public declarations or inlinable code
   2 | internal import CmuxMobileDiagnostics
   3 | public import CmuxMobilePairedMac
   4 | public import CmuxMobileRPC
     |        `- warning: public import of 'CmuxMobileRPC' was not used in public declarations or inlinable code
   5 | public import CmuxMobileShellModel
   6 | public import CmuxMobileTransport

/private/tmp/cmux-verify-20260908170330-19681-7317/source-e8fda62191/Packages/iOS/CmuxMobileShell/Sources/CmuxMobileShell/MobileShellComposite+ConnectionRecovery.swift:6:8: warning: public import of 'CmuxMobileTransport' was not used in public declarations or inlinable code
   4 | public import CmuxMobileRPC
   5 | public import CmuxMobileShellModel
   6 | public import CmuxMobileTransport
     |        `- warning: public import of 'CmuxMobileTransport' was not used in public declarations or inlinable code
   7 | public import Foundation
   8 | internal import OSLog

/private/tmp/cmux-verify-20260908170330-19681-7317/source-e8fda62191/Packages/iOS/CmuxMobileShell/Sources/CmuxMobileShell/MobileShellComposite+ConnectionRecovery.swift:7:8: warning: public import of 'Foundation' was not used in public declarations or inlinable code
   5 | public import CmuxMobileShellModel
   6 | public import CmuxMobileTransport
   7 | public import Foundation
     |        `- warning: public import of 'Foundation' was not used in public declarations or inlinable code
   8 | internal import OSLog
   9 | 

/private/tmp/cmux-verify-20260908170330-19681-7317/source-e8fda62191/Packages/iOS/CmuxMobileShell/Sources/CmuxMobileShell/MobileShellComposite+DemoContent.swift:4:8: warning: public import of 'CmuxMobileShellModel' was not used in public declarations or inlinable code
  2 | internal import CmuxMobileDiagnostics
  3 | public import CmuxMobilePairedMac
  4 | public import CmuxMobileShellModel
    |        `- warning: public import of 'CmuxMobileShellModel' was not used in public declarations or inlinable code
  5 | import Foundation
  6 | 
[688/859] Compiling CmuxMobileShell MobileShellComposite+ConnectionRecovery.swift
/private/tmp/cmux-verify-20260908170330-19681-7317/source-e8fda62191/Packages/iOS/CmuxMobileShell/Sources/CmuxMobileShell/MobileShellComposite+ConnectionDiagnostics.swift:1:8: warning: public import of 'CMUXMobileCore' was not used in public declarations or inlinable code
  1 | public import CMUXMobileCore
    |        `- warning: public import of 'CMUXMobileCore' was not used in public declarations or inlinable code
  2 | public import CmuxMobileRPC
  3 | 

/private/tmp/cmux-verify-20260908170330-19681-7317/source-e8fda62191/Packages/iOS/CmuxMobileShell/Sources/CmuxMobileShell/MobileShellComposite+ConnectionDiagnostics.swift:2:8: warning: public import of 'CmuxMobileRPC' was not used in public declarations or inlinable code
  1 | public import CMUXMobileCore
  2 | public import CmuxMobileRPC
    |        `- warning: public import of 'CmuxMobileRPC' was not used in public declarations or inlinable code
  3 | 
  4 | @MainActor

/private/tmp/cmux-verify-20260908170330-19681-7317/source-e8fda62191/Packages/iOS/CmuxMobileShell/Sources/CmuxMobileShell/MobileShellComposite+ConnectionRecovery.swift:1:8: warning: public import of 'CMUXMobileCore' was not used in public declarations or inlinable code
   1 | public import CMUXMobileCore
     |        `- warning: public import of 'CMUXMobileCore' was not used in public declarations or inlinable code
   2 | internal import CmuxMobileDiagnostics
   3 | public import CmuxMobilePairedMac

/private/tmp/cmux-verify-20260908170330-19681-7317/source-e8fda62191/Packages/iOS/CmuxMobileShell/Sources/CmuxMobileShell/MobileShellComposite+ConnectionRecovery.swift:3:8: warning: public import of 'CmuxMobilePairedMac' was not used in public declarations or inlinable code
   1 | public import CMUXMobileCore
   2 | internal import CmuxMobileDiagnostics
   3 | public import CmuxMobilePairedMac
     |        `- warning: public import of 'CmuxMobilePairedMac' was not used in public declarations or inlinable code
   4 | public import CmuxMobileRPC
   5 | public import CmuxMobileShellModel

/private/tmp/cmux-verify-20260908170330-19681-7317/source-e8fda62191/Packages/iOS/CmuxMobileShell/Sources/CmuxMobileShell/MobileShellComposite+ConnectionRecovery.swift:4:8: warning: public import of 'CmuxMobileRPC' was not used in public declarations or inlinable code
   2 | internal import CmuxMobileDiagnostics
   3 | public import CmuxMobilePairedMac
   4 | public import CmuxMobileRPC
     |        `- warning: public import of 'CmuxMobileRPC' was not used in public declarations or inlinable code
   5 | public import CmuxMobileShellModel
   6 | public import CmuxMobileTransport

/private/tmp/cmux-verify-20260908170330-19681-7317/source-e8fda62191/Packages/iOS/CmuxMobileShell/Sources/CmuxMobileShell/MobileShellComposite+ConnectionRecovery.swift:6:8: warning: public import of 'CmuxMobileTransport' was not used in public declarations or inlinable code
   4 | public import CmuxMobileRPC
   5 | public import CmuxMobileShellModel
   6 | public import CmuxMobileTransport
     |        `- warning: public import of 'CmuxMobileTransport' was not used in public declarations or inlinable code
   7 | public import Foundation
   8 | internal import OSLog

/private/tmp/cmux-verify-20260908170330-19681-7317/source-e8fda62191/Packages/iOS/CmuxMobileShell/Sources/CmuxMobileShell/MobileShellComposite+ConnectionRecovery.swift:7:8: warning: public import of 'Foundation' was not used in public declarations or inlinable code
   5 | public import CmuxMobileShellModel
   6 | public import CmuxMobileTransport
   7 | public import Foundation
     |        `- warning: public import of 'Foundation' was not used in public declarations or inlinable code
   8 | internal import OSLog
   9 | 

/private/tmp/cmux-verify-20260908170330-19681-7317/source-e8fda62191/Packages/iOS/CmuxMobileShell/Sources/CmuxMobileShell/MobileShellComposite+DemoContent.swift:4:8: warning: public import of 'CmuxMobileShellModel' was not used in public declarations or inlinable code
  2 | internal import CmuxMobileDiagnostics
  3 | public import CmuxMobilePairedMac
  4 | public import CmuxMobileShellModel
    |        `- warning: public import of 'CmuxMobileShellModel' was not used in public declarations or inlinable code
  5 | import Foundation
  6 | 
[689/859] Compiling CmuxMobileShell MobileShellComposite+DeeplinkNavigation.swift
/private/tmp/cmux-verify-20260908170330-19681-7317/source-e8fda62191/Packages/iOS/CmuxMobileShell/Sources/CmuxMobileShell/MobileShellComposite+ConnectionDiagnostics.swift:1:8: warning: public import of 'CMUXMobileCore' was not used in public declarations or inlinable code
  1 | public import CMUXMobileCore
    |        `- warning: public import of 'CMUXMobileCore' was not used in public declarations or inlinable code
  2 | public import CmuxMobileRPC
  3 | 

/private/tmp/cmux-verify-20260908170330-19681-7317/source-e8fda62191/Packages/iOS/CmuxMobileShell/Sources/CmuxMobileShell/MobileShellComposite+ConnectionDiagnostics.swift:2:8: warning: public import of 'CmuxMobileRPC' was not used in public declarations or inlinable code
  1 | public import CMUXMobileCore
  2 | public import CmuxMobileRPC
    |        `- warning: public import of 'CmuxMobileRPC' was not used in public declarations or inlinable code
  3 | 
  4 | @MainActor

/private/tmp/cmux-verify-20260908170330-19681-7317/source-e8fda62191/Packages/iOS/CmuxMobileShell/Sources/CmuxMobileShell/MobileShellComposite+ConnectionRecovery.swift:1:8: warning: public import of 'CMUXMobileCore' was not used in public declarations or inlinable code
   1 | public import CMUXMobileCore
     |        `- warning: public import of 'CMUXMobileCore' was not used in public declarations or inlinable code
   2 | internal import CmuxMobileDiagnostics
   3 | public import CmuxMobilePairedMac

/private/tmp/cmux-verify-20260908170330-19681-7317/source-e8fda62191/Packages/iOS/CmuxMobileShell/Sources/CmuxMobileShell/MobileShellComposite+ConnectionRecovery.swift:3:8: warning: public import of 'CmuxMobilePairedMac' was not used in public declarations or inlinable code
   1 | public import CMUXMobileCore
   2 | internal import CmuxMobileDiagnostics
   3 | public import CmuxMobilePairedMac
     |        `- warning: public import of 'CmuxMobilePairedMac' was not used in public declarations or inlinable code
   4 | public import CmuxMobileRPC
   5 | public import CmuxMobileShellModel

/private/tmp/cmux-verify-20260908170330-19681-7317/source-e8fda62191/Packages/iOS/CmuxMobileShell/Sources/CmuxMobileShell/MobileShellComposite+ConnectionRecovery.swift:4:8: warning: public import of 'CmuxMobileRPC' was not used in public declarations or inlinable code
   2 | internal import CmuxMobileDiagnostics
   3 | public import CmuxMobilePairedMac
   4 | public import CmuxMobileRPC
     |        `- warning: public import of 'CmuxMobileRPC' was not used in public declarations or inlinable code
   5 | public import CmuxMobileShellModel
   6 | public import CmuxMobileTransport

/private/tmp/cmux-verify-20260908170330-19681-7317/source-e8fda62191/Packages/iOS/CmuxMobileShell/Sources/CmuxMobileShell/MobileShellComposite+ConnectionRecovery.swift:6:8: warning: public import of 'CmuxMobileTransport' was not used in public declarations or inlinable code
   4 | public import CmuxMobileRPC
   5 | public import CmuxMobileShellModel
   6 | public import CmuxMobileTransport
     |        `- warning: public import of 'CmuxMobileTransport' was not used in public declarations or inlinable code
   7 | public import Foundation
   8 | internal import OSLog

/private/tmp/cmux-verify-20260908170330-19681-7317/source-e8fda62191/Packages/iOS/CmuxMobileShell/Sources/CmuxMobileShell/MobileShellComposite+ConnectionRecovery.swift:7:8: warning: public import of 'Foundation' was not used in public declarations or inlinable code
   5 | public import CmuxMobileShellModel
   6 | public import CmuxMobileTransport
   7 | public import Foundation
     |        `- warning: public import of 'Foundation' was not used in public declarations or inlinable code
   8 | internal import OSLog
   9 | 

/private/tmp/cmux-verify-20260908170330-19681-7317/source-e8fda62191/Packages/iOS/CmuxMobileShell/Sources/CmuxMobileShell/MobileShellComposite+DemoContent.swift:4:8: warning: public import of 'CmuxMobileShellModel' was not used in public declarations or inlinable code
  2 | internal import CmuxMobileDiagnostics
  3 | public import CmuxMobilePairedMac
  4 | public import CmuxMobileShellModel
    |        `- warning: public import of 'CmuxMobileShellModel' was not used in public declarations or inlinable code
  5 | import Foundation
  6 | 
[690/859] Compiling CmuxMobileShell MobileShellComposite+DemoContent.swift
/private/tmp/cmux-verify-20260908170330-19681-7317/source-e8fda62191/Packages/iOS/CmuxMobileShell/Sources/CmuxMobileShell/MobileShellComposite+ConnectionDiagnostics.swift:1:8: warning: public import of 'CMUXMobileCore' was not used in public declarations or inlinable code
  1 | public import CMUXMobileCore
    |        `- warning: public import of 'CMUXMobileCore' was not used in public declarations or inlinable code
  2 | public import CmuxMobileRPC
  3 | 

/private/tmp/cmux-verify-20260908170330-19681-7317/source-e8fda62191/Packages/iOS/CmuxMobileShell/Sources/CmuxMobileShell/MobileShellComposite+ConnectionDiagnostics.swift:2:8: warning: public import of 'CmuxMobileRPC' was not used in public declarations or inlinable code
  1 | public import CMUXMobileCore
  2 | public import CmuxMobileRPC
    |        `- warning: public import of 'CmuxMobileRPC' was not used in public declarations or inlinable code
  3 | 
  4 | @MainActor

/private/tmp/cmux-verify-20260908170330-19681-7317/source-e8fda62191/Packages/iOS/CmuxMobileShell/Sources/CmuxMobileShell/MobileShellComposite+ConnectionRecovery.swift:1:8: warning: public import of 'CMUXMobileCore' was not used in public declarations or inlinable code
   1 | public import CMUXMobileCore
     |        `- warning: public import of 'CMUXMobileCore' was not used in public declarations or inlinable code
   2 | internal import CmuxMobileDiagnostics
   3 | public import CmuxMobilePairedMac

/private/tmp/cmux-verify-20260908170330-19681-7317/source-e8fda62191/Packages/iOS/CmuxMobileShell/Sources/CmuxMobileShell/MobileShellComposite+ConnectionRecovery.swift:3:8: warning: public import of 'CmuxMobilePairedMac' was not used in public declarations or inlinable code
   1 | public import CMUXMobileCore
   2 | internal import CmuxMobileDiagnostics
   3 | public import CmuxMobilePairedMac
     |        `- warning: public import of 'CmuxMobilePairedMac' was not used in public declarations or inlinable code
   4 | public import CmuxMobileRPC
   5 | public import CmuxMobileShellModel

/private/tmp/cmux-verify-20260908170330-19681-7317/source-e8fda62191/Packages/iOS/CmuxMobileShell/Sources/CmuxMobileShell/MobileShellComposite+ConnectionRecovery.swift:4:8: warning: public import of 'CmuxMobileRPC' was not used in public declarations or inlinable code
   2 | internal import CmuxMobileDiagnostics
   3 | public import CmuxMobilePairedMac
   4 | public import CmuxMobileRPC
     |        `- warning: public import of 'CmuxMobileRPC' was not used in public declarations or inlinable code
   5 | public import CmuxMobileShellModel
   6 | public import CmuxMobileTransport

/private/tmp/cmux-verify-20260908170330-19681-7317/source-e8fda62191/Packages/iOS/CmuxMobileShell/Sources/CmuxMobileShell/MobileShellComposite+ConnectionRecovery.swift:6:8: warning: public import of 'CmuxMobileTransport' was not used in public declarations or inlinable code
   4 | public import CmuxMobileRPC
   5 | public import CmuxMobileShellModel
   6 | public import CmuxMobileTransport
     |        `- warning: public import of 'CmuxMobileTransport' was not used in public declarations or inlinable code
   7 | public import Foundation
   8 | internal import OSLog

/private/tmp/cmux-verify-20260908170330-19681-7317/source-e8fda62191/Packages/iOS/CmuxMobileShell/Sources/CmuxMobileShell/MobileShellComposite+ConnectionRecovery.swift:7:8: warning: public import of 'Foundation' was not used in public declarations or inlinable code
   5 | public import CmuxMobileShellModel
   6 | public import CmuxMobileTransport
   7 | public import Foundation
     |        `- warning: public import of 'Foundation' was not used in public declarations or inlinable code
   8 | internal import OSLog
   9 | 

/private/tmp/cmux-verify-20260908170330-19681-7317/source-e8fda62191/Packages/iOS/CmuxMobileShell/Sources/CmuxMobileShell/MobileShellComposite+DemoContent.swift:4:8: warning: public import of 'CmuxMobileShellModel' was not used in public declarations or inlinable code
  2 | internal import CmuxMobileDiagnostics
  3 | public import CmuxMobilePairedMac
  4 | public import CmuxMobileShellModel
    |        `- warning: public import of 'CmuxMobileShellModel' was not used in public declarations or inlinable code
  5 | import Foundation
  6 | 
[691/859] Compiling CmuxMobileShell MobileWorkspaceChangesChip.swift
/private/tmp/cmux-verify-20260908170330-19681-7317/source-e8fda62191/Packages/iOS/CmuxMobileShell/Sources/CmuxMobileShell/MobileWorkspaceMutationFailure.swift:2:8: warning: public import of 'Foundation' was not used in public declarations or inlinable code
 1 | public import CMUXMobileCore
 2 | public import Foundation
   |        `- warning: public import of 'Foundation' was not used in public declarations or inlinable code
 3 | 
 4 | /// Failure reasons surfaced back to the mobile workspace-list UI for Mac-backed
[692/859] Compiling CmuxMobileShell MobileWorkspaceChangesHint.swift
/private/tmp/cmux-verify-20260908170330-19681-7317/source-e8fda62191/Packages/iOS/CmuxMobileShell/Sources/CmuxMobileShell/MobileWorkspaceMutationFailure.swift:2:8: warning: public import of 'Foundation' was not used in public declarations or inlinable code
 1 | public import CMUXMobileCore
 2 | public import Foundation
   |        `- warning: public import of 'Foundation' was not used in public declarations or inlinable code
 3 | 
 4 | /// Failure reasons surfaced back to the mobile workspace-list UI for Mac-backed
[693/859] Compiling CmuxMobileShell MobileWorkspaceChangesHintDismissalStore.swift
/private/tmp/cmux-verify-20260908170330-19681-7317/source-e8fda62191/Packages/iOS/CmuxMobileShell/Sources/CmuxMobileShell/MobileWorkspaceMutationFailure.swift:2:8: warning: public import of 'Foundation' was not used in public declarations or inlinable code
 1 | public import CMUXMobileCore
 2 | public import Foundation
   |        `- warning: public import of 'Foundation' was not used in public declarations or inlinable code
 3 | 
 4 | /// Failure reasons surfaced back to the mobile workspace-list UI for Mac-backed
[694/859] Compiling CmuxMobileShell MobileWorkspaceCreateSpec.swift
/private/tmp/cmux-verify-20260908170330-19681-7317/source-e8fda62191/Packages/iOS/CmuxMobileShell/Sources/CmuxMobileShell/MobileWorkspaceMutationFailure.swift:2:8: warning: public import of 'Foundation' was not used in public declarations or inlinable code
 1 | public import CMUXMobileCore
 2 | public import Foundation
   |        `- warning: public import of 'Foundation' was not used in public declarations or inlinable code
 3 | 
 4 | /// Failure reasons surfaced back to the mobile workspace-list UI for Mac-backed
[695/859] Compiling CmuxMobileShell MobileWorkspaceMutationFailure.swift
/private/tmp/cmux-verify-20260908170330-19681-7317/source-e8fda62191/Packages/iOS/CmuxMobileShell/Sources/CmuxMobileShell/MobileWorkspaceMutationFailure.swift:2:8: warning: public import of 'Foundation' was not used in public declarations or inlinable code
 1 | public import CMUXMobileCore
 2 | public import Foundation
   |        `- warning: public import of 'Foundation' was not used in public declarations or inlinable code
 3 | 
 4 | /// Failure reasons surfaced back to the mobile workspace-list UI for Mac-backed
[696/859] Compiling CmuxMobileShell MultiMacAggregationFlag.swift
/private/tmp/cmux-verify-20260908170330-19681-7317/source-e8fda62191/Packages/iOS/CmuxMobileShell/Sources/CmuxMobileShell/MobileWorkspaceMutationFailure.swift:2:8: warning: public import of 'Foundation' was not used in public declarations or inlinable code
 1 | public import CMUXMobileCore
 2 | public import Foundation
   |        `- warning: public import of 'Foundation' was not used in public declarations or inlinable code
 3 | 
 4 | /// Failure reasons surfaced back to the mobile workspace-list UI for Mac-backed
[697/859] Compiling CmuxMobileShell NoopDeliveredNotificationClearer.swift
/private/tmp/cmux-verify-20260908170330-19681-7317/source-e8fda62191/Packages/iOS/CmuxMobileShell/Sources/CmuxMobileShell/MobileWorkspaceMutationFailure.swift:2:8: warning: public import of 'Foundation' was not used in public declarations or inlinable code
 1 | public import CMUXMobileCore
 2 | public import Foundation
   |        `- warning: public import of 'Foundation' was not used in public declarations or inlinable code
 3 | 
 4 | /// Failure reasons surfaced back to the mobile workspace-list UI for Mac-backed
[698/859] Compiling CmuxMobileShell NotificationFeedClientTarget.swift
/private/tmp/cmux-verify-20260908170330-19681-7317/source-e8fda62191/Packages/iOS/CmuxMobileShell/Sources/CmuxMobileShell/MobileWorkspaceMutationFailure.swift:2:8: warning: public import of 'Foundation' was not used in public declarations or inlinable code
 1 | public import CMUXMobileCore
 2 | public import Foundation
   |        `- warning: public import of 'Foundation' was not used in public declarations or inlinable code
 3 | 
 4 | /// Failure reasons surfaced back to the mobile workspace-list UI for Mac-backed
[699/859] Compiling CmuxMobileShell NotificationFeedFetchOutcome.swift
/private/tmp/cmux-verify-20260908170330-19681-7317/source-e8fda62191/Packages/iOS/CmuxMobileShell/Sources/CmuxMobileShell/MobileWorkspaceMutationFailure.swift:2:8: warning: public import of 'Foundation' was not used in public declarations or inlinable code
 1 | public import CMUXMobileCore
 2 | public import Foundation
   |        `- warning: public import of 'Foundation' was not used in public declarations or inlinable code
 3 | 
 4 | /// Failure reasons surfaced back to the mobile workspace-list UI for Mac-backed
[700/859] Compiling CmuxMobileShell NotificationFeedMacSnapshot.swift
/private/tmp/cmux-verify-20260908170330-19681-7317/source-e8fda62191/Packages/iOS/CmuxMobileShell/Sources/CmuxMobileShell/MobileWorkspaceMutationFailure.swift:2:8: warning: public import of 'Foundation' was not used in public declarations or inlinable code
 1 | public import CMUXMobileCore
 2 | public import Foundation
   |        `- warning: public import of 'Foundation' was not used in public declarations or inlinable code
 3 | 
 4 | /// Failure reasons surfaced back to the mobile workspace-list UI for Mac-backed
[701/859] Compiling CmuxMobileShell NotificationFeedWorkspaceLookupKey.swift
/private/tmp/cmux-verify-20260908170330-19681-7317/source-e8fda62191/Packages/iOS/CmuxMobileShell/Sources/CmuxMobileShell/MobileWorkspaceMutationFailure.swift:2:8: warning: public import of 'Foundation' was not used in public declarations or inlinable code
 1 | public import CMUXMobileCore
 2 | public import Foundation
   |        `- warning: public import of 'Foundation' was not used in public declarations or inlinable code
 3 | 
 4 | /// Failure reasons surfaced back to the mobile workspace-list UI for Mac-backed
[702/859] Compiling CmuxMobileShell NotificationFeedWorkspaceTarget.swift
/private/tmp/cmux-verify-20260908170330-19681-7317/source-e8fda62191/Packages/iOS/CmuxMobileShell/Sources/CmuxMobileShell/MobileWorkspaceMutationFailure.swift:2:8: warning: public import of 'Foundation' was not used in public declarations or inlinable code
 1 | public import CMUXMobileCore
 2 | public import Foundation
   |        `- warning: public import of 'Foundation' was not used in public declarations or inlinable code
 3 | 
 4 | /// Failure reasons surfaced back to the mobile workspace-list UI for Mac-backed
[703/859] Compiling CmuxMobileShell NotificationFeedWorkspaceTargetIndex.swift
/private/tmp/cmux-verify-20260908170330-19681-7317/source-e8fda62191/Packages/iOS/CmuxMobileShell/Sources/CmuxMobileShell/MobileWorkspaceMutationFailure.swift:2:8: warning: public import of 'Foundation' was not used in public declarations or inlinable code
 1 | public import CMUXMobileCore
 2 | public import Foundation
   |        `- warning: public import of 'Foundation' was not used in public declarations or inlinable code
 3 | 
 4 | /// Failure reasons surfaced back to the mobile workspace-list UI for Mac-backed
[704/859] Compiling CmuxMobileShell PairedMacAliasUnionFind.swift
/private/tmp/cmux-verify-20260908170330-19681-7317/source-e8fda62191/Packages/iOS/CmuxMobileShell/Sources/CmuxMobileShell/MobileWorkspaceMutationFailure.swift:2:8: warning: public import of 'Foundation' was not used in public declarations or inlinable code
 1 | public import CMUXMobileCore
 2 | public import Foundation
   |        `- warning: public import of 'Foundation' was not used in public declarations or inlinable code
 3 | 
 4 | /// Failure reasons surfaced back to the mobile workspace-list UI for Mac-backed
[705/859] Compiling CmuxMobileShell PairedMacBackingUp.swift
/private/tmp/cmux-verify-20260908170330-19681-7317/source-e8fda62191/Packages/iOS/CmuxMobileShell/Sources/CmuxMobileShell/MobileWorkspaceMutationFailure.swift:2:8: warning: public import of 'Foundation' was not used in public declarations or inlinable code
 1 | public import CMUXMobileCore
 2 | public import Foundation
   |        `- warning: public import of 'Foundation' was not used in public declarations or inlinable code
 3 | 
 4 | /// Failure reasons surfaced back to the mobile workspace-list UI for Mac-backed
[706/859] Compiling CmuxMobileShell PairedMacBackupClient.swift
/private/tmp/cmux-verify-20260908170330-19681-7317/source-e8fda62191/Packages/iOS/CmuxMobileShell/Sources/CmuxMobileShell/MobileWorkspaceMutationFailure.swift:2:8: warning: public import of 'Foundation' was not used in public declarations or inlinable code
 1 | public import CMUXMobileCore
 2 | public import Foundation
   |        `- warning: public import of 'Foundation' was not used in public declarations or inlinable code
 3 | 
 4 | /// Failure reasons surfaced back to the mobile workspace-list UI for Mac-backed
[707/859] Compiling CmuxMobileShell PairedMacBackupClientScopeSelection.swift
/private/tmp/cmux-verify-20260908170330-19681-7317/source-e8fda62191/Packages/iOS/CmuxMobileShell/Sources/CmuxMobileShell/MobileWorkspaceMutationFailure.swift:2:8: warning: public import of 'Foundation' was not used in public declarations or inlinable code
 1 | public import CMUXMobileCore
 2 | public import Foundation
   |        `- warning: public import of 'Foundation' was not used in public declarations or inlinable code
 3 | 
 4 | /// Failure reasons surfaced back to the mobile workspace-list UI for Mac-backed
[708/859] Compiling CmuxMobileShell PairedMacBackupFailableRecord.swift
/private/tmp/cmux-verify-20260908170330-19681-7317/source-e8fda62191/Packages/iOS/CmuxMobileShell/Sources/CmuxMobileShell/MobileWorkspaceMutationFailure.swift:2:8: warning: public import of 'Foundation' was not used in public declarations or inlinable code
 1 | public import CMUXMobileCore
 2 | public import Foundation
   |        `- warning: public import of 'Foundation' was not used in public declarations or inlinable code
 3 | 
 4 | /// Failure reasons surfaced back to the mobile workspace-list UI for Mac-backed
[709/859] Compiling CmuxMobileShell PairedMacBackupFailableRoute.swift
/private/tmp/cmux-verify-20260908170330-19681-7317/source-e8fda62191/Packages/iOS/CmuxMobileShell/Sources/CmuxMobileShell/MobileWorkspaceMutationFailure.swift:2:8: warning: public import of 'Foundation' was not used in public declarations or inlinable code
 1 | public import CMUXMobileCore
 2 | public import Foundation
   |        `- warning: public import of 'Foundation' was not used in public declarations or inlinable code
 3 | 
 4 | /// Failure reasons surfaced back to the mobile workspace-list UI for Mac-backed
[710/859] Compiling CmuxMobileShell PairedMacBackupListResponse.swift
/private/tmp/cmux-verify-20260908170330-19681-7317/source-e8fda62191/Packages/iOS/CmuxMobileShell/Sources/CmuxMobileShell/MobileWorkspaceMutationFailure.swift:2:8: warning: public import of 'Foundation' was not used in public declarations or inlinable code
 1 | public import CMUXMobileCore
 2 | public import Foundation
   |        `- warning: public import of 'Foundation' was not used in public declarations or inlinable code
 3 | 
 4 | /// Failure reasons surfaced back to the mobile workspace-list UI for Mac-backed
[711/859] Compiling CmuxMobileShell PairedMacBackupMigrationPlan.swift
/private/tmp/cmux-verify-20260908170330-19681-7317/source-e8fda62191/Packages/iOS/CmuxMobileShell/Sources/CmuxMobileShell/MobileWorkspaceMutationFailure.swift:2:8: warning: public import of 'Foundation' was not used in public declarations or inlinable code
 1 | public import CMUXMobileCore
 2 | public import Foundation
   |        `- warning: public import of 'Foundation' was not used in public declarations or inlinable code
 3 | 
 4 | /// Failure reasons surfaced back to the mobile workspace-list UI for Mac-backed
[712/859] Compiling CmuxMobileShell PairedMacBackupMigrationScope.swift
/private/tmp/cmux-verify-20260908170330-19681-7317/source-e8fda62191/Packages/iOS/CmuxMobileShell/Sources/CmuxMobileShell/MobileWorkspaceMutationFailure.swift:2:8: warning: public import of 'Foundation' was not used in public declarations or inlinable code
 1 | public import CMUXMobileCore
 2 | public import Foundation
   |        `- warning: public import of 'Foundation' was not used in public declarations or inlinable code
 3 | 
 4 | /// Failure reasons surfaced back to the mobile workspace-list UI for Mac-backed
[713/859] Compiling CmuxMobileShell PairedMacBackupOp.swift
/private/tmp/cmux-verify-20260908170330-19681-7317/source-e8fda62191/Packages/iOS/CmuxMobileShell/Sources/CmuxMobileShell/MobileWorkspaceMutationFailure.swift:2:8: warning: public import of 'Foundation' was not used in public declarations or inlinable code
 1 | public import CMUXMobileCore
 2 | public import Foundation
   |        `- warning: public import of 'Foundation' was not used in public declarations or inlinable code
 3 | 
 4 | /// Failure reasons surfaced back to the mobile workspace-list UI for Mac-backed
[714/859] Compiling CmuxMobileShell PairedMacBackupOpWire.swift
/private/tmp/cmux-verify-20260908170330-19681-7317/source-e8fda62191/Packages/iOS/CmuxMobileShell/Sources/CmuxMobileShell/MobileWorkspaceMutationFailure.swift:2:8: warning: public import of 'Foundation' was not used in public declarations or inlinable code
 1 | public import CMUXMobileCore
 2 | public import Foundation
   |        `- warning: public import of 'Foundation' was not used in public declarations or inlinable code
 3 | 
 4 | /// Failure reasons surfaced back to the mobile workspace-list UI for Mac-backed
[715/859] Compiling CmuxMobileShell BackingUpPairedMacStore+AuthorizedRoutes.swift
/private/tmp/cmux-verify-20260908170330-19681-7317/source-e8fda62191/Packages/iOS/CmuxMobileShell/Sources/CmuxMobileShell/DeviceRegistryService.swift:642:32: warning: use of protocol 'Decoder' as a type must be written 'any Decoder'; this will be an error in a future Swift language mode [#ExistentialAny]
640 |         struct FailableRoute: Decodable {
641 |             let value: CmxAttachRoute?
642 |             init(from decoder: Decoder) throws {
    |                                `- warning: use of protocol 'Decoder' as a type must be written 'any Decoder'; this will be an error in a future Swift language mode [#ExistentialAny]
643 |                 value = try? CmxAttachRoute(from: decoder)
644 |             }

/private/tmp/cmux-verify-20260908170330-19681-7317/source-e8fda62191/Packages/iOS/CmuxMobileShell/Sources/CmuxMobileShell/DeviceRegistryService.swift:2:8: warning: public import of 'CmuxMobileShellModel' was not used in public declarations or inlinable code
  1 | public import CMUXMobileCore
  2 | public import CmuxMobileShellModel
    |        `- warning: public import of 'CmuxMobileShellModel' was not used in public declarations or inlinable code
  3 | public import Foundation
  4 | import os

[#ExistentialAny]: <https://docs.swift.org/compiler/documentation/diagnostics/existential-any>
[716/859] Compiling CmuxMobileShell BackingUpPairedMacStore+ConditionalRestore.swift
/private/tmp/cmux-verify-20260908170330-19681-7317/source-e8fda62191/Packages/iOS/CmuxMobileShell/Sources/CmuxMobileShell/DeviceRegistryService.swift:642:32: warning: use of protocol 'Decoder' as a type must be written 'any Decoder'; this will be an error in a future Swift language mode [#ExistentialAny]
640 |         struct FailableRoute: Decodable {
641 |             let value: CmxAttachRoute?
642 |             init(from decoder: Decoder) throws {
    |                                `- warning: use of protocol 'Decoder' as a type must be written 'any Decoder'; this will be an error in a future Swift language mode [#ExistentialAny]
643 |                 value = try? CmxAttachRoute(from: decoder)
644 |             }

/private/tmp/cmux-verify-20260908170330-19681-7317/source-e8fda62191/Packages/iOS/CmuxMobileShell/Sources/CmuxMobileShell/DeviceRegistryService.swift:2:8: warning: public import of 'CmuxMobileShellModel' was not used in public declarations or inlinable code
  1 | public import CMUXMobileCore
  2 | public import CmuxMobileShellModel
    |        `- warning: public import of 'CmuxMobileShellModel' was not used in public declarations or inlinable code
  3 | public import Foundation
  4 | import os

[#ExistentialAny]: <https://docs.swift.org/compiler/documentation/diagnostics/existential-any>
[717/859] Compiling CmuxMobileShell BackingUpPairedMacStore+ScopeKey.swift
/private/tmp/cmux-verify-20260908170330-19681-7317/source-e8fda62191/Packages/iOS/CmuxMobileShell/Sources/CmuxMobileShell/DeviceRegistryService.swift:642:32: warning: use of protocol 'Decoder' as a type must be written 'any Decoder'; this will be an error in a future Swift language mode [#ExistentialAny]
640 |         struct FailableRoute: Decodable {
641 |             let value: CmxAttachRoute?
642 |             init(from decoder: Decoder) throws {
    |                                `- warning: use of protocol 'Decoder' as a type must be written 'any Decoder'; this will be an error in a future Swift language mode [#ExistentialAny]
643 |                 value = try? CmxAttachRoute(from: decoder)
644 |             }

/private/tmp/cmux-verify-20260908170330-19681-7317/source-e8fda62191/Packages/iOS/CmuxMobileShell/Sources/CmuxMobileShell/DeviceRegistryService.swift:2:8: warning: public import of 'CmuxMobileShellModel' was not used in public declarations or inlinable code
  1 | public import CMUXMobileCore
  2 | public import CmuxMobileShellModel
    |        `- warning: public import of 'CmuxMobileShellModel' was not used in public declarations or inlinable code
  3 | public import Foundation
  4 | import os

[#ExistentialAny]: <https://docs.swift.org/compiler/documentation/diagnostics/existential-any>
[718/859] Compiling CmuxMobileShell BackingUpPairedMacStore.swift
/private/tmp/cmux-verify-20260908170330-19681-7317/source-e8fda62191/Packages/iOS/CmuxMobileShell/Sources/CmuxMobileShell/DeviceRegistryService.swift:642:32: warning: use of protocol 'Decoder' as a type must be written 'any Decoder'; this will be an error in a future Swift language mode [#ExistentialAny]
640 |         struct FailableRoute: Decodable {
641 |             let value: CmxAttachRoute?
642 |             init(from decoder: Decoder) throws {
    |                                `- warning: use of protocol 'Decoder' as a type must be written 'any Decoder'; this will be an error in a future Swift language mode [#ExistentialAny]
643 |                 value = try? CmxAttachRoute(from: decoder)
644 |             }

/private/tmp/cmux-verify-20260908170330-19681-7317/source-e8fda62191/Packages/iOS/CmuxMobileShell/Sources/CmuxMobileShell/DeviceRegistryService.swift:2:8: warning: public import of 'CmuxMobileShellModel' was not used in public declarations or inlinable code
  1 | public import CMUXMobileCore
  2 | public import CmuxMobileShellModel
    |        `- warning: public import of 'CmuxMobileShellModel' was not used in public declarations or inlinable code
  3 | public import Foundation
  4 | import os

[#ExistentialAny]: <https://docs.swift.org/compiler/documentation/diagnostics/existential-any>
[719/859] Compiling CmuxMobileShell CmxAttachTicket+ConstrainingRoutes.swift
/private/tmp/cmux-verify-20260908170330-19681-7317/source-e8fda62191/Packages/iOS/CmuxMobileShell/Sources/CmuxMobileShell/DeviceRegistryService.swift:642:32: warning: use of protocol 'Decoder' as a type must be written 'any Decoder'; this will be an error in a future Swift language mode [#ExistentialAny]
640 |         struct FailableRoute: Decodable {
641 |             let value: CmxAttachRoute?
642 |             init(from decoder: Decoder) throws {
    |                                `- warning: use of protocol 'Decoder' as a type must be written 'any Decoder'; this will be an error in a future Swift language mode [#ExistentialAny]
643 |                 value = try? CmxAttachRoute(from: decoder)
644 |             }

/private/tmp/cmux-verify-20260908170330-19681-7317/source-e8fda62191/Packages/iOS/CmuxMobileShell/Sources/CmuxMobileShell/DeviceRegistryService.swift:2:8: warning: public import of 'CmuxMobileShellModel' was not used in public declarations or inlinable code
  1 | public import CMUXMobileCore
  2 | public import CmuxMobileShellModel
    |        `- warning: public import of 'CmuxMobileShellModel' was not used in public declarations or inlinable code
  3 | public import Foundation
  4 | import os

[#ExistentialAny]: <https://docs.swift.org/compiler/documentation/diagnostics/existential-any>
[720/859] Compiling CmuxMobileShell CreatedTerminalSelection.swift
/private/tmp/cmux-verify-20260908170330-19681-7317/source-e8fda62191/Packages/iOS/CmuxMobileShell/Sources/CmuxMobileShell/DeviceRegistryService.swift:642:32: warning: use of protocol 'Decoder' as a type must be written 'any Decoder'; this will be an error in a future Swift language mode [#ExistentialAny]
640 |         struct FailableRoute: Decodable {
641 |             let value: CmxAttachRoute?
642 |             init(from decoder: Decoder) throws {
    |                                `- warning: use of protocol 'Decoder' as a type must be written 'any Decoder'; this will be an error in a future Swift language mode [#ExistentialAny]
643 |                 value = try? CmxAttachRoute(from: decoder)
644 |             }

/private/tmp/cmux-verify-20260908170330-19681-7317/source-e8fda62191/Packages/iOS/CmuxMobileShell/Sources/CmuxMobileShell/DeviceRegistryService.swift:2:8: warning: public import of 'CmuxMobileShellModel' was not used in public declarations or inlinable code
  1 | public import CMUXMobileCore
  2 | public import CmuxMobileShellModel
    |        `- warning: public import of 'CmuxMobileShellModel' was not used in public declarations or inlinable code
  3 | public import Foundation
  4 | import os

[#ExistentialAny]: <https://docs.swift.org/compiler/documentation/diagnostics/existential-any>
[721/859] Compiling CmuxMobileShell ThemeParityPreviewDelivery.swift
/private/tmp/cmux-verify-20260908170330-19681-7317/source-e8fda62191/Packages/iOS/CmuxMobileShell/Sources/CmuxMobileShell/DeviceRegistryService.swift:642:32: warning: use of protocol 'Decoder' as a type must be written 'any Decoder'; this will be an error in a future Swift language mode [#ExistentialAny]
640 |         struct FailableRoute: Decodable {
641 |             let value: CmxAttachRoute?
642 |             init(from decoder: Decoder) throws {
    |                                `- warning: use of protocol 'Decoder' as a type must be written 'any Decoder'; this will be an error in a future Swift language mode [#ExistentialAny]
643 |                 value = try? CmxAttachRoute(from: decoder)
644 |             }

/private/tmp/cmux-verify-20260908170330-19681-7317/source-e8fda62191/Packages/iOS/CmuxMobileShell/Sources/CmuxMobileShell/DeviceRegistryService.swift:2:8: warning: public import of 'CmuxMobileShellModel' was not used in public declarations or inlinable code
  1 | public import CMUXMobileCore
  2 | public import CmuxMobileShellModel
    |        `- warning: public import of 'CmuxMobileShellModel' was not used in public declarations or inlinable code
  3 | public import Foundation
  4 | import os

[#ExistentialAny]: <https://docs.swift.org/compiler/documentation/diagnostics/existential-any>
[722/859] Compiling CmuxMobileShell DeliveredNotificationClearing.swift
/private/tmp/cmux-verify-20260908170330-19681-7317/source-e8fda62191/Packages/iOS/CmuxMobileShell/Sources/CmuxMobileShell/DeviceRegistryService.swift:642:32: warning: use of protocol 'Decoder' as a type must be written 'any Decoder'; this will be an error in a future Swift language mode [#ExistentialAny]
640 |         struct FailableRoute: Decodable {
641 |             let value: CmxAttachRoute?
642 |             init(from decoder: Decoder) throws {
    |                                `- warning: use of protocol 'Decoder' as a type must be written 'any Decoder'; this will be an error in a future Swift language mode [#ExistentialAny]
643 |                 value = try? CmxAttachRoute(from: decoder)
644 |             }

/private/tmp/cmux-verify-20260908170330-19681-7317/source-e8fda62191/Packages/iOS/CmuxMobileShell/Sources/CmuxMobileShell/DeviceRegistryService.swift:2:8: warning: public import of 'CmuxMobileShellModel' was not used in public declarations or inlinable code
  1 | public import CMUXMobileCore
  2 | public import CmuxMobileShellModel
    |        `- warning: public import of 'CmuxMobileShellModel' was not used in public declarations or inlinable code
  3 | public import Foundation
  4 | import os

[#ExistentialAny]: <https://docs.swift.org/compiler/documentation/diagnostics/existential-any>
[723/859] Compiling CmuxMobileShell DemoContentPairedMacStore.swift
/private/tmp/cmux-verify-20260908170330-19681-7317/source-e8fda62191/Packages/iOS/CmuxMobileShell/Sources/CmuxMobileShell/DeviceRegistryService.swift:642:32: warning: use of protocol 'Decoder' as a type must be written 'any Decoder'; this will be an error in a future Swift language mode [#ExistentialAny]
640 |         struct FailableRoute: Decodable {
641 |             let value: CmxAttachRoute?
642 |             init(from decoder: Decoder) throws {
    |                                `- warning: use of protocol 'Decoder' as a type must be written 'any Decoder'; this will be an error in a future Swift language mode [#ExistentialAny]
643 |                 value = try? CmxAttachRoute(from: decoder)
644 |             }

/private/tmp/cmux-verify-20260908170330-19681-7317/source-e8fda62191/Packages/iOS/CmuxMobileShell/Sources/CmuxMobileShell/DeviceRegistryService.swift:2:8: warning: public import of 'CmuxMobileShellModel' was not used in public declarations or inlinable code
  1 | public import CMUXMobileCore
  2 | public import CmuxMobileShellModel
    |        `- warning: public import of 'CmuxMobileShellModel' was not used in public declarations or inlinable code
  3 | public import Foundation
  4 | import os

[#ExistentialAny]: <https://docs.swift.org/compiler/documentation/diagnostics/existential-any>
[724/859] Compiling CmuxMobileShell DeviceIdentityStore.swift
/private/tmp/cmux-verify-20260908170330-19681-7317/source-e8fda62191/Packages/iOS/CmuxMobileShell/Sources/CmuxMobileShell/DeviceRegistryService.swift:642:32: warning: use of protocol 'Decoder' as a type must be written 'any Decoder'; this will be an error in a future Swift language mode [#ExistentialAny]
640 |         struct FailableRoute: Decodable {
641 |             let value: CmxAttachRoute?
642 |             init(from decoder: Decoder) throws {
    |                                `- warning: use of protocol 'Decoder' as a type must be written 'any Decoder'; this will be an error in a future Swift language mode [#ExistentialAny]
643 |                 value = try? CmxAttachRoute(from: decoder)
644 |             }

/private/tmp/cmux-verify-20260908170330-19681-7317/source-e8fda62191/Packages/iOS/CmuxMobileShell/Sources/CmuxMobileShell/DeviceRegistryService.swift:2:8: warning: public import of 'CmuxMobileShellModel' was not used in public declarations or inlinable code
  1 | public import CMUXMobileCore
  2 | public import CmuxMobileShellModel
    |        `- warning: public import of 'CmuxMobileShellModel' was not used in public declarations or inlinable code
  3 | public import Foundation
  4 | import os

[#ExistentialAny]: <https://docs.swift.org/compiler/documentation/diagnostics/existential-any>
[725/859] Compiling CmuxMobileShell DeviceRegistryRefreshing.swift
/private/tmp/cmux-verify-20260908170330-19681-7317/source-e8fda62191/Packages/iOS/CmuxMobileShell/Sources/CmuxMobileShell/DeviceRegistryService.swift:642:32: warning: use of protocol 'Decoder' as a type must be written 'any Decoder'; this will be an error in a future Swift language mode [#ExistentialAny]
640 |         struct FailableRoute: Decodable {
641 |             let value: CmxAttachRoute?
642 |             init(from decoder: Decoder) throws {
    |                                `- warning: use of protocol 'Decoder' as a type must be written 'any Decoder'; this will be an error in a future Swift language mode [#ExistentialAny]
643 |                 value = try? CmxAttachRoute(from: decoder)
644 |             }

/private/tmp/cmux-verify-20260908170330-19681-7317/source-e8fda62191/Packages/iOS/CmuxMobileShell/Sources/CmuxMobileShell/DeviceRegistryService.swift:2:8: warning: public import of 'CmuxMobileShellModel' was not used in public declarations or inlinable code
  1 | public import CMUXMobileCore
  2 | public import CmuxMobileShellModel
    |        `- warning: public import of 'CmuxMobileShellModel' was not used in public declarations or inlinable code
  3 | public import Foundation
  4 | import os

[#ExistentialAny]: <https://docs.swift.org/compiler/documentation/diagnostics/existential-any>
[726/859] Compiling CmuxMobileShell DeviceRegistryService.swift
/private/tmp/cmux-verify-20260908170330-19681-7317/source-e8fda62191/Packages/iOS/CmuxMobileShell/Sources/CmuxMobileShell/DeviceRegistryService.swift:642:32: warning: use of protocol 'Decoder' as a type must be written 'any Decoder'; this will be an error in a future Swift language mode [#ExistentialAny]
640 |         struct FailableRoute: Decodable {
641 |             let value: CmxAttachRoute?
642 |             init(from decoder: Decoder) throws {
    |                                `- warning: use of protocol 'Decoder' as a type must be written 'any Decoder'; this will be an error in a future Swift language mode [#ExistentialAny]
643 |                 value = try? CmxAttachRoute(from: decoder)
644 |             }

/private/tmp/cmux-verify-20260908170330-19681-7317/source-e8fda62191/Packages/iOS/CmuxMobileShell/Sources/CmuxMobileShell/DeviceRegistryService.swift:2:8: warning: public import of 'CmuxMobileShellModel' was not used in public declarations or inlinable code
  1 | public import CMUXMobileCore
  2 | public import CmuxMobileShellModel
    |        `- warning: public import of 'CmuxMobileShellModel' was not used in public declarations or inlinable code
  3 | public import Foundation
  4 | import os

[#ExistentialAny]: <https://docs.swift.org/compiler/documentation/diagnostics/existential-any>
[727/859] Compiling CmuxMobileShell ForegroundConnectionAttemptReservation.swift
/private/tmp/cmux-verify-20260908170330-19681-7317/source-e8fda62191/Packages/iOS/CmuxMobileShell/Sources/CmuxMobileShell/DeviceRegistryService.swift:642:32: warning: use of protocol 'Decoder' as a type must be written 'any Decoder'; this will be an error in a future Swift language mode [#ExistentialAny]
640 |         struct FailableRoute: Decodable {
641 |             let value: CmxAttachRoute?
642 |             init(from decoder: Decoder) throws {
    |                                `- warning: use of protocol 'Decoder' as a type must be written 'any Decoder'; this will be an error in a future Swift language mode [#ExistentialAny]
643 |                 value = try? CmxAttachRoute(from: decoder)
644 |             }

/private/tmp/cmux-verify-20260908170330-19681-7317/source-e8fda62191/Packages/iOS/CmuxMobileShell/Sources/CmuxMobileShell/DeviceRegistryService.swift:2:8: warning: public import of 'CmuxMobileShellModel' was not used in public declarations or inlinable code
  1 | public import CMUXMobileCore
  2 | public import CmuxMobileShellModel
    |        `- warning: public import of 'CmuxMobileShellModel' was not used in public declarations or inlinable code
  3 | public import Foundation
  4 | import os

[#ExistentialAny]: <https://docs.swift.org/compiler/documentation/diagnostics/existential-any>
[728/859] Compiling CmuxMobileShell HideComputersVerifierIdentityProvider.swift
/private/tmp/cmux-verify-20260908170330-19681-7317/source-e8fda62191/Packages/iOS/CmuxMobileShell/Sources/CmuxMobileShell/DeviceRegistryService.swift:642:32: warning: use of protocol 'Decoder' as a type must be written 'any Decoder'; this will be an error in a future Swift language mode [#ExistentialAny]
640 |         struct FailableRoute: Decodable {
641 |             let value: CmxAttachRoute?
642 |             init(from decoder: Decoder) throws {
    |                                `- warning: use of protocol 'Decoder' as a type must be written 'any Decoder'; this will be an error in a future Swift language mode [#ExistentialAny]
643 |                 value = try? CmxAttachRoute(from: decoder)
644 |             }

/private/tmp/cmux-verify-20260908170330-19681-7317/source-e8fda62191/Packages/iOS/CmuxMobileShell/Sources/CmuxMobileShell/DeviceRegistryService.swift:2:8: warning: public import of 'CmuxMobileShellModel' was not used in public declarations or inlinable code
  1 | public import CMUXMobileCore
  2 | public import CmuxMobileShellModel
    |        `- warning: public import of 'CmuxMobileShellModel' was not used in public declarations or inlinable code
  3 | public import Foundation
  4 | import os

[#ExistentialAny]: <https://docs.swift.org/compiler/documentation/diagnostics/existential-any>
[729/859] Compiling CmuxMobileShell HideComputersVerifierPairedMacStore.swift
/private/tmp/cmux-verify-20260908170330-19681-7317/source-e8fda62191/Packages/iOS/CmuxMobileShell/Sources/CmuxMobileShell/DeviceRegistryService.swift:642:32: warning: use of protocol 'Decoder' as a type must be written 'any Decoder'; this will be an error in a future Swift language mode [#ExistentialAny]
640 |         struct FailableRoute: Decodable {
641 |             let value: CmxAttachRoute?
642 |             init(from decoder: Decoder) throws {
    |                                `- warning: use of protocol 'Decoder' as a type must be written 'any Decoder'; this will be an error in a future Swift language mode [#ExistentialAny]
643 |                 value = try? CmxAttachRoute(from: decoder)
644 |             }

/private/tmp/cmux-verify-20260908170330-19681-7317/source-e8fda62191/Packages/iOS/CmuxMobileShell/Sources/CmuxMobileShell/DeviceRegistryService.swift:2:8: warning: public import of 'CmuxMobileShellModel' was not used in public declarations or inlinable code
  1 | public import CMUXMobileCore
  2 | public import CmuxMobileShellModel
    |        `- warning: public import of 'CmuxMobileShellModel' was not used in public declarations or inlinable code
  3 | public import Foundation
  4 | import os

[#ExistentialAny]: <https://docs.swift.org/compiler/documentation/diagnostics/existential-any>
[730/859] Compiling CmuxMobileShell IOSBuildScopedPairedMacStore.swift
/private/tmp/cmux-verify-20260908170330-19681-7317/source-e8fda62191/Packages/iOS/CmuxMobileShell/Sources/CmuxMobileShell/DeviceRegistryService.swift:642:32: warning: use of protocol 'Decoder' as a type must be written 'any Decoder'; this will be an error in a future Swift language mode [#ExistentialAny]
640 |         struct FailableRoute: Decodable {
641 |             let value: CmxAttachRoute?
642 |             init(from decoder: Decoder) throws {
    |                                `- warning: use of protocol 'Decoder' as a type must be written 'any Decoder'; this will be an error in a future Swift language mode [#ExistentialAny]
643 |                 value = try? CmxAttachRoute(from: decoder)
644 |             }

/private/tmp/cmux-verify-20260908170330-19681-7317/source-e8fda62191/Packages/iOS/CmuxMobileShell/Sources/CmuxMobileShell/DeviceRegistryService.swift:2:8: warning: public import of 'CmuxMobileShellModel' was not used in public declarations or inlinable code
  1 | public import CMUXMobileCore
  2 | public import CmuxMobileShellModel
    |        `- warning: public import of 'CmuxMobileShellModel' was not used in public declarations or inlinable code
  3 | public import Foundation
  4 | import os

[#ExistentialAny]: <https://docs.swift.org/compiler/documentation/diagnostics/existential-any>
[731/859] Compiling CmuxMobileShell InMemoryPairedMacHiddenStore.swift
/private/tmp/cmux-verify-20260908170330-19681-7317/source-e8fda62191/Packages/iOS/CmuxMobileShell/Sources/CmuxMobileShell/DeviceRegistryService.swift:642:32: warning: use of protocol 'Decoder' as a type must be written 'any Decoder'; this will be an error in a future Swift language mode [#ExistentialAny]
640 |         struct FailableRoute: Decodable {
641 |             let value: CmxAttachRoute?
642 |             init(from decoder: Decoder) throws {
    |                                `- warning: use of protocol 'Decoder' as a type must be written 'any Decoder'; this will be an error in a future Swift language mode [#ExistentialAny]
643 |                 value = try? CmxAttachRoute(from: decoder)
644 |             }

/private/tmp/cmux-verify-20260908170330-19681-7317/source-e8fda62191/Packages/iOS/CmuxMobileShell/Sources/CmuxMobileShell/DeviceRegistryService.swift:2:8: warning: public import of 'CmuxMobileShellModel' was not used in public declarations or inlinable code
  1 | public import CMUXMobileCore
  2 | public import CmuxMobileShellModel
    |        `- warning: public import of 'CmuxMobileShellModel' was not used in public declarations or inlinable code
  3 | public import Foundation
  4 | import os

[#ExistentialAny]: <https://docs.swift.org/compiler/documentation/diagnostics/existential-any>
[732/859] Compiling CmuxMobileShell InMemoryPairedMacPendingDeleteStore.swift
/private/tmp/cmux-verify-20260908170330-19681-7317/source-e8fda62191/Packages/iOS/CmuxMobileShell/Sources/CmuxMobileShell/DeviceRegistryService.swift:642:32: warning: use of protocol 'Decoder' as a type must be written 'any Decoder'; this will be an error in a future Swift language mode [#ExistentialAny]
640 |         struct FailableRoute: Decodable {
641 |             let value: CmxAttachRoute?
642 |             init(from decoder: Decoder) throws {
    |                                `- warning: use of protocol 'Decoder' as a type must be written 'any Decoder'; this will be an error in a future Swift language mode [#ExistentialAny]
643 |                 value = try? CmxAttachRoute(from: decoder)
644 |             }

/private/tmp/cmux-verify-20260908170330-19681-7317/source-e8fda62191/Packages/iOS/CmuxMobileShell/Sources/CmuxMobileShell/DeviceRegistryService.swift:2:8: warning: public import of 'CmuxMobileShellModel' was not used in public declarations or inlinable code
  1 | public import CMUXMobileCore
  2 | public import CmuxMobileShellModel
    |        `- warning: public import of 'CmuxMobileShellModel' was not used in public declarations or inlinable code
  3 | public import Foundation
  4 | import os

[#ExistentialAny]: <https://docs.swift.org/compiler/documentation/diagnostics/existential-any>
[733/859] Compiling CmuxMobileShell InMemoryTerminalDraftStore.swift
/private/tmp/cmux-verify-20260908170330-19681-7317/source-e8fda62191/Packages/iOS/CmuxMobileShell/Sources/CmuxMobileShell/DeviceRegistryService.swift:642:32: warning: use of protocol 'Decoder' as a type must be written 'any Decoder'; this will be an error in a future Swift language mode [#ExistentialAny]
640 |         struct FailableRoute: Decodable {
641 |             let value: CmxAttachRoute?
642 |             init(from decoder: Decoder) throws {
    |                                `- warning: use of protocol 'Decoder' as a type must be written 'any Decoder'; this will be an error in a future Swift language mode [#ExistentialAny]
643 |                 value = try? CmxAttachRoute(from: decoder)
644 |             }

/private/tmp/cmux-verify-20260908170330-19681-7317/source-e8fda62191/Packages/iOS/CmuxMobileShell/Sources/CmuxMobileShell/DeviceRegistryService.swift:2:8: warning: public import of 'CmuxMobileShellModel' was not used in public declarations or inlinable code
  1 | public import CMUXMobileCore
  2 | public import CmuxMobileShellModel
    |        `- warning: public import of 'CmuxMobileShellModel' was not used in public declarations or inlinable code
  3 | public import Foundation
  4 | import os

[#ExistentialAny]: <https://docs.swift.org/compiler/documentation/diagnostics/existential-any>
[734/859] Compiling CmuxMobileShell MacBuildAdmissionVerdict.swift
/private/tmp/cmux-verify-20260908170330-19681-7317/source-e8fda62191/Packages/iOS/CmuxMobileShell/Sources/CmuxMobileShell/DeviceRegistryService.swift:642:32: warning: use of protocol 'Decoder' as a type must be written 'any Decoder'; this will be an error in a future Swift language mode [#ExistentialAny]
640 |         struct FailableRoute: Decodable {
641 |             let value: CmxAttachRoute?
642 |             init(from decoder: Decoder) throws {
    |                                `- warning: use of protocol 'Decoder' as a type must be written 'any Decoder'; this will be an error in a future Swift language mode [#ExistentialAny]
643 |                 value = try? CmxAttachRoute(from: decoder)
644 |             }

/private/tmp/cmux-verify-20260908170330-19681-7317/source-e8fda62191/Packages/iOS/CmuxMobileShell/Sources/CmuxMobileShell/DeviceRegistryService.swift:2:8: warning: public import of 'CmuxMobileShellModel' was not used in public declarations or inlinable code
  1 | public import CMUXMobileCore
  2 | public import CmuxMobileShellModel
    |        `- warning: public import of 'CmuxMobileShellModel' was not used in public declarations or inlinable code
  3 | public import Foundation
  4 | import os

[#ExistentialAny]: <https://docs.swift.org/compiler/documentation/diagnostics/existential-any>
[735/859] Compiling CmuxMobileShell MacBuildChannel.swift
/private/tmp/cmux-verify-20260908170330-19681-7317/source-e8fda62191/Packages/iOS/CmuxMobileShell/Sources/CmuxMobileShell/DeviceRegistryService.swift:642:32: warning: use of protocol 'Decoder' as a type must be written 'any Decoder'; this will be an error in a future Swift language mode [#ExistentialAny]
640 |         struct FailableRoute: Decodable {
641 |             let value: CmxAttachRoute?
642 |             init(from decoder: Decoder) throws {
    |                                `- warning: use of protocol 'Decoder' as a type must be written 'any Decoder'; this will be an error in a future Swift language mode [#ExistentialAny]
643 |                 value = try? CmxAttachRoute(from: decoder)
644 |             }

/private/tmp/cmux-verify-20260908170330-19681-7317/source-e8fda62191/Packages/iOS/CmuxMobileShell/Sources/CmuxMobileShell/DeviceRegistryService.swift:2:8: warning: public import of 'CmuxMobileShellModel' was not used in public declarations or inlinable code
  1 | public import CMUXMobileCore
  2 | public import CmuxMobileShellModel
    |        `- warning: public import of 'CmuxMobileShellModel' was not used in public declarations or inlinable code
  3 | public import Foundation
  4 | import os

[#ExistentialAny]: <https://docs.swift.org/compiler/documentation/diagnostics/existential-any>
[736/859] Compiling CmuxMobileShell MacConnection.swift
/private/tmp/cmux-verify-20260908170330-19681-7317/source-e8fda62191/Packages/iOS/CmuxMobileShell/Sources/CmuxMobileShell/DeviceRegistryService.swift:642:32: warning: use of protocol 'Decoder' as a type must be written 'any Decoder'; this will be an error in a future Swift language mode [#ExistentialAny]
640 |         struct FailableRoute: Decodable {
641 |             let value: CmxAttachRoute?
642 |             init(from decoder: Decoder) throws {
    |                                `- warning: use of protocol 'Decoder' as a type must be written 'any Decoder'; this will be an error in a future Swift language mode [#ExistentialAny]
643 |                 value = try? CmxAttachRoute(from: decoder)
644 |             }

/private/tmp/cmux-verify-20260908170330-19681-7317/source-e8fda62191/Packages/iOS/CmuxMobileShell/Sources/CmuxMobileShell/DeviceRegistryService.swift:2:8: warning: public import of 'CmuxMobileShellModel' was not used in public declarations or inlinable code
  1 | public import CMUXMobileCore
  2 | public import CmuxMobileShellModel
    |        `- warning: public import of 'CmuxMobileShellModel' was not used in public declarations or inlinable code
  3 | public import Foundation
  4 | import os

[#ExistentialAny]: <https://docs.swift.org/compiler/documentation/diagnostics/existential-any>
[737/859] Compiling CmuxMobileShell MacPairingKey.swift
/private/tmp/cmux-verify-20260908170330-19681-7317/source-e8fda62191/Packages/iOS/CmuxMobileShell/Sources/CmuxMobileShell/DeviceRegistryService.swift:642:32: warning: use of protocol 'Decoder' as a type must be written 'any Decoder'; this will be an error in a future Swift language mode [#ExistentialAny]
640 |         struct FailableRoute: Decodable {
641 |             let value: CmxAttachRoute?
642 |             init(from decoder: Decoder) throws {
    |                                `- warning: use of protocol 'Decoder' as a type must be written 'any Decoder'; this will be an error in a future Swift language mode [#ExistentialAny]
643 |                 value = try? CmxAttachRoute(from: decoder)
644 |             }

/private/tmp/cmux-verify-20260908170330-19681-7317/source-e8fda62191/Packages/iOS/CmuxMobileShell/Sources/CmuxMobileShell/DeviceRegistryService.swift:2:8: warning: public import of 'CmuxMobileShellModel' was not used in public declarations or inlinable code
  1 | public import CMUXMobileCore
  2 | public import CmuxMobileShellModel
    |        `- warning: public import of 'CmuxMobileShellModel' was not used in public declarations or inlinable code
  3 | public import Foundation
  4 | import os

[#ExistentialAny]: <https://docs.swift.org/compiler/documentation/diagnostics/existential-any>
[738/859] Compiling CmuxMobileShell MobileArtifactChunkFetchLoop.swift
/private/tmp/cmux-verify-20260908170330-19681-7317/source-e8fda62191/Packages/iOS/CmuxMobileShell/Sources/CmuxMobileShell/DeviceRegistryService.swift:642:32: warning: use of protocol 'Decoder' as a type must be written 'any Decoder'; this will be an error in a future Swift language mode [#ExistentialAny]
640 |         struct FailableRoute: Decodable {
641 |             let value: CmxAttachRoute?
642 |             init(from decoder: Decoder) throws {
    |                                `- warning: use of protocol 'Decoder' as a type must be written 'any Decoder'; this will be an error in a future Swift language mode [#ExistentialAny]
643 |                 value = try? CmxAttachRoute(from: decoder)
644 |             }

/private/tmp/cmux-verify-20260908170330-19681-7317/source-e8fda62191/Packages/iOS/CmuxMobileShell/Sources/CmuxMobileShell/DeviceRegistryService.swift:2:8: warning: public import of 'CmuxMobileShellModel' was not used in public declarations or inlinable code
  1 | public import CMUXMobileCore
  2 | public import CmuxMobileShellModel
    |        `- warning: public import of 'CmuxMobileShellModel' was not used in public declarations or inlinable code
  3 | public import Foundation
  4 | import os

[#ExistentialAny]: <https://docs.swift.org/compiler/documentation/diagnostics/existential-any>
[739/859] Compiling CmuxMobileShell TerminalConfigThemeMismatchResetPolicy.swift
[740/859] Compiling CmuxMobileShell TerminalDraftStoring.swift
[741/859] Compiling CmuxMobileShell TerminalOutputDelivery.swift
[742/859] Compiling CmuxMobileShell TerminalOutputTransportSelection.swift
[743/859] Compiling CmuxMobileShell TerminalScrollDelivery.swift
[744/859] Compiling CmuxMobileShell TerminalTextSnapshot.swift
[745/859] Compiling CmuxMobileShell UserDefaultsPairedMacBackupTeamStore.swift
[746/859] Compiling CmuxMobileShell UserDefaultsPairedMacHiddenStore.swift
[747/859] Compiling CmuxMobileShell UserDefaultsPairedMacPendingDeleteStore.swift
[748/859] Compiling CmuxMobileShell WarmControlPoolCapacity.swift
[749/859] Compiling CmuxMobileShell WorkspaceAbsenceAuthority.swift
[750/859] Compiling CmuxMobileShell WorkspaceChangesContentFingerprintPolicy.swift
[751/859] Compiling CmuxMobileShell WorkspaceChangesContentRequest.swift
[752/859] Compiling CmuxMobileShell WorkspaceChangesContentResponse.swift
[753/859] Compiling CmuxMobileShell WorkspaceChangesExpansionDownloadPolicy.swift
[754/859] Compiling CmuxMobileShell WorkspaceChangesFileRevision.swift
[755/859] Compiling CmuxMobileShell WorkspaceChangesSummaryFetchPlan.swift
[756/859] Compiling CmuxMobileShell WorkspaceChangesSummaryFetchPolicy.swift
[757/859] Compiling CmuxMobileShell WorkspaceChangesSummaryRefreshSchedulePolicy.swift
[758/859] Compiling CmuxMobileShell WorkspaceChangesSummaryRefreshScope.swift
[759/859] Compiling CmuxMobileShell WorkspaceChangesSummaryWorkspaceSet.swift
[760/859] Compiling CmuxMobileShell WorkspaceCreatePinnedContext.swift
[761/859] Compiling CmuxMobileShell WorkspaceMutationTarget.swift
[762/859] Compiling CmuxMobileShell MobileArtifactLaneFetchLoop.swift
[763/859] Compiling CmuxMobileShell MobileAutomaticReconnectBackoffOwner.swift
[764/859] Compiling CmuxMobileShell MobileBrowserStreamLifecycleCoordinator.swift
[765/859] Compiling CmuxMobileShell MobileChatArtifactFailureClassifier.swift
[766/859] Compiling CmuxMobileShell MobileChatEventSource+PanelArtifacts.swift
[767/859] Compiling CmuxMobileShell MobileChatEventSource+TerminalArtifacts.swift
[768/859] Compiling CmuxMobileShell MobileChatEventSource.swift
[769/859] Compiling CmuxMobileShell MobileChatSessionResponse.swift
[770/859] Compiling CmuxMobileShell MobileChatSessionsResponse.swift
[771/859] Compiling CmuxMobileShell MobileConnectionRecoveryOwner.swift
[772/859] Compiling CmuxMobileShell MobileControlPoolRetryState.swift
[773/859] Compiling CmuxMobileShell MobileDemoContentSession.swift
[774/859] Compiling CmuxMobileShell MobileDiscoveredIrohMac.swift
[775/859] Compiling CmuxMobileShell MobileFeedbackEmailClient.swift
[776/859] Compiling CmuxMobileShell MobileFeedbackEmailError.swift
[777/859] Compiling CmuxMobileShell MobileFeedbackEmailSubmitting.swift
[778/859] Compiling CmuxMobileShell MobileHiddenComputer.swift
[779/859] Compiling CmuxMobileShell MobileHideComputersVerificationCheckpoint.swift
[780/859] Compiling CmuxMobileShell MobileHideComputersVerificationResult.swift
[781/859] Compiling CmuxMobileShell MobileHideComputersVerificationWorkspace.swift
[782/859] Compiling CmuxMobileShell MobileHideComputersVerifier.swift
[783/859] Compiling CmuxMobileShell MobileIrohMacDiscovering.swift
[784/859] Compiling CmuxMobileShell MobileIrohMacForgetting.swift
[785/859] Compiling CmuxMobileShell MobileLatencyProbe.swift
[786/859] Compiling CmuxMobileShell MobileShellComposite+DisplayFormatting.swift
/private/tmp/cmux-verify-20260908170330-19681-7317/source-e8fda62191/Packages/iOS/CmuxMobileShell/Sources/CmuxMobileShell/MobileShellComposite+RouteRemoval.swift:2:8: warning: public import of 'CmuxMobilePairedMac' was not used in public declarations or inlinable code
  1 | public import CMUXMobileCore
  2 | public import CmuxMobilePairedMac
    |        `- warning: public import of 'CmuxMobilePairedMac' was not used in public declarations or inlinable code
  3 | import Foundation
  4 | 
[787/859] Compiling CmuxMobileShell MobileShellComposite+DogfoodFeedback.swift
/private/tmp/cmux-verify-20260908170330-19681-7317/source-e8fda62191/Packages/iOS/CmuxMobileShell/Sources/CmuxMobileShell/MobileShellComposite+RouteRemoval.swift:2:8: warning: public import of 'CmuxMobilePairedMac' was not used in public declarations or inlinable code
  1 | public import CMUXMobileCore
  2 | public import CmuxMobilePairedMac
    |        `- warning: public import of 'CmuxMobilePairedMac' was not used in public declarations or inlinable code
  3 | import Foundation
  4 | 
[788/859] Compiling CmuxMobileShell MobileShellComposite+ExplicitTerminalInput.swift
/private/tmp/cmux-verify-20260908170330-19681-7317/source-e8fda62191/Packages/iOS/CmuxMobileShell/Sources/CmuxMobileShell/MobileShellComposite+RouteRemoval.swift:2:8: warning: public import of 'CmuxMobilePairedMac' was not used in public declarations or inlinable code
  1 | public import CMUXMobileCore
  2 | public import CmuxMobilePairedMac
    |        `- warning: public import of 'CmuxMobilePairedMac' was not used in public declarations or inlinable code
  3 | import Foundation
  4 | 
[789/859] Compiling CmuxMobileShell MobileShellComposite+Helpers.swift
/private/tmp/cmux-verify-20260908170330-19681-7317/source-e8fda62191/Packages/iOS/CmuxMobileShell/Sources/CmuxMobileShell/MobileShellComposite+RouteRemoval.swift:2:8: warning: public import of 'CmuxMobilePairedMac' was not used in public declarations or inlinable code
  1 | public import CMUXMobileCore
  2 | public import CmuxMobilePairedMac
    |        `- warning: public import of 'CmuxMobilePairedMac' was not used in public declarations or inlinable code
  3 | import Foundation
  4 | 
[790/859] Compiling CmuxMobileShell MobileShellComposite+HiddenMacs.swift
/private/tmp/cmux-verify-20260908170330-19681-7317/source-e8fda62191/Packages/iOS/CmuxMobileShell/Sources/CmuxMobileShell/MobileShellComposite+RouteRemoval.swift:2:8: warning: public import of 'CmuxMobilePairedMac' was not used in public declarations or inlinable code
  1 | public import CMUXMobileCore
  2 | public import CmuxMobilePairedMac
    |        `- warning: public import of 'CmuxMobilePairedMac' was not used in public declarations or inlinable code
  3 | import Foundation
  4 | 
[791/859] Compiling CmuxMobileShell MobileShellComposite+InstanceAuthority.swift
/private/tmp/cmux-verify-20260908170330-19681-7317/source-e8fda62191/Packages/iOS/CmuxMobileShell/Sources/CmuxMobileShell/MobileShellComposite+RouteRemoval.swift:2:8: warning: public import of 'CmuxMobilePairedMac' was not used in public declarations or inlinable code
  1 | public import CMUXMobileCore
  2 | public import CmuxMobilePairedMac
    |        `- warning: public import of 'CmuxMobilePairedMac' was not used in public declarations or inlinable code
  3 | import Foundation
  4 | 
[792/859] Compiling CmuxMobileShell MobileShellComposite+IrohPeerFocus.swift
/private/tmp/cmux-verify-20260908170330-19681-7317/source-e8fda62191/Packages/iOS/CmuxMobileShell/Sources/CmuxMobileShell/MobileShellComposite+RouteRemoval.swift:2:8: warning: public import of 'CmuxMobilePairedMac' was not used in public declarations or inlinable code
  1 | public import CMUXMobileCore
  2 | public import CmuxMobilePairedMac
    |        `- warning: public import of 'CmuxMobilePairedMac' was not used in public declarations or inlinable code
  3 | import Foundation
  4 | 
[793/859] Compiling CmuxMobileShell MobileShellComposite+IrohReleaseGate.swift
/private/tmp/cmux-verify-20260908170330-19681-7317/source-e8fda62191/Packages/iOS/CmuxMobileShell/Sources/CmuxMobileShell/MobileShellComposite+RouteRemoval.swift:2:8: warning: public import of 'CmuxMobilePairedMac' was not used in public declarations or inlinable code
  1 | public import CMUXMobileCore
  2 | public import CmuxMobilePairedMac
    |        `- warning: public import of 'CmuxMobilePairedMac' was not used in public declarations or inlinable code
  3 | import Foundation
  4 | 
[794/859] Compiling CmuxMobileShell MobileShellComposite+LatencyProbe.swift
/private/tmp/cmux-verify-20260908170330-19681-7317/source-e8fda62191/Packages/iOS/CmuxMobileShell/Sources/CmuxMobileShell/MobileShellComposite+RouteRemoval.swift:2:8: warning: public import of 'CmuxMobilePairedMac' was not used in public declarations or inlinable code
  1 | public import CMUXMobileCore
  2 | public import CmuxMobilePairedMac
    |        `- warning: public import of 'CmuxMobilePairedMac' was not used in public declarations or inlinable code
  3 | import Foundation
  4 | 
[795/859] Compiling CmuxMobileShell MobileShellComposite+MacSwitchState.swift
/private/tmp/cmux-verify-20260908170330-19681-7317/source-e8fda62191/Packages/iOS/CmuxMobileShell/Sources/CmuxMobileShell/MobileShellComposite+RouteRemoval.swift:2:8: warning: public import of 'CmuxMobilePairedMac' was not used in public declarations or inlinable code
  1 | public import CMUXMobileCore
  2 | public import CmuxMobilePairedMac
    |        `- warning: public import of 'CmuxMobilePairedMac' was not used in public declarations or inlinable code
  3 | import Foundation
  4 | 
[796/859] Compiling CmuxMobileShell MobileShellComposite+MacUpdateHint.swift
/private/tmp/cmux-verify-20260908170330-19681-7317/source-e8fda62191/Packages/iOS/CmuxMobileShell/Sources/CmuxMobileShell/MobileShellComposite+RouteRemoval.swift:2:8: warning: public import of 'CmuxMobilePairedMac' was not used in public declarations or inlinable code
  1 | public import CMUXMobileCore
  2 | public import CmuxMobilePairedMac
    |        `- warning: public import of 'CmuxMobilePairedMac' was not used in public declarations or inlinable code
  3 | import Foundation
  4 | 
[797/859] Compiling CmuxMobileShell MobileShellComposite+ManualAttachTicket.swift
/private/tmp/cmux-verify-20260908170330-19681-7317/source-e8fda62191/Packages/iOS/CmuxMobileShell/Sources/CmuxMobileShell/MobileShellComposite+RouteRemoval.swift:2:8: warning: public import of 'CmuxMobilePairedMac' was not used in public declarations or inlinable code
  1 | public import CMUXMobileCore
  2 | public import CmuxMobilePairedMac
    |        `- warning: public import of 'CmuxMobilePairedMac' was not used in public declarations or inlinable code
  3 | import Foundation
  4 | 
[798/859] Compiling CmuxMobileShell MobileShellComposite+NotificationDismissSync.swift
/private/tmp/cmux-verify-20260908170330-19681-7317/source-e8fda62191/Packages/iOS/CmuxMobileShell/Sources/CmuxMobileShell/MobileShellComposite+RouteRemoval.swift:2:8: warning: public import of 'CmuxMobilePairedMac' was not used in public declarations or inlinable code
  1 | public import CMUXMobileCore
  2 | public import CmuxMobilePairedMac
    |        `- warning: public import of 'CmuxMobilePairedMac' was not used in public declarations or inlinable code
  3 | import Foundation
  4 | 
[799/859] Compiling CmuxMobileShell MobileShellComposite+NotificationFeed.swift
/private/tmp/cmux-verify-20260908170330-19681-7317/source-e8fda62191/Packages/iOS/CmuxMobileShell/Sources/CmuxMobileShell/MobileShellComposite+RouteRemoval.swift:2:8: warning: public import of 'CmuxMobilePairedMac' was not used in public declarations or inlinable code
  1 | public import CMUXMobileCore
  2 | public import CmuxMobilePairedMac
    |        `- warning: public import of 'CmuxMobilePairedMac' was not used in public declarations or inlinable code
  3 | import Foundation
  4 | 
[800/859] Compiling CmuxMobileShell MobileShellComposite+PairedMacAliases.swift
/private/tmp/cmux-verify-20260908170330-19681-7317/source-e8fda62191/Packages/iOS/CmuxMobileShell/Sources/CmuxMobileShell/MobileShellComposite+RouteRemoval.swift:2:8: warning: public import of 'CmuxMobilePairedMac' was not used in public declarations or inlinable code
  1 | public import CMUXMobileCore
  2 | public import CmuxMobilePairedMac
    |        `- warning: public import of 'CmuxMobilePairedMac' was not used in public declarations or inlinable code
  3 | import Foundation
  4 | 
[801/859] Compiling CmuxMobileShell MobileShellComposite+PairedMacCoalescing.swift
/private/tmp/cmux-verify-20260908170330-19681-7317/source-e8fda62191/Packages/iOS/CmuxMobileShell/Sources/CmuxMobileShell/MobileShellComposite+RouteRemoval.swift:2:8: warning: public import of 'CmuxMobilePairedMac' was not used in public declarations or inlinable code
  1 | public import CMUXMobileCore
  2 | public import CmuxMobilePairedMac
    |        `- warning: public import of 'CmuxMobilePairedMac' was not used in public declarations or inlinable code
  3 | import Foundation
  4 | 
[802/859] Compiling CmuxMobileShell MobileShellComposite+PairedMacPersistence.swift
/private/tmp/cmux-verify-20260908170330-19681-7317/source-e8fda62191/Packages/iOS/CmuxMobileShell/Sources/CmuxMobileShell/MobileShellComposite+RouteRemoval.swift:2:8: warning: public import of 'CmuxMobilePairedMac' was not used in public declarations or inlinable code
  1 | public import CMUXMobileCore
  2 | public import CmuxMobilePairedMac
    |        `- warning: public import of 'CmuxMobilePairedMac' was not used in public declarations or inlinable code
  3 | import Foundation
  4 | 
[803/859] Compiling CmuxMobileShell MobileShellComposite+PairingConnectionStatus.swift
/private/tmp/cmux-verify-20260908170330-19681-7317/source-e8fda62191/Packages/iOS/CmuxMobileShell/Sources/CmuxMobileShell/MobileShellComposite+RouteRemoval.swift:2:8: warning: public import of 'CmuxMobilePairedMac' was not used in public declarations or inlinable code
  1 | public import CMUXMobileCore
  2 | public import CmuxMobilePairedMac
    |        `- warning: public import of 'CmuxMobilePairedMac' was not used in public declarations or inlinable code
  3 | import Foundation
  4 | 
[804/859] Compiling CmuxMobileShell MobileShellComposite+PresenceRouteSync.swift
/private/tmp/cmux-verify-20260908170330-19681-7317/source-e8fda62191/Packages/iOS/CmuxMobileShell/Sources/CmuxMobileShell/MobileShellComposite+RouteRemoval.swift:2:8: warning: public import of 'CmuxMobilePairedMac' was not used in public declarations or inlinable code
  1 | public import CMUXMobileCore
  2 | public import CmuxMobilePairedMac
    |        `- warning: public import of 'CmuxMobilePairedMac' was not used in public declarations or inlinable code
  3 | import Foundation
  4 | 
[805/859] Compiling CmuxMobileShell MobileShellComposite+ReconnectRoutes.swift
/private/tmp/cmux-verify-20260908170330-19681-7317/source-e8fda62191/Packages/iOS/CmuxMobileShell/Sources/CmuxMobileShell/MobileShellComposite+RouteRemoval.swift:2:8: warning: public import of 'CmuxMobilePairedMac' was not used in public declarations or inlinable code
  1 | public import CMUXMobileCore
  2 | public import CmuxMobilePairedMac
    |        `- warning: public import of 'CmuxMobilePairedMac' was not used in public declarations or inlinable code
  3 | import Foundation
  4 | 
[806/859] Compiling CmuxMobileShell MobileShellComposite+RouteRemoval.swift
/private/tmp/cmux-verify-20260908170330-19681-7317/source-e8fda62191/Packages/iOS/CmuxMobileShell/Sources/CmuxMobileShell/MobileShellComposite+RouteRemoval.swift:2:8: warning: public import of 'CmuxMobilePairedMac' was not used in public declarations or inlinable code
  1 | public import CMUXMobileCore
  2 | public import CmuxMobilePairedMac
    |        `- warning: public import of 'CmuxMobilePairedMac' was not used in public declarations or inlinable code
  3 | import Foundation
  4 | 
[807/859] Compiling CmuxMobileShell MobileShellComposite+RouteSelection.swift
/private/tmp/cmux-verify-20260908170330-19681-7317/source-e8fda62191/Packages/iOS/CmuxMobileShell/Sources/CmuxMobileShell/MobileShellComposite+RouteRemoval.swift:2:8: warning: public import of 'CmuxMobilePairedMac' was not used in public declarations or inlinable code
  1 | public import CMUXMobileCore
  2 | public import CmuxMobilePairedMac
    |        `- warning: public import of 'CmuxMobilePairedMac' was not used in public declarations or inlinable code
  3 | import Foundation
  4 | 
[808/859] Compiling CmuxMobileShell MobileShellComposite+Scope.swift
/private/tmp/cmux-verify-20260908170330-19681-7317/source-e8fda62191/Packages/iOS/CmuxMobileShell/Sources/CmuxMobileShell/MobileShellComposite+RouteRemoval.swift:2:8: warning: public import of 'CmuxMobilePairedMac' was not used in public declarations or inlinable code
  1 | public import CMUXMobileCore
  2 | public import CmuxMobilePairedMac
    |        `- warning: public import of 'CmuxMobilePairedMac' was not used in public declarations or inlinable code
  3 | import Foundation
  4 | 
[809/859] Compiling CmuxMobileShell MobileShellComposite+SecondaryPromotion.swift
/private/tmp/cmux-verify-20260908170330-19681-7317/source-e8fda62191/Packages/iOS/CmuxMobileShell/Sources/CmuxMobileShell/MobileShellComposite+RouteRemoval.swift:2:8: warning: public import of 'CmuxMobilePairedMac' was not used in public declarations or inlinable code
  1 | public import CMUXMobileCore
  2 | public import CmuxMobilePairedMac
    |        `- warning: public import of 'CmuxMobilePairedMac' was not used in public declarations or inlinable code
  3 | import Foundation
  4 | 
[810/859] Compiling CmuxMobileShell MobileShellComposite+SimulatorDiagnostics.swift
/private/tmp/cmux-verify-20260908170330-19681-7317/source-e8fda62191/Packages/iOS/CmuxMobileShell/Sources/CmuxMobileShell/MobileShellComposite+TaskDirectoryList.swift:1:8: warning: public import of 'CMUXMobileCore' was not used in public declarations or inlinable code
  1 | public import CMUXMobileCore
    |        `- warning: public import of 'CMUXMobileCore' was not used in public declarations or inlinable code
  2 | public import CmuxMobileRPC
  3 | internal import Foundation

/private/tmp/cmux-verify-20260908170330-19681-7317/source-e8fda62191/Packages/iOS/CmuxMobileShell/Sources/CmuxMobileShell/MobileShellComposite+TerminalReplayLifecycle.swift:3:8: warning: public import of 'Foundation' was not used in public declarations or inlinable code
  1 | internal import CmuxMobileDiagnostics
  2 | internal import CmuxMobileRPC
  3 | public import Foundation
    |        `- warning: public import of 'Foundation' was not used in public declarations or inlinable code
  4 | 
  5 | /// Terminal replay barrier and replay-request lifecycle for

/private/tmp/cmux-verify-20260908170330-19681-7317/source-e8fda62191/Packages/iOS/CmuxMobileShell/Sources/CmuxMobileShell/MobileShellComposite+WorkspaceChangesContent.swift:1:8: warning: public import of 'CMUXMobileCore' was not used in public declarations or inlinable code
  1 | public import CMUXMobileCore
    |        `- warning: public import of 'CMUXMobileCore' was not used in public declarations or inlinable code
  2 | public import CmuxAgentChat
  3 | public import CmuxMobileChanges
[811/859] Compiling CmuxMobileShell MobileShellComposite+SimulatorStream.swift
/private/tmp/cmux-verify-20260908170330-19681-7317/source-e8fda62191/Packages/iOS/CmuxMobileShell/Sources/CmuxMobileShell/MobileShellComposite+TaskDirectoryList.swift:1:8: warning: public import of 'CMUXMobileCore' was not used in public declarations or inlinable code
  1 | public import CMUXMobileCore
    |        `- warning: public import of 'CMUXMobileCore' was not used in public declarations or inlinable code
  2 | public import CmuxMobileRPC
  3 | internal import Foundation

/private/tmp/cmux-verify-20260908170330-19681-7317/source-e8fda62191/Packages/iOS/CmuxMobileShell/Sources/CmuxMobileShell/MobileShellComposite+TerminalReplayLifecycle.swift:3:8: warning: public import of 'Foundation' was not used in public declarations or inlinable code
  1 | internal import CmuxMobileDiagnostics
  2 | internal import CmuxMobileRPC
  3 | public import Foundation
    |        `- warning: public import of 'Foundation' was not used in public declarations or inlinable code
  4 | 
  5 | /// Terminal replay barrier and replay-request lifecycle for

/private/tmp/cmux-verify-20260908170330-19681-7317/source-e8fda62191/Packages/iOS/CmuxMobileShell/Sources/CmuxMobileShell/MobileShellComposite+WorkspaceChangesContent.swift:1:8: warning: public import of 'CMUXMobileCore' was not used in public declarations or inlinable code
  1 | public import CMUXMobileCore
    |        `- warning: public import of 'CMUXMobileCore' was not used in public declarations or inlinable code
  2 | public import CmuxAgentChat
  3 | public import CmuxMobileChanges
[812/859] Compiling CmuxMobileShell MobileShellComposite+SimulatorStreamV2.swift
/private/tmp/cmux-verify-20260908170330-19681-7317/source-e8fda62191/Packages/iOS/CmuxMobileShell/Sources/CmuxMobileShell/MobileShellComposite+TaskDirectoryList.swift:1:8: warning: public import of 'CMUXMobileCore' was not used in public declarations or inlinable code
  1 | public import CMUXMobileCore
    |        `- warning: public import of 'CMUXMobileCore' was not used in public declarations or inlinable code
  2 | public import CmuxMobileRPC
  3 | internal import Foundation

/private/tmp/cmux-verify-20260908170330-19681-7317/source-e8fda62191/Packages/iOS/CmuxMobileShell/Sources/CmuxMobileShell/MobileShellComposite+TerminalReplayLifecycle.swift:3:8: warning: public import of 'Foundation' was not used in public declarations or inlinable code
  1 | internal import CmuxMobileDiagnostics
  2 | internal import CmuxMobileRPC
  3 | public import Foundation
    |        `- warning: public import of 'Foundation' was not used in public declarations or inlinable code
  4 | 
  5 | /// Terminal replay barrier and replay-request lifecycle for

/private/tmp/cmux-verify-20260908170330-19681-7317/source-e8fda62191/Packages/iOS/CmuxMobileShell/Sources/CmuxMobileShell/MobileShellComposite+WorkspaceChangesContent.swift:1:8: warning: public import of 'CMUXMobileCore' was not used in public declarations or inlinable code
  1 | public import CMUXMobileCore
    |        `- warning: public import of 'CMUXMobileCore' was not used in public declarations or inlinable code
  2 | public import CmuxAgentChat
  3 | public import CmuxMobileChanges
[813/859] Compiling CmuxMobileShell MobileShellComposite+StateSync.swift
/private/tmp/cmux-verify-20260908170330-19681-7317/source-e8fda62191/Packages/iOS/CmuxMobileShell/Sources/CmuxMobileShell/MobileShellComposite+TaskDirectoryList.swift:1:8: warning: public import of 'CMUXMobileCore' was not used in public declarations or inlinable code
  1 | public import CMUXMobileCore
    |        `- warning: public import of 'CMUXMobileCore' was not used in public declarations or inlinable code
  2 | public import CmuxMobileRPC
  3 | internal import Foundation

/private/tmp/cmux-verify-20260908170330-19681-7317/source-e8fda62191/Packages/iOS/CmuxMobileShell/Sources/CmuxMobileShell/MobileShellComposite+TerminalReplayLifecycle.swift:3:8: warning: public import of 'Foundation' was not used in public declarations or inlinable code
  1 | internal import CmuxMobileDiagnostics
  2 | internal import CmuxMobileRPC
  3 | public import Foundation
    |        `- warning: public import of 'Foundation' was not used in public declarations or inlinable code
  4 | 
  5 | /// Terminal replay barrier and replay-request lifecycle for

/private/tmp/cmux-verify-20260908170330-19681-7317/source-e8fda62191/Packages/iOS/CmuxMobileShell/Sources/CmuxMobileShell/MobileShellComposite+WorkspaceChangesContent.swift:1:8: warning: public import of 'CMUXMobileCore' was not used in public declarations or inlinable code
  1 | public import CMUXMobileCore
    |        `- warning: public import of 'CMUXMobileCore' was not used in public declarations or inlinable code
  2 | public import CmuxAgentChat
  3 | public import CmuxMobileChanges
[814/859] Compiling CmuxMobileShell MobileShellComposite+SurfaceFocus.swift
/private/tmp/cmux-verify-20260908170330-19681-7317/source-e8fda62191/Packages/iOS/CmuxMobileShell/Sources/CmuxMobileShell/MobileShellComposite+TaskDirectoryList.swift:1:8: warning: public import of 'CMUXMobileCore' was not used in public declarations or inlinable code
  1 | public import CMUXMobileCore
    |        `- warning: public import of 'CMUXMobileCore' was not used in public declarations or inlinable code
  2 | public import CmuxMobileRPC
  3 | internal import Foundation

/private/tmp/cmux-verify-20260908170330-19681-7317/source-e8fda62191/Packages/iOS/CmuxMobileShell/Sources/CmuxMobileShell/MobileShellComposite+TerminalReplayLifecycle.swift:3:8: warning: public import of 'Foundation' was not used in public declarations or inlinable code
  1 | internal import CmuxMobileDiagnostics
  2 | internal import CmuxMobileRPC
  3 | public import Foundation
    |        `- warning: public import of 'Foundation' was not used in public declarations or inlinable code
  4 | 
  5 | /// Terminal replay barrier and replay-request lifecycle for

/private/tmp/cmux-verify-20260908170330-19681-7317/source-e8fda62191/Packages/iOS/CmuxMobileShell/Sources/CmuxMobileShell/MobileShellComposite+WorkspaceChangesContent.swift:1:8: warning: public import of 'CMUXMobileCore' was not used in public declarations or inlinable code
  1 | public import CMUXMobileCore
    |        `- warning: public import of 'CMUXMobileCore' was not used in public declarations or inlinable code
  2 | public import CmuxAgentChat
  3 | public import CmuxMobileChanges
[815/859] Compiling CmuxMobileShell MobileShellComposite+TaskAttachments.swift
/private/tmp/cmux-verify-20260908170330-19681-7317/source-e8fda62191/Packages/iOS/CmuxMobileShell/Sources/CmuxMobileShell/MobileShellComposite+TaskDirectoryList.swift:1:8: warning: public import of 'CMUXMobileCore' was not used in public declarations or inlinable code
  1 | public import CMUXMobileCore
    |        `- warning: public import of 'CMUXMobileCore' was not used in public declarations or inlinable code
  2 | public import CmuxMobileRPC
  3 | internal import Foundation

/private/tmp/cmux-verify-20260908170330-19681-7317/source-e8fda62191/Packages/iOS/CmuxMobileShell/Sources/CmuxMobileShell/MobileShellComposite+TerminalReplayLifecycle.swift:3:8: warning: public import of 'Foundation' was not used in public declarations or inlinable code
  1 | internal import CmuxMobileDiagnostics
  2 | internal import CmuxMobileRPC
  3 | public import Foundation
    |        `- warning: public import of 'Foundation' was not used in public declarations or inlinable code
  4 | 
  5 | /// Terminal replay barrier and replay-request lifecycle for

/private/tmp/cmux-verify-20260908170330-19681-7317/source-e8fda62191/Packages/iOS/CmuxMobileShell/Sources/CmuxMobileShell/MobileShellComposite+WorkspaceChangesContent.swift:1:8: warning: public import of 'CMUXMobileCore' was not used in public declarations or inlinable code
  1 | public import CMUXMobileCore
    |        `- warning: public import of 'CMUXMobileCore' was not used in public declarations or inlinable code
  2 | public import CmuxAgentChat
  3 | public import CmuxMobileChanges
[816/859] Compiling CmuxMobileShell MobileShellComposite+TaskComposer.swift
/private/tmp/cmux-verify-20260908170330-19681-7317/source-e8fda62191/Packages/iOS/CmuxMobileShell/Sources/CmuxMobileShell/MobileShellComposite+TaskDirectoryList.swift:1:8: warning: public import of 'CMUXMobileCore' was not used in public declarations or inlinable code
  1 | public import CMUXMobileCore
    |        `- warning: public import of 'CMUXMobileCore' was not used in public declarations or inlinable code
  2 | public import CmuxMobileRPC
  3 | internal import Foundation

/private/tmp/cmux-verify-20260908170330-19681-7317/source-e8fda62191/Packages/iOS/CmuxMobileShell/Sources/CmuxMobileShell/MobileShellComposite+TerminalReplayLifecycle.swift:3:8: warning: public import of 'Foundation' was not used in public declarations or inlinable code
  1 | internal import CmuxMobileDiagnostics
  2 | internal import CmuxMobileRPC
  3 | public import Foundation
    |        `- warning: public import of 'Foundation' was not used in public declarations or inlinable code
  4 | 
  5 | /// Terminal replay barrier and replay-request lifecycle for

/private/tmp/cmux-verify-20260908170330-19681-7317/source-e8fda62191/Packages/iOS/CmuxMobileShell/Sources/CmuxMobileShell/MobileShellComposite+WorkspaceChangesContent.swift:1:8: warning: public import of 'CMUXMobileCore' was not used in public declarations or inlinable code
  1 | public import CMUXMobileCore
    |        `- warning: public import of 'CMUXMobileCore' was not used in public declarations or inlinable code
  2 | public import CmuxAgentChat
  3 | public import CmuxMobileChanges
[817/859] Compiling CmuxMobileShell MobileShellComposite+TaskDirectoryList.swift
/private/tmp/cmux-verify-20260908170330-19681-7317/source-e8fda62191/Packages/iOS/CmuxMobileShell/Sources/CmuxMobileShell/MobileShellComposite+TaskDirectoryList.swift:1:8: warning: public import of 'CMUXMobileCore' was not used in public declarations or inlinable code
  1 | public import CMUXMobileCore
    |        `- warning: public import of 'CMUXMobileCore' was not used in public declarations or inlinable code
  2 | public import CmuxMobileRPC
  3 | internal import Foundation

/private/tmp/cmux-verify-20260908170330-19681-7317/source-e8fda62191/Packages/iOS/CmuxMobileShell/Sources/CmuxMobileShell/MobileShellComposite+TerminalReplayLifecycle.swift:3:8: warning: public import of 'Foundation' was not used in public declarations or inlinable code
  1 | internal import CmuxMobileDiagnostics
  2 | internal import CmuxMobileRPC
  3 | public import Foundation
    |        `- warning: public import of 'Foundation' was not used in public declarations or inlinable code
  4 | 
  5 | /// Terminal replay barrier and replay-request lifecycle for

/private/tmp/cmux-verify-20260908170330-19681-7317/source-e8fda62191/Packages/iOS/CmuxMobileShell/Sources/CmuxMobileShell/MobileShellComposite+WorkspaceChangesContent.swift:1:8: warning: public import of 'CMUXMobileCore' was not used in public declarations or inlinable code
  1 | public import CMUXMobileCore
    |        `- warning: public import of 'CMUXMobileCore' was not used in public declarations or inlinable code
  2 | public import CmuxAgentChat
  3 | public import CmuxMobileChanges
[818/859] Compiling CmuxMobileShell MobileShellComposite+TaskModels.swift
/private/tmp/cmux-verify-20260908170330-19681-7317/source-e8fda62191/Packages/iOS/CmuxMobileShell/Sources/CmuxMobileShell/MobileShellComposite+TaskDirectoryList.swift:1:8: warning: public import of 'CMUXMobileCore' was not used in public declarations or inlinable code
  1 | public import CMUXMobileCore
    |        `- warning: public import of 'CMUXMobileCore' was not used in public declarations or inlinable code
  2 | public import CmuxMobileRPC
  3 | internal import Foundation

/private/tmp/cmux-verify-20260908170330-19681-7317/source-e8fda62191/Packages/iOS/CmuxMobileShell/Sources/CmuxMobileShell/MobileShellComposite+TerminalReplayLifecycle.swift:3:8: warning: public import of 'Foundation' was not used in public declarations or inlinable code
  1 | internal import CmuxMobileDiagnostics
  2 | internal import CmuxMobileRPC
  3 | public import Foundation
    |        `- warning: public import of 'Foundation' was not used in public declarations or inlinable code
  4 | 
  5 | /// Terminal replay barrier and replay-request lifecycle for

/private/tmp/cmux-verify-20260908170330-19681-7317/source-e8fda62191/Packages/iOS/CmuxMobileShell/Sources/CmuxMobileShell/MobileShellComposite+WorkspaceChangesContent.swift:1:8: warning: public import of 'CMUXMobileCore' was not used in public declarations or inlinable code
  1 | public import CMUXMobileCore
    |        `- warning: public import of 'CMUXMobileCore' was not used in public declarations or inlinable code
  2 | public import CmuxAgentChat
  3 | public import CmuxMobileChanges
[819/859] Compiling CmuxMobileShell MobileShellComposite+TerminalLane.swift
/private/tmp/cmux-verify-20260908170330-19681-7317/source-e8fda62191/Packages/iOS/CmuxMobileShell/Sources/CmuxMobileShell/MobileShellComposite+TaskDirectoryList.swift:1:8: warning: public import of 'CMUXMobileCore' was not used in public declarations or inlinable code
  1 | public import CMUXMobileCore
    |        `- warning: public import of 'CMUXMobileCore' was not used in public declarations or inlinable code
  2 | public import CmuxMobileRPC
  3 | internal import Foundation

/private/tmp/cmux-verify-20260908170330-19681-7317/source-e8fda62191/Packages/iOS/CmuxMobileShell/Sources/CmuxMobileShell/MobileShellComposite+TerminalReplayLifecycle.swift:3:8: warning: public import of 'Foundation' was not used in public declarations or inlinable code
  1 | internal import CmuxMobileDiagnostics
  2 | internal import CmuxMobileRPC
  3 | public import Foundation
    |        `- warning: public import of 'Foundation' was not used in public declarations or inlinable code
  4 | 
  5 | /// Terminal replay barrier and replay-request lifecycle for

/private/tmp/cmux-verify-20260908170330-19681-7317/source-e8fda62191/Packages/iOS/CmuxMobileShell/Sources/CmuxMobileShell/MobileShellComposite+WorkspaceChangesContent.swift:1:8: warning: public import of 'CMUXMobileCore' was not used in public declarations or inlinable code
  1 | public import CMUXMobileCore
    |        `- warning: public import of 'CMUXMobileCore' was not used in public declarations or inlinable code
  2 | public import CmuxAgentChat
  3 | public import CmuxMobileChanges
[820/859] Compiling CmuxMobileShell MobileShellComposite+TerminalOutputDelivery.swift
/private/tmp/cmux-verify-20260908170330-19681-7317/source-e8fda62191/Packages/iOS/CmuxMobileShell/Sources/CmuxMobileShell/MobileShellComposite+TaskDirectoryList.swift:1:8: warning: public import of 'CMUXMobileCore' was not used in public declarations or inlinable code
  1 | public import CMUXMobileCore
    |        `- warning: public import of 'CMUXMobileCore' was not used in public declarations or inlinable code
  2 | public import CmuxMobileRPC
  3 | internal import Foundation

/private/tmp/cmux-verify-20260908170330-19681-7317/source-e8fda62191/Packages/iOS/CmuxMobileShell/Sources/CmuxMobileShell/MobileShellComposite+TerminalReplayLifecycle.swift:3:8: warning: public import of 'Foundation' was not used in public declarations or inlinable code
  1 | internal import CmuxMobileDiagnostics
  2 | internal import CmuxMobileRPC
  3 | public import Foundation
    |        `- warning: public import of 'Foundation' was not used in public declarations or inlinable code
  4 | 
  5 | /// Terminal replay barrier and replay-request lifecycle for

/private/tmp/cmux-verify-20260908170330-19681-7317/source-e8fda62191/Packages/iOS/CmuxMobileShell/Sources/CmuxMobileShell/MobileShellComposite+WorkspaceChangesContent.swift:1:8: warning: public import of 'CMUXMobileCore' was not used in public declarations or inlinable code
  1 | public import CMUXMobileCore
    |        `- warning: public import of 'CMUXMobileCore' was not used in public declarations or inlinable code
  2 | public import CmuxAgentChat
  3 | public import CmuxMobileChanges
[821/859] Compiling CmuxMobileShell MobileShellComposite+TerminalReplayLifecycle.swift
/private/tmp/cmux-verify-20260908170330-19681-7317/source-e8fda62191/Packages/iOS/CmuxMobileShell/Sources/CmuxMobileShell/MobileShellComposite+TaskDirectoryList.swift:1:8: warning: public import of 'CMUXMobileCore' was not used in public declarations or inlinable code
  1 | public import CMUXMobileCore
    |        `- warning: public import of 'CMUXMobileCore' was not used in public declarations or inlinable code
  2 | public import CmuxMobileRPC
  3 | internal import Foundation

/private/tmp/cmux-verify-20260908170330-19681-7317/source-e8fda62191/Packages/iOS/CmuxMobileShell/Sources/CmuxMobileShell/MobileShellComposite+TerminalReplayLifecycle.swift:3:8: warning: public import of 'Foundation' was not used in public declarations or inlinable code
  1 | internal import CmuxMobileDiagnostics
  2 | internal import CmuxMobileRPC
  3 | public import Foundation
    |        `- warning: public import of 'Foundation' was not used in public declarations or inlinable code
  4 | 
  5 | /// Terminal replay barrier and replay-request lifecycle for

/private/tmp/cmux-verify-20260908170330-19681-7317/source-e8fda62191/Packages/iOS/CmuxMobileShell/Sources/CmuxMobileShell/MobileShellComposite+WorkspaceChangesContent.swift:1:8: warning: public import of 'CMUXMobileCore' was not used in public declarations or inlinable code
  1 | public import CMUXMobileCore
    |        `- warning: public import of 'CMUXMobileCore' was not used in public declarations or inlinable code
  2 | public import CmuxAgentChat
  3 | public import CmuxMobileChanges
[822/859] Compiling CmuxMobileShell MobileShellComposite+TerminalReplayRetry.swift
/private/tmp/cmux-verify-20260908170330-19681-7317/source-e8fda62191/Packages/iOS/CmuxMobileShell/Sources/CmuxMobileShell/MobileShellComposite+TaskDirectoryList.swift:1:8: warning: public import of 'CMUXMobileCore' was not used in public declarations or inlinable code
  1 | public import CMUXMobileCore
    |        `- warning: public import of 'CMUXMobileCore' was not used in public declarations or inlinable code
  2 | public import CmuxMobileRPC
  3 | internal import Foundation

/private/tmp/cmux-verify-20260908170330-19681-7317/source-e8fda62191/Packages/iOS/CmuxMobileShell/Sources/CmuxMobileShell/MobileShellComposite+TerminalReplayLifecycle.swift:3:8: warning: public import of 'Foundation' was not used in public declarations or inlinable code
  1 | internal import CmuxMobileDiagnostics
  2 | internal import CmuxMobileRPC
  3 | public import Foundation
    |        `- warning: public import of 'Foundation' was not used in public declarations or inlinable code
  4 | 
  5 | /// Terminal replay barrier and replay-request lifecycle for

/private/tmp/cmux-verify-20260908170330-19681-7317/source-e8fda62191/Packages/iOS/CmuxMobileShell/Sources/CmuxMobileShell/MobileShellComposite+WorkspaceChangesContent.swift:1:8: warning: public import of 'CMUXMobileCore' was not used in public declarations or inlinable code
  1 | public import CMUXMobileCore
    |        `- warning: public import of 'CMUXMobileCore' was not used in public declarations or inlinable code
  2 | public import CmuxAgentChat
  3 | public import CmuxMobileChanges
[823/859] Compiling CmuxMobileShell MobileShellComposite+TerminalScrollDelivery.swift
/private/tmp/cmux-verify-20260908170330-19681-7317/source-e8fda62191/Packages/iOS/CmuxMobileShell/Sources/CmuxMobileShell/MobileShellComposite+TaskDirectoryList.swift:1:8: warning: public import of 'CMUXMobileCore' was not used in public declarations or inlinable code
  1 | public import CMUXMobileCore
    |        `- warning: public import of 'CMUXMobileCore' was not used in public declarations or inlinable code
  2 | public import CmuxMobileRPC
  3 | internal import Foundation

/private/tmp/cmux-verify-20260908170330-19681-7317/source-e8fda62191/Packages/iOS/CmuxMobileShell/Sources/CmuxMobileShell/MobileShellComposite+TerminalReplayLifecycle.swift:3:8: warning: public import of 'Foundation' was not used in public declarations or inlinable code
  1 | internal import CmuxMobileDiagnostics
  2 | internal import CmuxMobileRPC
  3 | public import Foundation
    |        `- warning: public import of 'Foundation' was not used in public declarations or inlinable code
  4 | 
  5 | /// Terminal replay barrier and replay-request lifecycle for

/private/tmp/cmux-verify-20260908170330-19681-7317/source-e8fda62191/Packages/iOS/CmuxMobileShell/Sources/CmuxMobileShell/MobileShellComposite+WorkspaceChangesContent.swift:1:8: warning: public import of 'CMUXMobileCore' was not used in public declarations or inlinable code
  1 | public import CMUXMobileCore
    |        `- warning: public import of 'CMUXMobileCore' was not used in public declarations or inlinable code
  2 | public import CmuxAgentChat
  3 | public import CmuxMobileChanges
[824/859] Compiling CmuxMobileShell MobileShellComposite+TerminalTheme.swift
/private/tmp/cmux-verify-20260908170330-19681-7317/source-e8fda62191/Packages/iOS/CmuxMobileShell/Sources/CmuxMobileShell/MobileShellComposite+TaskDirectoryList.swift:1:8: warning: public import of 'CMUXMobileCore' was not used in public declarations or inlinable code
  1 | public import CMUXMobileCore
    |        `- warning: public import of 'CMUXMobileCore' was not used in public declarations or inlinable code
  2 | public import CmuxMobileRPC
  3 | internal import Foundation

/private/tmp/cmux-verify-20260908170330-19681-7317/source-e8fda62191/Packages/iOS/CmuxMobileShell/Sources/CmuxMobileShell/MobileShellComposite+TerminalReplayLifecycle.swift:3:8: warning: public import of 'Foundation' was not used in public declarations or inlinable code
  1 | internal import CmuxMobileDiagnostics
  2 | internal import CmuxMobileRPC
  3 | public import Foundation
    |        `- warning: public import of 'Foundation' was not used in public declarations or inlinable code
  4 | 
  5 | /// Terminal replay barrier and replay-request lifecycle for

/private/tmp/cmux-verify-20260908170330-19681-7317/source-e8fda62191/Packages/iOS/CmuxMobileShell/Sources/CmuxMobileShell/MobileShellComposite+WorkspaceChangesContent.swift:1:8: warning: public import of 'CMUXMobileCore' was not used in public declarations or inlinable code
  1 | public import CMUXMobileCore
    |        `- warning: public import of 'CMUXMobileCore' was not used in public declarations or inlinable code
  2 | public import CmuxAgentChat
  3 | public import CmuxMobileChanges
[825/859] Compiling CmuxMobileShell MobileShellComposite+TerminalViewport.swift
/private/tmp/cmux-verify-20260908170330-19681-7317/source-e8fda62191/Packages/iOS/CmuxMobileShell/Sources/CmuxMobileShell/MobileShellComposite+TaskDirectoryList.swift:1:8: warning: public import of 'CMUXMobileCore' was not used in public declarations or inlinable code
  1 | public import CMUXMobileCore
    |        `- warning: public import of 'CMUXMobileCore' was not used in public declarations or inlinable code
  2 | public import CmuxMobileRPC
  3 | internal import Foundation

/private/tmp/cmux-verify-20260908170330-19681-7317/source-e8fda62191/Packages/iOS/CmuxMobileShell/Sources/CmuxMobileShell/MobileShellComposite+TerminalReplayLifecycle.swift:3:8: warning: public import of 'Foundation' was not used in public declarations or inlinable code
  1 | internal import CmuxMobileDiagnostics
  2 | internal import CmuxMobileRPC
  3 | public import Foundation
    |        `- warning: public import of 'Foundation' was not used in public declarations or inlinable code
  4 | 
  5 | /// Terminal replay barrier and replay-request lifecycle for

/private/tmp/cmux-verify-20260908170330-19681-7317/source-e8fda62191/Packages/iOS/CmuxMobileShell/Sources/CmuxMobileShell/MobileShellComposite+WorkspaceChangesContent.swift:1:8: warning: public import of 'CMUXMobileCore' was not used in public declarations or inlinable code
  1 | public import CMUXMobileCore
    |        `- warning: public import of 'CMUXMobileCore' was not used in public declarations or inlinable code
  2 | public import CmuxAgentChat
  3 | public import CmuxMobileChanges
[826/859] Compiling CmuxMobileShell MobileShellComposite+Todo.swift
/private/tmp/cmux-verify-20260908170330-19681-7317/source-e8fda62191/Packages/iOS/CmuxMobileShell/Sources/CmuxMobileShell/MobileShellComposite+TaskDirectoryList.swift:1:8: warning: public import of 'CMUXMobileCore' was not used in public declarations or inlinable code
  1 | public import CMUXMobileCore
    |        `- warning: public import of 'CMUXMobileCore' was not used in public declarations or inlinable code
  2 | public import CmuxMobileRPC
  3 | internal import Foundation

/private/tmp/cmux-verify-20260908170330-19681-7317/source-e8fda62191/Packages/iOS/CmuxMobileShell/Sources/CmuxMobileShell/MobileShellComposite+TerminalReplayLifecycle.swift:3:8: warning: public import of 'Foundation' was not used in public declarations or inlinable code
  1 | internal import CmuxMobileDiagnostics
  2 | internal import CmuxMobileRPC
  3 | public import Foundation
    |        `- warning: public import of 'Foundation' was not used in public declarations or inlinable code
  4 | 
  5 | /// Terminal replay barrier and replay-request lifecycle for

/private/tmp/cmux-verify-20260908170330-19681-7317/source-e8fda62191/Packages/iOS/CmuxMobileShell/Sources/CmuxMobileShell/MobileShellComposite+WorkspaceChangesContent.swift:1:8: warning: public import of 'CMUXMobileCore' was not used in public declarations or inlinable code
  1 | public import CMUXMobileCore
    |        `- warning: public import of 'CMUXMobileCore' was not used in public declarations or inlinable code
  2 | public import CmuxAgentChat
  3 | public import CmuxMobileChanges
[827/859] Compiling CmuxMobileShell MobileShellComposite+UITestWorkspaceCreation.swift
/private/tmp/cmux-verify-20260908170330-19681-7317/source-e8fda62191/Packages/iOS/CmuxMobileShell/Sources/CmuxMobileShell/MobileShellComposite+TaskDirectoryList.swift:1:8: warning: public import of 'CMUXMobileCore' was not used in public declarations or inlinable code
  1 | public import CMUXMobileCore
    |        `- warning: public import of 'CMUXMobileCore' was not used in public declarations or inlinable code
  2 | public import CmuxMobileRPC
  3 | internal import Foundation

/private/tmp/cmux-verify-20260908170330-19681-7317/source-e8fda62191/Packages/iOS/CmuxMobileShell/Sources/CmuxMobileShell/MobileShellComposite+TerminalReplayLifecycle.swift:3:8: warning: public import of 'Foundation' was not used in public declarations or inlinable code
  1 | internal import CmuxMobileDiagnostics
  2 | internal import CmuxMobileRPC
  3 | public import Foundation
    |        `- warning: public import of 'Foundation' was not used in public declarations or inlinable code
  4 | 
  5 | /// Terminal replay barrier and replay-request lifecycle for

/private/tmp/cmux-verify-20260908170330-19681-7317/source-e8fda62191/Packages/iOS/CmuxMobileShell/Sources/CmuxMobileShell/MobileShellComposite+WorkspaceChangesContent.swift:1:8: warning: public import of 'CMUXMobileCore' was not used in public declarations or inlinable code
  1 | public import CMUXMobileCore
    |        `- warning: public import of 'CMUXMobileCore' was not used in public declarations or inlinable code
  2 | public import CmuxAgentChat
  3 | public import CmuxMobileChanges
[828/859] Compiling CmuxMobileShell MobileShellComposite+WorkspaceActions.swift
/private/tmp/cmux-verify-20260908170330-19681-7317/source-e8fda62191/Packages/iOS/CmuxMobileShell/Sources/CmuxMobileShell/MobileShellComposite+TaskDirectoryList.swift:1:8: warning: public import of 'CMUXMobileCore' was not used in public declarations or inlinable code
  1 | public import CMUXMobileCore
    |        `- warning: public import of 'CMUXMobileCore' was not used in public declarations or inlinable code
  2 | public import CmuxMobileRPC
  3 | internal import Foundation

/private/tmp/cmux-verify-20260908170330-19681-7317/source-e8fda62191/Packages/iOS/CmuxMobileShell/Sources/CmuxMobileShell/MobileShellComposite+TerminalReplayLifecycle.swift:3:8: warning: public import of 'Foundation' was not used in public declarations or inlinable code
  1 | internal import CmuxMobileDiagnostics
  2 | internal import CmuxMobileRPC
  3 | public import Foundation
    |        `- warning: public import of 'Foundation' was not used in public declarations or inlinable code
  4 | 
  5 | /// Terminal replay barrier and replay-request lifecycle for

/private/tmp/cmux-verify-20260908170330-19681-7317/source-e8fda62191/Packages/iOS/CmuxMobileShell/Sources/CmuxMobileShell/MobileShellComposite+WorkspaceChangesContent.swift:1:8: warning: public import of 'CMUXMobileCore' was not used in public declarations or inlinable code
  1 | public import CMUXMobileCore
    |        `- warning: public import of 'CMUXMobileCore' was not used in public declarations or inlinable code
  2 | public import CmuxAgentChat
  3 | public import CmuxMobileChanges
[829/859] Compiling CmuxMobileShell MobileShellComposite+WorkspaceChanges.swift
/private/tmp/cmux-verify-20260908170330-19681-7317/source-e8fda62191/Packages/iOS/CmuxMobileShell/Sources/CmuxMobileShell/MobileShellComposite+TaskDirectoryList.swift:1:8: warning: public import of 'CMUXMobileCore' was not used in public declarations or inlinable code
  1 | public import CMUXMobileCore
    |        `- warning: public import of 'CMUXMobileCore' was not used in public declarations or inlinable code
  2 | public import CmuxMobileRPC
  3 | internal import Foundation

/private/tmp/cmux-verify-20260908170330-19681-7317/source-e8fda62191/Packages/iOS/CmuxMobileShell/Sources/CmuxMobileShell/MobileShellComposite+TerminalReplayLifecycle.swift:3:8: warning: public import of 'Foundation' was not used in public declarations or inlinable code
  1 | internal import CmuxMobileDiagnostics
  2 | internal import CmuxMobileRPC
  3 | public import Foundation
    |        `- warning: public import of 'Foundation' was not used in public declarations or inlinable code
  4 | 
  5 | /// Terminal replay barrier and replay-request lifecycle for

/private/tmp/cmux-verify-20260908170330-19681-7317/source-e8fda62191/Packages/iOS/CmuxMobileShell/Sources/CmuxMobileShell/MobileShellComposite+WorkspaceChangesContent.swift:1:8: warning: public import of 'CMUXMobileCore' was not used in public declarations or inlinable code
  1 | public import CMUXMobileCore
    |        `- warning: public import of 'CMUXMobileCore' was not used in public declarations or inlinable code
  2 | public import CmuxAgentChat
  3 | public import CmuxMobileChanges
[830/859] Compiling CmuxMobileShell MobileShellComposite+WorkspaceChangesContent.swift
/private/tmp/cmux-verify-20260908170330-19681-7317/source-e8fda62191/Packages/iOS/CmuxMobileShell/Sources/CmuxMobileShell/MobileShellComposite+TaskDirectoryList.swift:1:8: warning: public import of 'CMUXMobileCore' was not used in public declarations or inlinable code
  1 | public import CMUXMobileCore
    |        `- warning: public import of 'CMUXMobileCore' was not used in public declarations or inlinable code
  2 | public import CmuxMobileRPC
  3 | internal import Foundation

/private/tmp/cmux-verify-20260908170330-19681-7317/source-e8fda62191/Packages/iOS/CmuxMobileShell/Sources/CmuxMobileShell/MobileShellComposite+TerminalReplayLifecycle.swift:3:8: warning: public import of 'Foundation' was not used in public declarations or inlinable code
  1 | internal import CmuxMobileDiagnostics
  2 | internal import CmuxMobileRPC
  3 | public import Foundation
    |        `- warning: public import of 'Foundation' was not used in public declarations or inlinable code
  4 | 
  5 | /// Terminal replay barrier and replay-request lifecycle for

/private/tmp/cmux-verify-20260908170330-19681-7317/source-e8fda62191/Packages/iOS/CmuxMobileShell/Sources/CmuxMobileShell/MobileShellComposite+WorkspaceChangesContent.swift:1:8: warning: public import of 'CMUXMobileCore' was not used in public declarations or inlinable code
  1 | public import CMUXMobileCore
    |        `- warning: public import of 'CMUXMobileCore' was not used in public declarations or inlinable code
  2 | public import CmuxAgentChat
  3 | public import CmuxMobileChanges
[831/859] Compiling CmuxMobileShell MobileShellComposite+WorkspaceChangesPruning.swift
/private/tmp/cmux-verify-20260908170330-19681-7317/source-e8fda62191/Packages/iOS/CmuxMobileShell/Sources/CmuxMobileShell/MobileShellComposite+TaskDirectoryList.swift:1:8: warning: public import of 'CMUXMobileCore' was not used in public declarations or inlinable code
  1 | public import CMUXMobileCore
    |        `- warning: public import of 'CMUXMobileCore' was not used in public declarations or inlinable code
  2 | public import CmuxMobileRPC
  3 | internal import Foundation

/private/tmp/cmux-verify-20260908170330-19681-7317/source-e8fda62191/Packages/iOS/CmuxMobileShell/Sources/CmuxMobileShell/MobileShellComposite+TerminalReplayLifecycle.swift:3:8: warning: public import of 'Foundation' was not used in public declarations or inlinable code
  1 | internal import CmuxMobileDiagnostics
  2 | internal import CmuxMobileRPC
  3 | public import Foundation
    |        `- warning: public import of 'Foundation' was not used in public declarations or inlinable code
  4 | 
  5 | /// Terminal replay barrier and replay-request lifecycle for

/private/tmp/cmux-verify-20260908170330-19681-7317/source-e8fda62191/Packages/iOS/CmuxMobileShell/Sources/CmuxMobileShell/MobileShellComposite+WorkspaceChangesContent.swift:1:8: warning: public import of 'CMUXMobileCore' was not used in public declarations or inlinable code
  1 | public import CMUXMobileCore
    |        `- warning: public import of 'CMUXMobileCore' was not used in public declarations or inlinable code
  2 | public import CmuxAgentChat
  3 | public import CmuxMobileChanges
[832/859] Compiling CmuxMobileShell MobileShellComposite+WorkspaceCreateRequest.swift
/private/tmp/cmux-verify-20260908170330-19681-7317/source-e8fda62191/Packages/iOS/CmuxMobileShell/Sources/CmuxMobileShell/MobileShellComposite+TaskDirectoryList.swift:1:8: warning: public import of 'CMUXMobileCore' was not used in public declarations or inlinable code
  1 | public import CMUXMobileCore
    |        `- warning: public import of 'CMUXMobileCore' was not used in public declarations or inlinable code
  2 | public import CmuxMobileRPC
  3 | internal import Foundation

/private/tmp/cmux-verify-20260908170330-19681-7317/source-e8fda62191/Packages/iOS/CmuxMobileShell/Sources/CmuxMobileShell/MobileShellComposite+TerminalReplayLifecycle.swift:3:8: warning: public import of 'Foundation' was not used in public declarations or inlinable code
  1 | internal import CmuxMobileDiagnostics
  2 | internal import CmuxMobileRPC
  3 | public import Foundation
    |        `- warning: public import of 'Foundation' was not used in public declarations or inlinable code
  4 | 
  5 | /// Terminal replay barrier and replay-request lifecycle for

/private/tmp/cmux-verify-20260908170330-19681-7317/source-e8fda62191/Packages/iOS/CmuxMobileShell/Sources/CmuxMobileShell/MobileShellComposite+WorkspaceChangesContent.swift:1:8: warning: public import of 'CMUXMobileCore' was not used in public declarations or inlinable code
  1 | public import CMUXMobileCore
    |        `- warning: public import of 'CMUXMobileCore' was not used in public declarations or inlinable code
  2 | public import CmuxAgentChat
  3 | public import CmuxMobileChanges
[833/859] Compiling CmuxMobileShell MobileShellComposite+WorkspaceListRecovery.swift
/private/tmp/cmux-verify-20260908170330-19681-7317/source-e8fda62191/Packages/iOS/CmuxMobileShell/Sources/CmuxMobileShell/MobileShellComposite+TaskDirectoryList.swift:1:8: warning: public import of 'CMUXMobileCore' was not used in public declarations or inlinable code
  1 | public import CMUXMobileCore
    |        `- warning: public import of 'CMUXMobileCore' was not used in public declarations or inlinable code
  2 | public import CmuxMobileRPC
  3 | internal import Foundation

/private/tmp/cmux-verify-20260908170330-19681-7317/source-e8fda62191/Packages/iOS/CmuxMobileShell/Sources/CmuxMobileShell/MobileShellComposite+TerminalReplayLifecycle.swift:3:8: warning: public import of 'Foundation' was not used in public declarations or inlinable code
  1 | internal import CmuxMobileDiagnostics
  2 | internal import CmuxMobileRPC
  3 | public import Foundation
    |        `- warning: public import of 'Foundation' was not used in public declarations or inlinable code
  4 | 
  5 | /// Terminal replay barrier and replay-request lifecycle for

/private/tmp/cmux-verify-20260908170330-19681-7317/source-e8fda62191/Packages/iOS/CmuxMobileShell/Sources/CmuxMobileShell/MobileShellComposite+WorkspaceChangesContent.swift:1:8: warning: public import of 'CMUXMobileCore' was not used in public declarations or inlinable code
  1 | public import CMUXMobileCore
    |        `- warning: public import of 'CMUXMobileCore' was not used in public declarations or inlinable code
  2 | public import CmuxAgentChat
  3 | public import CmuxMobileChanges
[834/859] Compiling CmuxMobileShell MobileShellComposite+WorkspaceMutationCapabilities.swift
/private/tmp/cmux-verify-20260908170330-19681-7317/source-e8fda62191/Packages/iOS/CmuxMobileShell/Sources/CmuxMobileShell/MobileShellComposite.swift:2:8: warning: public import of 'CmuxAgentChat' was not used in public declarations or inlinable code
    1 | public import CMUXMobileCore
    2 | public import CmuxAgentChat
      |        `- warning: public import of 'CmuxAgentChat' was not used in public declarations or inlinable code
    3 | internal import CmuxMobileDiagnostics
    4 | public import CmuxMobileBrowserStream
[835/859] Compiling CmuxMobileShell MobileShellComposite+ZeroTouchIroh.swift
/private/tmp/cmux-verify-20260908170330-19681-7317/source-e8fda62191/Packages/iOS/CmuxMobileShell/Sources/CmuxMobileShell/MobileShellComposite.swift:2:8: warning: public import of 'CmuxAgentChat' was not used in public declarations or inlinable code
    1 | public import CMUXMobileCore
    2 | public import CmuxAgentChat
      |        `- warning: public import of 'CmuxAgentChat' was not used in public declarations or inlinable code
    3 | internal import CmuxMobileDiagnostics
    4 | public import CmuxMobileBrowserStream
[836/859] Compiling CmuxMobileShell MobileShellComposite.swift
/private/tmp/cmux-verify-20260908170330-19681-7317/source-e8fda62191/Packages/iOS/CmuxMobileShell/Sources/CmuxMobileShell/MobileShellComposite.swift:2:8: warning: public import of 'CmuxAgentChat' was not used in public declarations or inlinable code
    1 | public import CMUXMobileCore
    2 | public import CmuxAgentChat
      |        `- warning: public import of 'CmuxAgentChat' was not used in public declarations or inlinable code
    3 | internal import CmuxMobileDiagnostics
    4 | public import CmuxMobileBrowserStream
[837/859] Compiling CmuxMobileShell MobileShellMacAvailabilityFailureClassifier.swift
/private/tmp/cmux-verify-20260908170330-19681-7317/source-e8fda62191/Packages/iOS/CmuxMobileShell/Sources/CmuxMobileShell/MobileShellComposite.swift:2:8: warning: public import of 'CmuxAgentChat' was not used in public declarations or inlinable code
    1 | public import CMUXMobileCore
    2 | public import CmuxAgentChat
      |        `- warning: public import of 'CmuxAgentChat' was not used in public declarations or inlinable code
    3 | internal import CmuxMobileDiagnostics
    4 | public import CmuxMobileBrowserStream
[838/859] Compiling CmuxMobileShell MobileShellScopeSnapshot.swift
/private/tmp/cmux-verify-20260908170330-19681-7317/source-e8fda62191/Packages/iOS/CmuxMobileShell/Sources/CmuxMobileShell/MobileShellComposite.swift:2:8: warning: public import of 'CmuxAgentChat' was not used in public declarations or inlinable code
    1 | public import CMUXMobileCore
    2 | public import CmuxAgentChat
      |        `- warning: public import of 'CmuxAgentChat' was not used in public declarations or inlinable code
    3 | internal import CmuxMobileDiagnostics
    4 | public import CmuxMobileBrowserStream
[839/859] Compiling CmuxMobileShell MobileShellTerminalReplayOffMainDecoding.swift
/private/tmp/cmux-verify-20260908170330-19681-7317/source-e8fda62191/Packages/iOS/CmuxMobileShell/Sources/CmuxMobileShell/MobileShellComposite.swift:2:8: warning: public import of 'CmuxAgentChat' was not used in public declarations or inlinable code
    1 | public import CMUXMobileCore
    2 | public import CmuxAgentChat
      |        `- warning: public import of 'CmuxAgentChat' was not used in public declarations or inlinable code
    3 | internal import CmuxMobileDiagnostics
    4 | public import CmuxMobileBrowserStream
[840/859] Compiling CmuxMobileShell MobileShellWorkspaceMutationTicketPolicy.swift
/private/tmp/cmux-verify-20260908170330-19681-7317/source-e8fda62191/Packages/iOS/CmuxMobileShell/Sources/CmuxMobileShell/MobileShellComposite.swift:2:8: warning: public import of 'CmuxAgentChat' was not used in public declarations or inlinable code
    1 | public import CMUXMobileCore
    2 | public import CmuxAgentChat
      |        `- warning: public import of 'CmuxAgentChat' was not used in public declarations or inlinable code
    3 | internal import CmuxMobileDiagnostics
    4 | public import CmuxMobileBrowserStream
[841/859] Compiling CmuxMobileShell MobileSimulatorStreamStalenessMonitor.swift
/private/tmp/cmux-verify-20260908170330-19681-7317/source-e8fda62191/Packages/iOS/CmuxMobileShell/Sources/CmuxMobileShell/MobileShellComposite.swift:2:8: warning: public import of 'CmuxAgentChat' was not used in public declarations or inlinable code
    1 | public import CMUXMobileCore
    2 | public import CmuxAgentChat
      |        `- warning: public import of 'CmuxAgentChat' was not used in public declarations or inlinable code
    3 | internal import CmuxMobileDiagnostics
    4 | public import CmuxMobileBrowserStream
[842/859] Compiling CmuxMobileShell MobileSimulatorStreamStore.swift
/private/tmp/cmux-verify-20260908170330-19681-7317/source-e8fda62191/Packages/iOS/CmuxMobileShell/Sources/CmuxMobileShell/MobileShellComposite.swift:2:8: warning: public import of 'CmuxAgentChat' was not used in public declarations or inlinable code
    1 | public import CMUXMobileCore
    2 | public import CmuxAgentChat
      |        `- warning: public import of 'CmuxAgentChat' was not used in public declarations or inlinable code
    3 | internal import CmuxMobileDiagnostics
    4 | public import CmuxMobileBrowserStream
[843/859] Compiling CmuxMobileShell MobileTaskDirectoryListFailure.swift
/private/tmp/cmux-verify-20260908170330-19681-7317/source-e8fda62191/Packages/iOS/CmuxMobileShell/Sources/CmuxMobileShell/MobileShellComposite.swift:2:8: warning: public import of 'CmuxAgentChat' was not used in public declarations or inlinable code
    1 | public import CMUXMobileCore
    2 | public import CmuxAgentChat
      |        `- warning: public import of 'CmuxAgentChat' was not used in public declarations or inlinable code
    3 | internal import CmuxMobileDiagnostics
    4 | public import CmuxMobileBrowserStream
[844/859] Compiling CmuxMobileShell MobileTaskModelCacheEntry.swift
/private/tmp/cmux-verify-20260908170330-19681-7317/source-e8fda62191/Packages/iOS/CmuxMobileShell/Sources/CmuxMobileShell/MobileShellComposite.swift:2:8: warning: public import of 'CmuxAgentChat' was not used in public declarations or inlinable code
    1 | public import CMUXMobileCore
    2 | public import CmuxAgentChat
      |        `- warning: public import of 'CmuxAgentChat' was not used in public declarations or inlinable code
    3 | internal import CmuxMobileDiagnostics
    4 | public import CmuxMobileBrowserStream
[845/859] Compiling CmuxMobileShell MobileTaskModelCacheKey.swift
/private/tmp/cmux-verify-20260908170330-19681-7317/source-e8fda62191/Packages/iOS/CmuxMobileShell/Sources/CmuxMobileShell/MobileShellComposite.swift:2:8: warning: public import of 'CmuxAgentChat' was not used in public declarations or inlinable code
    1 | public import CMUXMobileCore
    2 | public import CmuxAgentChat
      |        `- warning: public import of 'CmuxAgentChat' was not used in public declarations or inlinable code
    3 | internal import CmuxMobileDiagnostics
    4 | public import CmuxMobileBrowserStream
[846/859] Compiling CmuxMobileShell MobileTaskModelCatalogClient.swift
/private/tmp/cmux-verify-20260908170330-19681-7317/source-e8fda62191/Packages/iOS/CmuxMobileShell/Sources/CmuxMobileShell/MobileShellComposite.swift:2:8: warning: public import of 'CmuxAgentChat' was not used in public declarations or inlinable code
    1 | public import CMUXMobileCore
    2 | public import CmuxAgentChat
      |        `- warning: public import of 'CmuxAgentChat' was not used in public declarations or inlinable code
    3 | internal import CmuxMobileDiagnostics
    4 | public import CmuxMobileBrowserStream
[847/859] Compiling CmuxMobileShell MobileTaskTemplateStore.swift
/private/tmp/cmux-verify-20260908170330-19681-7317/source-e8fda62191/Packages/iOS/CmuxMobileShell/Sources/CmuxMobileShell/MobileShellComposite.swift:2:8: warning: public import of 'CmuxAgentChat' was not used in public declarations or inlinable code
    1 | public import CMUXMobileCore
    2 | public import CmuxAgentChat
      |        `- warning: public import of 'CmuxAgentChat' was not used in public declarations or inlinable code
    3 | internal import CmuxMobileDiagnostics
    4 | public import CmuxMobileBrowserStream
[848/859] Compiling CmuxMobileShell MobileTaskTemplateStoring.swift
/private/tmp/cmux-verify-20260908170330-19681-7317/source-e8fda62191/Packages/iOS/CmuxMobileShell/Sources/CmuxMobileShell/MobileShellComposite.swift:2:8: warning: public import of 'CmuxAgentChat' was not used in public declarations or inlinable code
    1 | public import CMUXMobileCore
    2 | public import CmuxAgentChat
      |        `- warning: public import of 'CmuxAgentChat' was not used in public declarations or inlinable code
    3 | internal import CmuxMobileDiagnostics
    4 | public import CmuxMobileBrowserStream
[849/859] Compiling CmuxMobileShell MobileTerminalEventSubscriptionReadiness.swift
/private/tmp/cmux-verify-20260908170330-19681-7317/source-e8fda62191/Packages/iOS/CmuxMobileShell/Sources/CmuxMobileShell/MobileShellComposite.swift:2:8: warning: public import of 'CmuxAgentChat' was not used in public declarations or inlinable code
    1 | public import CMUXMobileCore
    2 | public import CmuxAgentChat
      |        `- warning: public import of 'CmuxAgentChat' was not used in public declarations or inlinable code
    3 | internal import CmuxMobileDiagnostics
    4 | public import CmuxMobileBrowserStream
[850/859] Compiling CmuxMobileShell MobileTerminalInputRPCPipeline.swift
/private/tmp/cmux-verify-20260908170330-19681-7317/source-e8fda62191/Packages/iOS/CmuxMobileShell/Sources/CmuxMobileShell/MobileShellComposite.swift:2:8: warning: public import of 'CmuxAgentChat' was not used in public declarations or inlinable code
    1 | public import CMUXMobileCore
    2 | public import CmuxAgentChat
      |        `- warning: public import of 'CmuxAgentChat' was not used in public declarations or inlinable code
    3 | internal import CmuxMobileDiagnostics
    4 | public import CmuxMobileBrowserStream
[851/859] Compiling CmuxMobileShell MobileTerminalLaneCoordinator.swift
/private/tmp/cmux-verify-20260908170330-19681-7317/source-e8fda62191/Packages/iOS/CmuxMobileShell/Sources/CmuxMobileShell/MobileShellComposite.swift:2:8: warning: public import of 'CmuxAgentChat' was not used in public declarations or inlinable code
    1 | public import CMUXMobileCore
    2 | public import CmuxAgentChat
      |        `- warning: public import of 'CmuxAgentChat' was not used in public declarations or inlinable code
    3 | internal import CmuxMobileDiagnostics
    4 | public import CmuxMobileBrowserStream
[852/859] Compiling CmuxMobileShell MobileTerminalRenderGridFrame+TerminalOutputDelivery.swift
/private/tmp/cmux-verify-20260908170330-19681-7317/source-e8fda62191/Packages/iOS/CmuxMobileShell/Sources/CmuxMobileShell/MobileShellComposite.swift:2:8: warning: public import of 'CmuxAgentChat' was not used in public declarations or inlinable code
    1 | public import CMUXMobileCore
    2 | public import CmuxAgentChat
      |        `- warning: public import of 'CmuxAgentChat' was not used in public declarations or inlinable code
    3 | internal import CmuxMobileDiagnostics
    4 | public import CmuxMobileBrowserStream
[853/859] Compiling CmuxMobileShell MobileTerminalSubscriptionValidation.swift
/private/tmp/cmux-verify-20260908170330-19681-7317/source-e8fda62191/Packages/iOS/CmuxMobileShell/Sources/CmuxMobileShell/MobileShellComposite.swift:2:8: warning: public import of 'CmuxAgentChat' was not used in public declarations or inlinable code
    1 | public import CMUXMobileCore
    2 | public import CmuxAgentChat
      |        `- warning: public import of 'CmuxAgentChat' was not used in public declarations or inlinable code
    3 | internal import CmuxMobileDiagnostics
    4 | public import CmuxMobileBrowserStream
[854/859] Compiling CmuxMobileShell MobileTerminalThemeState.swift
/private/tmp/cmux-verify-20260908170330-19681-7317/source-e8fda62191/Packages/iOS/CmuxMobileShell/Sources/CmuxMobileShell/MobileShellComposite.swift:2:8: warning: public import of 'CmuxAgentChat' was not used in public declarations or inlinable code
    1 | public import CMUXMobileCore
    2 | public import CmuxAgentChat
      |        `- warning: public import of 'CmuxAgentChat' was not used in public declarations or inlinable code
    3 | internal import CmuxMobileDiagnostics
    4 | public import CmuxMobileBrowserStream
[855/859] Compiling CmuxMobileShell MobileTerminalViewportKey.swift
/private/tmp/cmux-verify-20260908170330-19681-7317/source-e8fda62191/Packages/iOS/CmuxMobileShell/Sources/CmuxMobileShell/MobileShellComposite.swift:2:8: warning: public import of 'CmuxAgentChat' was not used in public declarations or inlinable code
    1 | public import CMUXMobileCore
    2 | public import CmuxAgentChat
      |        `- warning: public import of 'CmuxAgentChat' was not used in public declarations or inlinable code
    3 | internal import CmuxMobileDiagnostics
    4 | public import CmuxMobileBrowserStream
[856/859] Compiling CmuxMobileShell MobileTerminalViewportSequenceKey.swift
/private/tmp/cmux-verify-20260908170330-19681-7317/source-e8fda62191/Packages/iOS/CmuxMobileShell/Sources/CmuxMobileShell/MobileShellComposite.swift:2:8: warning: public import of 'CmuxAgentChat' was not used in public declarations or inlinable code
    1 | public import CMUXMobileCore
    2 | public import CmuxAgentChat
      |        `- warning: public import of 'CmuxAgentChat' was not used in public declarations or inlinable code
    3 | internal import CmuxMobileDiagnostics
    4 | public import CmuxMobileBrowserStream
[857/859] Compiling CmuxMobileShell MobileWorkspaceChangeStatus+FileChangeKind.swift
/private/tmp/cmux-verify-20260908170330-19681-7317/source-e8fda62191/Packages/iOS/CmuxMobileShell/Sources/CmuxMobileShell/MobileShellComposite.swift:2:8: warning: public import of 'CmuxAgentChat' was not used in public declarations or inlinable code
    1 | public import CMUXMobileCore
    2 | public import CmuxAgentChat
      |        `- warning: public import of 'CmuxAgentChat' was not used in public declarations or inlinable code
    3 | internal import CmuxMobileDiagnostics
    4 | public import CmuxMobileBrowserStream
[858/869] Compiling CmuxMobileShellReleaseGateSupport MobileIrohReleaseGateProbeFailure.swift
[859/869] Compiling CmuxMobileShellReleaseGateSupport MobileIrohReleaseGateTerminalProbe.swift
[860/869] Compiling CmuxMobileShellReleaseGateSupport MobileIrohReleaseGateRenderGridProbe.swift
[861/869] Compiling CmuxMobileShellReleaseGateSupport MobileIrohReleaseGateScenario.swift
[862/869] Compiling CmuxMobileShellReleaseGateSupport MobileIrohReleaseGateProbeResult.swift
[863/869] Compiling CmuxMobileShellReleaseGateSupport MobileIrohReleaseGateArtifactPreparation.swift
[864/869] Compiling CmuxMobileShellReleaseGateSupport MobileIrohReleaseGateRPCMethodInventory.swift
[865/869] Compiling CmuxMobileShellReleaseGateSupport MobileShellComposite+IrohReleaseGate.swift
[866/869] Emitting module CmuxMobileShellReleaseGateSupport
[867/869] Compiling CmuxMobileShellReleaseGateSupport MobileIrohReleaseGateResponseValidator.swift
[868/1041] Compiling CmuxMobileShellTests IrohReconnectRouteSelectionTests.swift
[869/1041] Compiling CmuxMobileShellTests IrohZeroTouchDiscoveryTests.swift
[870/1041] Compiling CmuxMobileShellTests LivenessHostRouterAttachTicketResponse.swift
[871/1041] Compiling CmuxMobileShellTests LivenessTransportCloseGate.swift
[872/1041] Compiling CmuxMobileShellTests LivenessViewportReport.swift
[873/1041] Compiling CmuxMobileShellTests MacBuildChannelTests.swift
[874/1041] Compiling CmuxMobileShellTests MacPairingKeyTestShorthand.swift
[875/1041] Compiling CmuxMobileShellTests MigrationUserProbe.swift
[876/1041] Compiling CmuxMobileShellTests MobileArtifactChunkFetchLoopTests.swift
[877/1041] Compiling CmuxMobileShellTests MobileArtifactChunkScript.swift
[878/1041] Compiling CmuxMobileShellTests MobileArtifactLaneFetchLoopTests.swift
[879/1041] Compiling CmuxMobileShellTests MobileAutomaticReconnectBackoffOwnerTests.swift
[880/1041] Compiling CmuxMobileShellTests MobileChatArtifactFailureClassifierTests.swift
[881/1041] Compiling CmuxMobileShellTests MobileFeedbackEmailClientTests.swift
[882/1041] Compiling CmuxMobileShellTests MobileForegroundTransportDiagnosticsTests.swift
[883/1041] Compiling CmuxMobileShellTests MobileIrohReleaseGateArtifactPreparationTests.swift
[884/1041] Compiling CmuxMobileShellTests MobileIrohReleaseGateResponseValidatorTests.swift
[885/1041] Compiling CmuxMobileShellTests MobileIrohReleaseGateTargetTests.swift
[886/1041] Compiling CmuxMobileShellTests MobileIrohReleaseGateTerminalProbeTests.swift
[887/1041] Emitting module CmuxMobileShellTests
/private/tmp/cmux-verify-20260908170330-19681-7317/source-e8fda62191/Packages/iOS/CmuxMobileShell/Tests/CmuxMobileShellTests/DeviceRegistryRequestDedupTests.swift:95:13: warning: 'nonisolated(unsafe)' is unnecessary for a constant with 'Sendable' type 'DispatchSemaphore', consider removing it
 93 |     private nonisolated(unsafe) static var teams: [String?] = []
 94 |     private nonisolated(unsafe) static var blocksFirstRequest = true
 95 |     private nonisolated(unsafe) static let firstRequestRelease = DispatchSemaphore(value: 0)
    |             `- warning: 'nonisolated(unsafe)' is unnecessary for a constant with 'Sendable' type 'DispatchSemaphore', consider removing it
 96 | 
 97 |     static var requestCount: Int {
[888/1059] Compiling CmuxMobileShellTests DelayedTeamPairedMacStore.swift
/private/tmp/cmux-verify-20260908170330-19681-7317/source-e8fda62191/Packages/iOS/CmuxMobileShell/Tests/CmuxMobileShellTests/DeviceRegistryRequestDedupTests.swift:95:13: warning: 'nonisolated(unsafe)' is unnecessary for a constant with 'Sendable' type 'DispatchSemaphore', consider removing it
 93 |     private nonisolated(unsafe) static var teams: [String?] = []
 94 |     private nonisolated(unsafe) static var blocksFirstRequest = true
 95 |     private nonisolated(unsafe) static let firstRequestRelease = DispatchSemaphore(value: 0)
    |             `- warning: 'nonisolated(unsafe)' is unnecessary for a constant with 'Sendable' type 'DispatchSemaphore', consider removing it
 96 | 
 97 |     static var requestCount: Int {
[889/1059] Compiling CmuxMobileShellTests DelayingDraftStore.swift
/private/tmp/cmux-verify-20260908170330-19681-7317/source-e8fda62191/Packages/iOS/CmuxMobileShell/Tests/CmuxMobileShellTests/DeviceRegistryRequestDedupTests.swift:95:13: warning: 'nonisolated(unsafe)' is unnecessary for a constant with 'Sendable' type 'DispatchSemaphore', consider removing it
 93 |     private nonisolated(unsafe) static var teams: [String?] = []
 94 |     private nonisolated(unsafe) static var blocksFirstRequest = true
 95 |     private nonisolated(unsafe) static let firstRequestRelease = DispatchSemaphore(value: 0)
    |             `- warning: 'nonisolated(unsafe)' is unnecessary for a constant with 'Sendable' type 'DispatchSemaphore', consider removing it
 96 | 
 97 |     static var requestCount: Int {
[890/1059] Compiling CmuxMobileShellTests DeviceOnlyMacSwitchTests.swift
/private/tmp/cmux-verify-20260908170330-19681-7317/source-e8fda62191/Packages/iOS/CmuxMobileShell/Tests/CmuxMobileShellTests/DeviceRegistryRequestDedupTests.swift:95:13: warning: 'nonisolated(unsafe)' is unnecessary for a constant with 'Sendable' type 'DispatchSemaphore', consider removing it
 93 |     private nonisolated(unsafe) static var teams: [String?] = []
 94 |     private nonisolated(unsafe) static var blocksFirstRequest = true
 95 |     private nonisolated(unsafe) static let firstRequestRelease = DispatchSemaphore(value: 0)
    |             `- warning: 'nonisolated(unsafe)' is unnecessary for a constant with 'Sendable' type 'DispatchSemaphore', consider removing it
 96 | 
 97 |     static var requestCount: Int {
[891/1059] Compiling CmuxMobileShellTests DeviceRegistryListParsingTests.swift
/private/tmp/cmux-verify-20260908170330-19681-7317/source-e8fda62191/Packages/iOS/CmuxMobileShell/Tests/CmuxMobileShellTests/DeviceRegistryRequestDedupTests.swift:95:13: warning: 'nonisolated(unsafe)' is unnecessary for a constant with 'Sendable' type 'DispatchSemaphore', consider removing it
 93 |     private nonisolated(unsafe) static var teams: [String?] = []
 94 |     private nonisolated(unsafe) static var blocksFirstRequest = true
 95 |     private nonisolated(unsafe) static let firstRequestRelease = DispatchSemaphore(value: 0)
    |             `- warning: 'nonisolated(unsafe)' is unnecessary for a constant with 'Sendable' type 'DispatchSemaphore', consider removing it
 96 | 
 97 |     static var requestCount: Int {
[892/1059] Compiling CmuxMobileShellTests DeviceRegistryRedirectTests.swift
/private/tmp/cmux-verify-20260908170330-19681-7317/source-e8fda62191/Packages/iOS/CmuxMobileShell/Tests/CmuxMobileShellTests/DeviceRegistryRequestDedupTests.swift:95:13: warning: 'nonisolated(unsafe)' is unnecessary for a constant with 'Sendable' type 'DispatchSemaphore', consider removing it
 93 |     private nonisolated(unsafe) static var teams: [String?] = []
 94 |     private nonisolated(unsafe) static var blocksFirstRequest = true
 95 |     private nonisolated(unsafe) static let firstRequestRelease = DispatchSemaphore(value: 0)
    |             `- warning: 'nonisolated(unsafe)' is unnecessary for a constant with 'Sendable' type 'DispatchSemaphore', consider removing it
 96 | 
 97 |     static var requestCount: Int {
[893/1059] Compiling CmuxMobileShellTests DeviceRegistryRequestDedupTests.swift
/private/tmp/cmux-verify-20260908170330-19681-7317/source-e8fda62191/Packages/iOS/CmuxMobileShell/Tests/CmuxMobileShellTests/DeviceRegistryRequestDedupTests.swift:95:13: warning: 'nonisolated(unsafe)' is unnecessary for a constant with 'Sendable' type 'DispatchSemaphore', consider removing it
 93 |     private nonisolated(unsafe) static var teams: [String?] = []
 94 |     private nonisolated(unsafe) static var blocksFirstRequest = true
 95 |     private nonisolated(unsafe) static let firstRequestRelease = DispatchSemaphore(value: 0)
    |             `- warning: 'nonisolated(unsafe)' is unnecessary for a constant with 'Sendable' type 'DispatchSemaphore', consider removing it
 96 | 
 97 |     static var requestCount: Int {
[894/1059] Compiling CmuxMobileShellTests DeviceRegistryRouteSelectionTests.swift
/private/tmp/cmux-verify-20260908170330-19681-7317/source-e8fda62191/Packages/iOS/CmuxMobileShell/Tests/CmuxMobileShellTests/DeviceRegistryRequestDedupTests.swift:95:13: warning: 'nonisolated(unsafe)' is unnecessary for a constant with 'Sendable' type 'DispatchSemaphore', consider removing it
 93 |     private nonisolated(unsafe) static var teams: [String?] = []
 94 |     private nonisolated(unsafe) static var blocksFirstRequest = true
 95 |     private nonisolated(unsafe) static let firstRequestRelease = DispatchSemaphore(value: 0)
    |             `- warning: 'nonisolated(unsafe)' is unnecessary for a constant with 'Sendable' type 'DispatchSemaphore', consider removing it
 96 | 
 97 |     static var requestCount: Int {
[895/1059] Compiling CmuxMobileShellTests DraftPipelineOrderingTests.swift
/private/tmp/cmux-verify-20260908170330-19681-7317/source-e8fda62191/Packages/iOS/CmuxMobileShell/Tests/CmuxMobileShellTests/DeviceRegistryRequestDedupTests.swift:95:13: warning: 'nonisolated(unsafe)' is unnecessary for a constant with 'Sendable' type 'DispatchSemaphore', consider removing it
 93 |     private nonisolated(unsafe) static var teams: [String?] = []
 94 |     private nonisolated(unsafe) static var blocksFirstRequest = true
 95 |     private nonisolated(unsafe) static let firstRequestRelease = DispatchSemaphore(value: 0)
    |             `- warning: 'nonisolated(unsafe)' is unnecessary for a constant with 'Sendable' type 'DispatchSemaphore', consider removing it
 96 | 
 97 |     static var requestCount: Int {
[896/1059] Compiling CmuxMobileShellTests DraftSwitchOwnershipTests.swift
/private/tmp/cmux-verify-20260908170330-19681-7317/source-e8fda62191/Packages/iOS/CmuxMobileShell/Tests/CmuxMobileShellTests/DeviceRegistryRequestDedupTests.swift:95:13: warning: 'nonisolated(unsafe)' is unnecessary for a constant with 'Sendable' type 'DispatchSemaphore', consider removing it
 93 |     private nonisolated(unsafe) static var teams: [String?] = []
 94 |     private nonisolated(unsafe) static var blocksFirstRequest = true
 95 |     private nonisolated(unsafe) static let firstRequestRelease = DispatchSemaphore(value: 0)
    |             `- warning: 'nonisolated(unsafe)' is unnecessary for a constant with 'Sendable' type 'DispatchSemaphore', consider removing it
 96 | 
 97 |     static var requestCount: Int {
[897/1059] Compiling CmuxMobileShellTests FailingPoolTransportFactory.swift
/private/tmp/cmux-verify-20260908170330-19681-7317/source-e8fda62191/Packages/iOS/CmuxMobileShell/Tests/CmuxMobileShellTests/DeviceRegistryRequestDedupTests.swift:95:13: warning: 'nonisolated(unsafe)' is unnecessary for a constant with 'Sendable' type 'DispatchSemaphore', consider removing it
 93 |     private nonisolated(unsafe) static var teams: [String?] = []
 94 |     private nonisolated(unsafe) static var blocksFirstRequest = true
 95 |     private nonisolated(unsafe) static let firstRequestRelease = DispatchSemaphore(value: 0)
    |             `- warning: 'nonisolated(unsafe)' is unnecessary for a constant with 'Sendable' type 'DispatchSemaphore', consider removing it
 96 | 
 97 |     static var requestCount: Int {
[898/1059] Compiling CmuxMobileShellTests FakeBackup.swift
/private/tmp/cmux-verify-20260908170330-19681-7317/source-e8fda62191/Packages/iOS/CmuxMobileShell/Tests/CmuxMobileShellTests/DeviceRegistryRequestDedupTests.swift:95:13: warning: 'nonisolated(unsafe)' is unnecessary for a constant with 'Sendable' type 'DispatchSemaphore', consider removing it
 93 |     private nonisolated(unsafe) static var teams: [String?] = []
 94 |     private nonisolated(unsafe) static var blocksFirstRequest = true
 95 |     private nonisolated(unsafe) static let firstRequestRelease = DispatchSemaphore(value: 0)
    |             `- warning: 'nonisolated(unsafe)' is unnecessary for a constant with 'Sendable' type 'DispatchSemaphore', consider removing it
 96 | 
 97 |     static var requestCount: Int {
[899/1059] Compiling CmuxMobileShellTests GatedUpsertStore.swift
/private/tmp/cmux-verify-20260908170330-19681-7317/source-e8fda62191/Packages/iOS/CmuxMobileShell/Tests/CmuxMobileShellTests/DeviceRegistryRequestDedupTests.swift:95:13: warning: 'nonisolated(unsafe)' is unnecessary for a constant with 'Sendable' type 'DispatchSemaphore', consider removing it
 93 |     private nonisolated(unsafe) static var teams: [String?] = []
 94 |     private nonisolated(unsafe) static var blocksFirstRequest = true
 95 |     private nonisolated(unsafe) static let firstRequestRelease = DispatchSemaphore(value: 0)
    |             `- warning: 'nonisolated(unsafe)' is unnecessary for a constant with 'Sendable' type 'DispatchSemaphore', consider removing it
 96 | 
 97 |     static var requestCount: Int {
[900/1059] Compiling CmuxMobileShellTests IOSBuildScopedPairedMacStoreTests.swift
/private/tmp/cmux-verify-20260908170330-19681-7317/source-e8fda62191/Packages/iOS/CmuxMobileShell/Tests/CmuxMobileShellTests/DeviceRegistryRequestDedupTests.swift:95:13: warning: 'nonisolated(unsafe)' is unnecessary for a constant with 'Sendable' type 'DispatchSemaphore', consider removing it
 93 |     private nonisolated(unsafe) static var teams: [String?] = []
 94 |     private nonisolated(unsafe) static var blocksFirstRequest = true
 95 |     private nonisolated(unsafe) static let firstRequestRelease = DispatchSemaphore(value: 0)
    |             `- warning: 'nonisolated(unsafe)' is unnecessary for a constant with 'Sendable' type 'DispatchSemaphore', consider removing it
 96 | 
 97 |     static var requestCount: Int {
[901/1059] Compiling CmuxMobileShellTests IdlePresence.swift
/private/tmp/cmux-verify-20260908170330-19681-7317/source-e8fda62191/Packages/iOS/CmuxMobileShell/Tests/CmuxMobileShellTests/DeviceRegistryRequestDedupTests.swift:95:13: warning: 'nonisolated(unsafe)' is unnecessary for a constant with 'Sendable' type 'DispatchSemaphore', consider removing it
 93 |     private nonisolated(unsafe) static var teams: [String?] = []
 94 |     private nonisolated(unsafe) static var blocksFirstRequest = true
 95 |     private nonisolated(unsafe) static let firstRequestRelease = DispatchSemaphore(value: 0)
    |             `- warning: 'nonisolated(unsafe)' is unnecessary for a constant with 'Sendable' type 'DispatchSemaphore', consider removing it
 96 | 
 97 |     static var requestCount: Int {
[902/1059] Compiling CmuxMobileShellTests InMemoryDeviceIdentityStore.swift
/private/tmp/cmux-verify-20260908170330-19681-7317/source-e8fda62191/Packages/iOS/CmuxMobileShell/Tests/CmuxMobileShellTests/DeviceRegistryRequestDedupTests.swift:95:13: warning: 'nonisolated(unsafe)' is unnecessary for a constant with 'Sendable' type 'DispatchSemaphore', consider removing it
 93 |     private nonisolated(unsafe) static var teams: [String?] = []
 94 |     private nonisolated(unsafe) static var blocksFirstRequest = true
 95 |     private nonisolated(unsafe) static let firstRequestRelease = DispatchSemaphore(value: 0)
    |             `- warning: 'nonisolated(unsafe)' is unnecessary for a constant with 'Sendable' type 'DispatchSemaphore', consider removing it
 96 | 
 97 |     static var requestCount: Int {
[903/1059] Compiling CmuxMobileShellTests InMemoryTerminalDraftStoreTests.swift
/private/tmp/cmux-verify-20260908170330-19681-7317/source-e8fda62191/Packages/iOS/CmuxMobileShell/Tests/CmuxMobileShellTests/DeviceRegistryRequestDedupTests.swift:95:13: warning: 'nonisolated(unsafe)' is unnecessary for a constant with 'Sendable' type 'DispatchSemaphore', consider removing it
 93 |     private nonisolated(unsafe) static var teams: [String?] = []
 94 |     private nonisolated(unsafe) static var blocksFirstRequest = true
 95 |     private nonisolated(unsafe) static let firstRequestRelease = DispatchSemaphore(value: 0)
    |             `- warning: 'nonisolated(unsafe)' is unnecessary for a constant with 'Sendable' type 'DispatchSemaphore', consider removing it
 96 | 
 97 |     static var requestCount: Int {
[904/1059] Compiling CmuxMobileShellTests InputAckRetryClock.swift
/private/tmp/cmux-verify-20260908170330-19681-7317/source-e8fda62191/Packages/iOS/CmuxMobileShell/Tests/CmuxMobileShellTests/DeviceRegistryRequestDedupTests.swift:95:13: warning: 'nonisolated(unsafe)' is unnecessary for a constant with 'Sendable' type 'DispatchSemaphore', consider removing it
 93 |     private nonisolated(unsafe) static var teams: [String?] = []
 94 |     private nonisolated(unsafe) static var blocksFirstRequest = true
 95 |     private nonisolated(unsafe) static let firstRequestRelease = DispatchSemaphore(value: 0)
    |             `- warning: 'nonisolated(unsafe)' is unnecessary for a constant with 'Sendable' type 'DispatchSemaphore', consider removing it
 96 | 
 97 |     static var requestCount: Int {
[905/1059] Compiling CmuxMobileShellTests IrohConnectionRecoveryOwnerTests.swift
/private/tmp/cmux-verify-20260908170330-19681-7317/source-e8fda62191/Packages/iOS/CmuxMobileShell/Tests/CmuxMobileShellTests/DeviceRegistryRequestDedupTests.swift:95:13: warning: 'nonisolated(unsafe)' is unnecessary for a constant with 'Sendable' type 'DispatchSemaphore', consider removing it
 93 |     private nonisolated(unsafe) static var teams: [String?] = []
 94 |     private nonisolated(unsafe) static var blocksFirstRequest = true
 95 |     private nonisolated(unsafe) static let firstRequestRelease = DispatchSemaphore(value: 0)
    |             `- warning: 'nonisolated(unsafe)' is unnecessary for a constant with 'Sendable' type 'DispatchSemaphore', consider removing it
 96 | 
 97 |     static var requestCount: Int {
[906/1059] Compiling CmuxMobileShellTests IrohReconnectRouteDedupTests.swift
/private/tmp/cmux-verify-20260908170330-19681-7317/source-e8fda62191/Packages/iOS/CmuxMobileShell/Tests/CmuxMobileShellTests/DeviceRegistryRequestDedupTests.swift:95:13: warning: 'nonisolated(unsafe)' is unnecessary for a constant with 'Sendable' type 'DispatchSemaphore', consider removing it
 93 |     private nonisolated(unsafe) static var teams: [String?] = []
 94 |     private nonisolated(unsafe) static var blocksFirstRequest = true
 95 |     private nonisolated(unsafe) static let firstRequestRelease = DispatchSemaphore(value: 0)
    |             `- warning: 'nonisolated(unsafe)' is unnecessary for a constant with 'Sendable' type 'DispatchSemaphore', consider removing it
 96 | 
 97 |     static var requestCount: Int {
[907/1059] Compiling CmuxMobileShellTests PendingNotificationDismissQueueTests.swift
/private/tmp/cmux-verify-20260908170330-19681-7317/source-e8fda62191/Packages/iOS/CmuxMobileShell/Tests/CmuxMobileShellTests/ReconnectRouteSelectionTests.swift:798:33: warning: no 'async' operations occur within 'await' expression
 796 |         // The box tracks the most recent transport, so capture the original
 797 |         // live session before the method change replaces it.
 798 |         let originalTransport = await liveTransportBox.get()
     |                                 `- warning: no 'async' operations occur within 'await' expression
 799 | 
 800 |         await store.setConnectionMethod(

/private/tmp/cmux-verify-20260908170330-19681-7317/source-e8fda62191/Packages/iOS/CmuxMobileShell/Tests/CmuxMobileShellTests/ReconnectRouteSelectionTests.swift:878:33: warning: no 'async' operations occur within 'await' expression
 876 |         #expect(await store.reconnectActiveMacIfAvailable(stackUserID: "user-1"))
 877 |         #expect(store.activeRoute?.kind == .iroh)
 878 |         let originalTransport = await liveTransportBox.get()
     |                                 `- warning: no 'async' operations occur within 'await' expression
 879 | 
 880 |         await store.setConnectionMethod(
[908/1059] Compiling CmuxMobileShellTests PoolTransportAttemptCounter.swift
/private/tmp/cmux-verify-20260908170330-19681-7317/source-e8fda62191/Packages/iOS/CmuxMobileShell/Tests/CmuxMobileShellTests/ReconnectRouteSelectionTests.swift:798:33: warning: no 'async' operations occur within 'await' expression
 796 |         // The box tracks the most recent transport, so capture the original
 797 |         // live session before the method change replaces it.
 798 |         let originalTransport = await liveTransportBox.get()
     |                                 `- warning: no 'async' operations occur within 'await' expression
 799 | 
 800 |         await store.setConnectionMethod(

/private/tmp/cmux-verify-20260908170330-19681-7317/source-e8fda62191/Packages/iOS/CmuxMobileShell/Tests/CmuxMobileShellTests/ReconnectRouteSelectionTests.swift:878:33: warning: no 'async' operations occur within 'await' expression
 876 |         #expect(await store.reconnectActiveMacIfAvailable(stackUserID: "user-1"))
 877 |         #expect(store.activeRoute?.kind == .iroh)
 878 |         let originalTransport = await liveTransportBox.get()
     |                                 `- warning: no 'async' operations occur within 'await' expression
 879 | 
 880 |         await store.setConnectionMethod(
[909/1059] Compiling CmuxMobileShellTests PresenceDiscoveryInvalidationTests.swift
/private/tmp/cmux-verify-20260908170330-19681-7317/source-e8fda62191/Packages/iOS/CmuxMobileShell/Tests/CmuxMobileShellTests/ReconnectRouteSelectionTests.swift:798:33: warning: no 'async' operations occur within 'await' expression
 796 |         // The box tracks the most recent transport, so capture the original
 797 |         // live session before the method change replaces it.
 798 |         let originalTransport = await liveTransportBox.get()
     |                                 `- warning: no 'async' operations occur within 'await' expression
 799 | 
 800 |         await store.setConnectionMethod(

/private/tmp/cmux-verify-20260908170330-19681-7317/source-e8fda62191/Packages/iOS/CmuxMobileShell/Tests/CmuxMobileShellTests/ReconnectRouteSelectionTests.swift:878:33: warning: no 'async' operations occur within 'await' expression
 876 |         #expect(await store.reconnectActiveMacIfAvailable(stackUserID: "user-1"))
 877 |         #expect(store.activeRoute?.kind == .iroh)
 878 |         let originalTransport = await liveTransportBox.get()
     |                                 `- warning: no 'async' operations occur within 'await' expression
 879 | 
 880 |         await store.setConnectionMethod(
[910/1059] Compiling CmuxMobileShellTests PresenceMapTests.swift
/private/tmp/cmux-verify-20260908170330-19681-7317/source-e8fda62191/Packages/iOS/CmuxMobileShell/Tests/CmuxMobileShellTests/ReconnectRouteSelectionTests.swift:798:33: warning: no 'async' operations occur within 'await' expression
 796 |         // The box tracks the most recent transport, so capture the original
 797 |         // live session before the method change replaces it.
 798 |         let originalTransport = await liveTransportBox.get()
     |                                 `- warning: no 'async' operations occur within 'await' expression
 799 | 
 800 |         await store.setConnectionMethod(

/private/tmp/cmux-verify-20260908170330-19681-7317/source-e8fda62191/Packages/iOS/CmuxMobileShell/Tests/CmuxMobileShellTests/ReconnectRouteSelectionTests.swift:878:33: warning: no 'async' operations occur within 'await' expression
 876 |         #expect(await store.reconnectActiveMacIfAvailable(stackUserID: "user-1"))
 877 |         #expect(store.activeRoute?.kind == .iroh)
 878 |         let originalTransport = await liveTransportBox.get()
     |                                 `- warning: no 'async' operations occur within 'await' expression
 879 | 
 880 |         await store.setConnectionMethod(
[911/1059] Compiling CmuxMobileShellTests PresenceServiceURLResolutionTests.swift
/private/tmp/cmux-verify-20260908170330-19681-7317/source-e8fda62191/Packages/iOS/CmuxMobileShell/Tests/CmuxMobileShellTests/ReconnectRouteSelectionTests.swift:798:33: warning: no 'async' operations occur within 'await' expression
 796 |         // The box tracks the most recent transport, so capture the original
 797 |         // live session before the method change replaces it.
 798 |         let originalTransport = await liveTransportBox.get()
     |                                 `- warning: no 'async' operations occur within 'await' expression
 799 | 
 800 |         await store.setConnectionMethod(

/private/tmp/cmux-verify-20260908170330-19681-7317/source-e8fda62191/Packages/iOS/CmuxMobileShell/Tests/CmuxMobileShellTests/ReconnectRouteSelectionTests.swift:878:33: warning: no 'async' operations occur within 'await' expression
 876 |         #expect(await store.reconnectActiveMacIfAvailable(stackUserID: "user-1"))
 877 |         #expect(store.activeRoute?.kind == .iroh)
 878 |         let originalTransport = await liveTransportBox.get()
     |                                 `- warning: no 'async' operations occur within 'await' expression
 879 | 
 880 |         await store.setConnectionMethod(
[912/1059] Compiling CmuxMobileShellTests PresenceWireParsingTests.swift
/private/tmp/cmux-verify-20260908170330-19681-7317/source-e8fda62191/Packages/iOS/CmuxMobileShell/Tests/CmuxMobileShellTests/ReconnectRouteSelectionTests.swift:798:33: warning: no 'async' operations occur within 'await' expression
 796 |         // The box tracks the most recent transport, so capture the original
 797 |         // live session before the method change replaces it.
 798 |         let originalTransport = await liveTransportBox.get()
     |                                 `- warning: no 'async' operations occur within 'await' expression
 799 | 
 800 |         await store.setConnectionMethod(

/private/tmp/cmux-verify-20260908170330-19681-7317/source-e8fda62191/Packages/iOS/CmuxMobileShell/Tests/CmuxMobileShellTests/ReconnectRouteSelectionTests.swift:878:33: warning: no 'async' operations occur within 'await' expression
 876 |         #expect(await store.reconnectActiveMacIfAvailable(stackUserID: "user-1"))
 877 |         #expect(store.activeRoute?.kind == .iroh)
 878 |         let originalTransport = await liveTransportBox.get()
     |                                 `- warning: no 'async' operations occur within 'await' expression
 879 | 
 880 |         await store.setConnectionMethod(
[913/1059] Compiling CmuxMobileShellTests PromotionFenceCompletion.swift
/private/tmp/cmux-verify-20260908170330-19681-7317/source-e8fda62191/Packages/iOS/CmuxMobileShell/Tests/CmuxMobileShellTests/ReconnectRouteSelectionTests.swift:798:33: warning: no 'async' operations occur within 'await' expression
 796 |         // The box tracks the most recent transport, so capture the original
 797 |         // live session before the method change replaces it.
 798 |         let originalTransport = await liveTransportBox.get()
     |                                 `- warning: no 'async' operations occur within 'await' expression
 799 | 
 800 |         await store.setConnectionMethod(

/private/tmp/cmux-verify-20260908170330-19681-7317/source-e8fda62191/Packages/iOS/CmuxMobileShell/Tests/CmuxMobileShellTests/ReconnectRouteSelectionTests.swift:878:33: warning: no 'async' operations occur within 'await' expression
 876 |         #expect(await store.reconnectActiveMacIfAvailable(stackUserID: "user-1"))
 877 |         #expect(store.activeRoute?.kind == .iroh)
 878 |         let originalTransport = await liveTransportBox.get()
     |                                 `- warning: no 'async' operations occur within 'await' expression
 879 | 
 880 |         await store.setConnectionMethod(
[914/1059] Compiling CmuxMobileShellTests PromotionFocusRepairFailure.swift
/private/tmp/cmux-verify-20260908170330-19681-7317/source-e8fda62191/Packages/iOS/CmuxMobileShell/Tests/CmuxMobileShellTests/ReconnectRouteSelectionTests.swift:798:33: warning: no 'async' operations occur within 'await' expression
 796 |         // The box tracks the most recent transport, so capture the original
 797 |         // live session before the method change replaces it.
 798 |         let originalTransport = await liveTransportBox.get()
     |                                 `- warning: no 'async' operations occur within 'await' expression
 799 | 
 800 |         await store.setConnectionMethod(

/private/tmp/cmux-verify-20260908170330-19681-7317/source-e8fda62191/Packages/iOS/CmuxMobileShell/Tests/CmuxMobileShellTests/ReconnectRouteSelectionTests.swift:878:33: warning: no 'async' operations occur within 'await' expression
 876 |         #expect(await store.reconnectActiveMacIfAvailable(stackUserID: "user-1"))
 877 |         #expect(store.activeRoute?.kind == .iroh)
 878 |         let originalTransport = await liveTransportBox.get()
     |                                 `- warning: no 'async' operations occur within 'await' expression
 879 | 
 880 |         await store.setConnectionMethod(
[915/1059] Compiling CmuxMobileShellTests PromotionWorkspaceRace.swift
/private/tmp/cmux-verify-20260908170330-19681-7317/source-e8fda62191/Packages/iOS/CmuxMobileShell/Tests/CmuxMobileShellTests/ReconnectRouteSelectionTests.swift:798:33: warning: no 'async' operations occur within 'await' expression
 796 |         // The box tracks the most recent transport, so capture the original
 797 |         // live session before the method change replaces it.
 798 |         let originalTransport = await liveTransportBox.get()
     |                                 `- warning: no 'async' operations occur within 'await' expression
 799 | 
 800 |         await store.setConnectionMethod(

/private/tmp/cmux-verify-20260908170330-19681-7317/source-e8fda62191/Packages/iOS/CmuxMobileShell/Tests/CmuxMobileShellTests/ReconnectRouteSelectionTests.swift:878:33: warning: no 'async' operations occur within 'await' expression
 876 |         #expect(await store.reconnectActiveMacIfAvailable(stackUserID: "user-1"))
 877 |         #expect(store.activeRoute?.kind == .iroh)
 878 |         let originalTransport = await liveTransportBox.get()
     |                                 `- warning: no 'async' operations occur within 'await' expression
 879 | 
 880 |         await store.setConnectionMethod(
[916/1059] Compiling CmuxMobileShellTests ReconnectAttemptDeadlineTests.swift
/private/tmp/cmux-verify-20260908170330-19681-7317/source-e8fda62191/Packages/iOS/CmuxMobileShell/Tests/CmuxMobileShellTests/ReconnectRouteSelectionTests.swift:798:33: warning: no 'async' operations occur within 'await' expression
 796 |         // The box tracks the most recent transport, so capture the original
 797 |         // live session before the method change replaces it.
 798 |         let originalTransport = await liveTransportBox.get()
     |                                 `- warning: no 'async' operations occur within 'await' expression
 799 | 
 800 |         await store.setConnectionMethod(

/private/tmp/cmux-verify-20260908170330-19681-7317/source-e8fda62191/Packages/iOS/CmuxMobileShell/Tests/CmuxMobileShellTests/ReconnectRouteSelectionTests.swift:878:33: warning: no 'async' operations occur within 'await' expression
 876 |         #expect(await store.reconnectActiveMacIfAvailable(stackUserID: "user-1"))
 877 |         #expect(store.activeRoute?.kind == .iroh)
 878 |         let originalTransport = await liveTransportBox.get()
     |                                 `- warning: no 'async' operations occur within 'await' expression
 879 | 
 880 |         await store.setConnectionMethod(
[917/1059] Compiling CmuxMobileShellTests ReconnectRouteSelectionTests+Support.swift
/private/tmp/cmux-verify-20260908170330-19681-7317/source-e8fda62191/Packages/iOS/CmuxMobileShell/Tests/CmuxMobileShellTests/ReconnectRouteSelectionTests.swift:798:33: warning: no 'async' operations occur within 'await' expression
 796 |         // The box tracks the most recent transport, so capture the original
 797 |         // live session before the method change replaces it.
 798 |         let originalTransport = await liveTransportBox.get()
     |                                 `- warning: no 'async' operations occur within 'await' expression
 799 | 
 800 |         await store.setConnectionMethod(

/private/tmp/cmux-verify-20260908170330-19681-7317/source-e8fda62191/Packages/iOS/CmuxMobileShell/Tests/CmuxMobileShellTests/ReconnectRouteSelectionTests.swift:878:33: warning: no 'async' operations occur within 'await' expression
 876 |         #expect(await store.reconnectActiveMacIfAvailable(stackUserID: "user-1"))
 877 |         #expect(store.activeRoute?.kind == .iroh)
 878 |         let originalTransport = await liveTransportBox.get()
     |                                 `- warning: no 'async' operations occur within 'await' expression
 879 | 
 880 |         await store.setConnectionMethod(
[918/1059] Compiling CmuxMobileShellTests ReconnectRouteSelectionTests.swift
/private/tmp/cmux-verify-20260908170330-19681-7317/source-e8fda62191/Packages/iOS/CmuxMobileShell/Tests/CmuxMobileShellTests/ReconnectRouteSelectionTests.swift:798:33: warning: no 'async' operations occur within 'await' expression
 796 |         // The box tracks the most recent transport, so capture the original
 797 |         // live session before the method change replaces it.
 798 |         let originalTransport = await liveTransportBox.get()
     |                                 `- warning: no 'async' operations occur within 'await' expression
 799 | 
 800 |         await store.setConnectionMethod(

/private/tmp/cmux-verify-20260908170330-19681-7317/source-e8fda62191/Packages/iOS/CmuxMobileShell/Tests/CmuxMobileShellTests/ReconnectRouteSelectionTests.swift:878:33: warning: no 'async' operations occur within 'await' expression
 876 |         #expect(await store.reconnectActiveMacIfAvailable(stackUserID: "user-1"))
 877 |         #expect(store.activeRoute?.kind == .iroh)
 878 |         let originalTransport = await liveTransportBox.get()
     |                                 `- warning: no 'async' operations occur within 'await' expression
 879 | 
 880 |         await store.setConnectionMethod(
[919/1059] Compiling CmuxMobileShellTests RecordingDeliveredNotificationClearer.swift
/private/tmp/cmux-verify-20260908170330-19681-7317/source-e8fda62191/Packages/iOS/CmuxMobileShell/Tests/CmuxMobileShellTests/ReconnectRouteSelectionTests.swift:798:33: warning: no 'async' operations occur within 'await' expression
 796 |         // The box tracks the most recent transport, so capture the original
 797 |         // live session before the method change replaces it.
 798 |         let originalTransport = await liveTransportBox.get()
     |                                 `- warning: no 'async' operations occur within 'await' expression
 799 | 
 800 |         await store.setConnectionMethod(

/private/tmp/cmux-verify-20260908170330-19681-7317/source-e8fda62191/Packages/iOS/CmuxMobileShell/Tests/CmuxMobileShellTests/ReconnectRouteSelectionTests.swift:878:33: warning: no 'async' operations occur within 'await' expression
 876 |         #expect(await store.reconnectActiveMacIfAvailable(stackUserID: "user-1"))
 877 |         #expect(store.activeRoute?.kind == .iroh)
 878 |         let originalTransport = await liveTransportBox.get()
     |                                 `- warning: no 'async' operations occur within 'await' expression
 879 | 
 880 |         await store.setConnectionMethod(
[920/1059] Compiling CmuxMobileShellTests ResolveForegroundMacIDTests.swift
/private/tmp/cmux-verify-20260908170330-19681-7317/source-e8fda62191/Packages/iOS/CmuxMobileShell/Tests/CmuxMobileShellTests/ReconnectRouteSelectionTests.swift:798:33: warning: no 'async' operations occur within 'await' expression
 796 |         // The box tracks the most recent transport, so capture the original
 797 |         // live session before the method change replaces it.
 798 |         let originalTransport = await liveTransportBox.get()
     |                                 `- warning: no 'async' operations occur within 'await' expression
 799 | 
 800 |         await store.setConnectionMethod(

/private/tmp/cmux-verify-20260908170330-19681-7317/source-e8fda62191/Packages/iOS/CmuxMobileShell/Tests/CmuxMobileShellTests/ReconnectRouteSelectionTests.swift:878:33: warning: no 'async' operations occur within 'await' expression
 876 |         #expect(await store.reconnectActiveMacIfAvailable(stackUserID: "user-1"))
 877 |         #expect(store.activeRoute?.kind == .iroh)
 878 |         let originalTransport = await liveTransportBox.get()
     |                                 `- warning: no 'async' operations occur within 'await' expression
 879 | 
 880 |         await store.setConnectionMethod(
[921/1059] Compiling CmuxMobileShellTests SecondaryAuthorityIdlePresence.swift
/private/tmp/cmux-verify-20260908170330-19681-7317/source-e8fda62191/Packages/iOS/CmuxMobileShell/Tests/CmuxMobileShellTests/ReconnectRouteSelectionTests.swift:798:33: warning: no 'async' operations occur within 'await' expression
 796 |         // The box tracks the most recent transport, so capture the original
 797 |         // live session before the method change replaces it.
 798 |         let originalTransport = await liveTransportBox.get()
     |                                 `- warning: no 'async' operations occur within 'await' expression
 799 | 
 800 |         await store.setConnectionMethod(

/private/tmp/cmux-verify-20260908170330-19681-7317/source-e8fda62191/Packages/iOS/CmuxMobileShell/Tests/CmuxMobileShellTests/ReconnectRouteSelectionTests.swift:878:33: warning: no 'async' operations occur within 'await' expression
 876 |         #expect(await store.reconnectActiveMacIfAvailable(stackUserID: "user-1"))
 877 |         #expect(store.activeRoute?.kind == .iroh)
 878 |         let originalTransport = await liveTransportBox.get()
     |                                 `- warning: no 'async' operations occur within 'await' expression
 879 | 
 880 |         await store.setConnectionMethod(
[922/1059] Compiling CmuxMobileShellTests SequencedDeviceRegistry.swift
/private/tmp/cmux-verify-20260908170330-19681-7317/source-e8fda62191/Packages/iOS/CmuxMobileShell/Tests/CmuxMobileShellTests/ReconnectRouteSelectionTests.swift:798:33: warning: no 'async' operations occur within 'await' expression
 796 |         // The box tracks the most recent transport, so capture the original
 797 |         // live session before the method change replaces it.
 798 |         let originalTransport = await liveTransportBox.get()
     |                                 `- warning: no 'async' operations occur within 'await' expression
 799 | 
 800 |         await store.setConnectionMethod(

/private/tmp/cmux-verify-20260908170330-19681-7317/source-e8fda62191/Packages/iOS/CmuxMobileShell/Tests/CmuxMobileShellTests/ReconnectRouteSelectionTests.swift:878:33: warning: no 'async' operations occur within 'await' expression
 876 |         #expect(await store.reconnectActiveMacIfAvailable(stackUserID: "user-1"))
 877 |         #expect(store.activeRoute?.kind == .iroh)
 878 |         let originalTransport = await liveTransportBox.get()
     |                                 `- warning: no 'async' operations occur within 'await' expression
 879 | 
 880 |         await store.setConnectionMethod(
[923/1059] Compiling CmuxMobileShellTests SlowIgnoringCancellationTransport.swift
/private/tmp/cmux-verify-20260908170330-19681-7317/source-e8fda62191/Packages/iOS/CmuxMobileShell/Tests/CmuxMobileShellTests/ReconnectRouteSelectionTests.swift:798:33: warning: no 'async' operations occur within 'await' expression
 796 |         // The box tracks the most recent transport, so capture the original
 797 |         // live session before the method change replaces it.
 798 |         let originalTransport = await liveTransportBox.get()
     |                                 `- warning: no 'async' operations occur within 'await' expression
 799 | 
 800 |         await store.setConnectionMethod(

/private/tmp/cmux-verify-20260908170330-19681-7317/source-e8fda62191/Packages/iOS/CmuxMobileShell/Tests/CmuxMobileShellTests/ReconnectRouteSelectionTests.swift:878:33: warning: no 'async' operations occur within 'await' expression
 876 |         #expect(await store.reconnectActiveMacIfAvailable(stackUserID: "user-1"))
 877 |         #expect(store.activeRoute?.kind == .iroh)
 878 |         let originalTransport = await liveTransportBox.get()
     |                                 `- warning: no 'async' operations occur within 'await' expression
 879 | 
 880 |         await store.setConnectionMethod(
[924/1059] Compiling CmuxMobileShellTests SlowIgnoringCancellationTransportFactory.swift
/private/tmp/cmux-verify-20260908170330-19681-7317/source-e8fda62191/Packages/iOS/CmuxMobileShell/Tests/CmuxMobileShellTests/ReconnectRouteSelectionTests.swift:798:33: warning: no 'async' operations occur within 'await' expression
 796 |         // The box tracks the most recent transport, so capture the original
 797 |         // live session before the method change replaces it.
 798 |         let originalTransport = await liveTransportBox.get()
     |                                 `- warning: no 'async' operations occur within 'await' expression
 799 | 
 800 |         await store.setConnectionMethod(

/private/tmp/cmux-verify-20260908170330-19681-7317/source-e8fda62191/Packages/iOS/CmuxMobileShell/Tests/CmuxMobileShellTests/ReconnectRouteSelectionTests.swift:878:33: warning: no 'async' operations occur within 'await' expression
 876 |         #expect(await store.reconnectActiveMacIfAvailable(stackUserID: "user-1"))
 877 |         #expect(store.activeRoute?.kind == .iroh)
 878 |         let originalTransport = await liveTransportBox.get()
     |                                 `- warning: no 'async' operations occur within 'await' expression
 879 | 
 880 |         await store.setConnectionMethod(
[925/1059] Compiling CmuxMobileShellTests StaticIdentityProvider.swift
/private/tmp/cmux-verify-20260908170330-19681-7317/source-e8fda62191/Packages/iOS/CmuxMobileShell/Tests/CmuxMobileShellTests/ReconnectRouteSelectionTests.swift:798:33: warning: no 'async' operations occur within 'await' expression
 796 |         // The box tracks the most recent transport, so capture the original
 797 |         // live session before the method change replaces it.
 798 |         let originalTransport = await liveTransportBox.get()
     |                                 `- warning: no 'async' operations occur within 'await' expression
 799 | 
 800 |         await store.setConnectionMethod(

/private/tmp/cmux-verify-20260908170330-19681-7317/source-e8fda62191/Packages/iOS/CmuxMobileShell/Tests/CmuxMobileShellTests/ReconnectRouteSelectionTests.swift:878:33: warning: no 'async' operations occur within 'await' expression
 876 |         #expect(await store.reconnectActiveMacIfAvailable(stackUserID: "user-1"))
 877 |         #expect(store.activeRoute?.kind == .iroh)
 878 |         let originalTransport = await liveTransportBox.get()
     |                                 `- warning: no 'async' operations occur within 'await' expression
 879 | 
 880 |         await store.setConnectionMethod(
[926/1059] Compiling CmuxMobileShellTests TaggedBuildPresenceRouteIsolationTests.swift
/private/tmp/cmux-verify-20260908170330-19681-7317/source-e8fda62191/Packages/iOS/CmuxMobileShell/Tests/CmuxMobileShellTests/TailscalePairingRegressionTests.swift:36:21: warning: result of call to 'connectPairingInput(allowPreview:pairedMacDeviceID:instanceTag:)' is unused [#no-usage]
 34 |         store.pairingCode = currentQRCode()
 35 | 
 36 |         await store.connectPairingInput()
    |                     `- warning: result of call to 'connectPairingInput(allowPreview:pairedMacDeviceID:instanceTag:)' is unused [#no-usage]
 37 | 
 38 |         #expect(store.connectionState == MobileConnectionState.connected)

/private/tmp/cmux-verify-20260908170330-19681-7317/source-e8fda62191/Packages/iOS/CmuxMobileShell/Tests/CmuxMobileShellTests/TailscalePairingRegressionTests.swift:118:21: warning: result of call to 'connectPairingInput(allowPreview:pairedMacDeviceID:instanceTag:)' is unused [#no-usage]
116 |         store.pairingCode = try attachURL(for: ticket)
117 | 
118 |         await store.connectPairingInput()
    |                     `- warning: result of call to 'connectPairingInput(allowPreview:pairedMacDeviceID:instanceTag:)' is unused [#no-usage]
119 | 
120 |         #expect(store.connectionState == MobileConnectionState.connected)

/private/tmp/cmux-verify-20260908170330-19681-7317/source-e8fda62191/Packages/iOS/CmuxMobileShell/Tests/CmuxMobileShellTests/TailscalePairingRegressionTests.swift:230:21: warning: result of call to 'connectPairingInput(allowPreview:pairedMacDeviceID:instanceTag:)' is unused [#no-usage]
228 |         store.pairingCode = currentQRCode()
229 | 
230 |         await store.connectPairingInput()
    |                     `- warning: result of call to 'connectPairingInput(allowPreview:pairedMacDeviceID:instanceTag:)' is unused [#no-usage]
231 | 
232 |         let saved = try #require(await pairedMacStore.activeMac(stackUserID: "phone-user"))
[927/1059] Compiling CmuxMobileShellTests TaggedBuildRegistryRouteIsolationTests.swift
/private/tmp/cmux-verify-20260908170330-19681-7317/source-e8fda62191/Packages/iOS/CmuxMobileShell/Tests/CmuxMobileShellTests/TailscalePairingRegressionTests.swift:36:21: warning: result of call to 'connectPairingInput(allowPreview:pairedMacDeviceID:instanceTag:)' is unused [#no-usage]
 34 |         store.pairingCode = currentQRCode()
 35 | 
 36 |         await store.connectPairingInput()
    |                     `- warning: result of call to 'connectPairingInput(allowPreview:pairedMacDeviceID:instanceTag:)' is unused [#no-usage]
 37 | 
 38 |         #expect(store.connectionState == MobileConnectionState.connected)

/private/tmp/cmux-verify-20260908170330-19681-7317/source-e8fda62191/Packages/iOS/CmuxMobileShell/Tests/CmuxMobileShellTests/TailscalePairingRegressionTests.swift:118:21: warning: result of call to 'connectPairingInput(allowPreview:pairedMacDeviceID:instanceTag:)' is unused [#no-usage]
116 |         store.pairingCode = try attachURL(for: ticket)
117 | 
118 |         await store.connectPairingInput()
    |                     `- warning: result of call to 'connectPairingInput(allowPreview:pairedMacDeviceID:instanceTag:)' is unused [#no-usage]
119 | 
120 |         #expect(store.connectionState == MobileConnectionState.connected)

/private/tmp/cmux-verify-20260908170330-19681-7317/source-e8fda62191/Packages/iOS/CmuxMobileShell/Tests/CmuxMobileShellTests/TailscalePairingRegressionTests.swift:230:21: warning: result of call to 'connectPairingInput(allowPreview:pairedMacDeviceID:instanceTag:)' is unused [#no-usage]
228 |         store.pairingCode = currentQRCode()
229 | 
230 |         await store.connectPairingInput()
    |                     `- warning: result of call to 'connectPairingInput(allowPreview:pairedMacDeviceID:instanceTag:)' is unused [#no-usage]
231 | 
232 |         let saved = try #require(await pairedMacStore.activeMac(stackUserID: "phone-user"))
[928/1059] Compiling CmuxMobileShellTests TailscalePairingRegressionTests.swift
/private/tmp/cmux-verify-20260908170330-19681-7317/source-e8fda62191/Packages/iOS/CmuxMobileShell/Tests/CmuxMobileShellTests/TailscalePairingRegressionTests.swift:36:21: warning: result of call to 'connectPairingInput(allowPreview:pairedMacDeviceID:instanceTag:)' is unused [#no-usage]
 34 |         store.pairingCode = currentQRCode()
 35 | 
 36 |         await store.connectPairingInput()
    |                     `- warning: result of call to 'connectPairingInput(allowPreview:pairedMacDeviceID:instanceTag:)' is unused [#no-usage]
 37 | 
 38 |         #expect(store.connectionState == MobileConnectionState.connected)

/private/tmp/cmux-verify-20260908170330-19681-7317/source-e8fda62191/Packages/iOS/CmuxMobileShell/Tests/CmuxMobileShellTests/TailscalePairingRegressionTests.swift:118:21: warning: result of call to 'connectPairingInput(allowPreview:pairedMacDeviceID:instanceTag:)' is unused [#no-usage]
116 |         store.pairingCode = try attachURL(for: ticket)
117 | 
118 |         await store.connectPairingInput()
    |                     `- warning: result of call to 'connectPairingInput(allowPreview:pairedMacDeviceID:instanceTag:)' is unused [#no-usage]
119 | 
120 |         #expect(store.connectionState == MobileConnectionState.connected)

/private/tmp/cmux-verify-20260908170330-19681-7317/source-e8fda62191/Packages/iOS/CmuxMobileShell/Tests/CmuxMobileShellTests/TailscalePairingRegressionTests.swift:230:21: warning: result of call to 'connectPairingInput(allowPreview:pairedMacDeviceID:instanceTag:)' is unused [#no-usage]
228 |         store.pairingCode = currentQRCode()
229 | 
230 |         await store.connectPairingInput()
    |                     `- warning: result of call to 'connectPairingInput(allowPreview:pairedMacDeviceID:instanceTag:)' is unused [#no-usage]
231 | 
232 |         let saved = try #require(await pairedMacStore.activeMac(stackUserID: "phone-user"))
[929/1059] Compiling CmuxMobileShellTests TeamScopedPairedMacStoreTests.swift
/private/tmp/cmux-verify-20260908170330-19681-7317/source-e8fda62191/Packages/iOS/CmuxMobileShell/Tests/CmuxMobileShellTests/TailscalePairingRegressionTests.swift:36:21: warning: result of call to 'connectPairingInput(allowPreview:pairedMacDeviceID:instanceTag:)' is unused [#no-usage]
 34 |         store.pairingCode = currentQRCode()
 35 | 
 36 |         await store.connectPairingInput()
    |                     `- warning: result of call to 'connectPairingInput(allowPreview:pairedMacDeviceID:instanceTag:)' is unused [#no-usage]
 37 | 
 38 |         #expect(store.connectionState == MobileConnectionState.connected)

/private/tmp/cmux-verify-20260908170330-19681-7317/source-e8fda62191/Packages/iOS/CmuxMobileShell/Tests/CmuxMobileShellTests/TailscalePairingRegressionTests.swift:118:21: warning: result of call to 'connectPairingInput(allowPreview:pairedMacDeviceID:instanceTag:)' is unused [#no-usage]
116 |         store.pairingCode = try attachURL(for: ticket)
117 | 
118 |         await store.connectPairingInput()
    |                     `- warning: result of call to 'connectPairingInput(allowPreview:pairedMacDeviceID:instanceTag:)' is unused [#no-usage]
119 | 
120 |         #expect(store.connectionState == MobileConnectionState.connected)

/private/tmp/cmux-verify-20260908170330-19681-7317/source-e8fda62191/Packages/iOS/CmuxMobileShell/Tests/CmuxMobileShellTests/TailscalePairingRegressionTests.swift:230:21: warning: result of call to 'connectPairingInput(allowPreview:pairedMacDeviceID:instanceTag:)' is unused [#no-usage]
228 |         store.pairingCode = currentQRCode()
229 | 
230 |         await store.connectPairingInput()
    |                     `- warning: result of call to 'connectPairingInput(allowPreview:pairedMacDeviceID:instanceTag:)' is unused [#no-usage]
231 | 
232 |         let saved = try #require(await pairedMacStore.activeMac(stackUserID: "phone-user"))
[930/1059] Compiling CmuxMobileShellTests TerminalAuthoritativeResyncTests.swift
/private/tmp/cmux-verify-20260908170330-19681-7317/source-e8fda62191/Packages/iOS/CmuxMobileShell/Tests/CmuxMobileShellTests/TailscalePairingRegressionTests.swift:36:21: warning: result of call to 'connectPairingInput(allowPreview:pairedMacDeviceID:instanceTag:)' is unused [#no-usage]
 34 |         store.pairingCode = currentQRCode()
 35 | 
 36 |         await store.connectPairingInput()
    |                     `- warning: result of call to 'connectPairingInput(allowPreview:pairedMacDeviceID:instanceTag:)' is unused [#no-usage]
 37 | 
 38 |         #expect(store.connectionState == MobileConnectionState.connected)

/private/tmp/cmux-verify-20260908170330-19681-7317/source-e8fda62191/Packages/iOS/CmuxMobileShell/Tests/CmuxMobileShellTests/TailscalePairingRegressionTests.swift:118:21: warning: result of call to 'connectPairingInput(allowPreview:pairedMacDeviceID:instanceTag:)' is unused [#no-usage]
116 |         store.pairingCode = try attachURL(for: ticket)
117 | 
118 |         await store.connectPairingInput()
    |                     `- warning: result of call to 'connectPairingInput(allowPreview:pairedMacDeviceID:instanceTag:)' is unused [#no-usage]
119 | 
120 |         #expect(store.connectionState == MobileConnectionState.connected)

/private/tmp/cmux-verify-20260908170330-19681-7317/source-e8fda62191/Packages/iOS/CmuxMobileShell/Tests/CmuxMobileShellTests/TailscalePairingRegressionTests.swift:230:21: warning: result of call to 'connectPairingInput(allowPreview:pairedMacDeviceID:instanceTag:)' is unused [#no-usage]
228 |         store.pairingCode = currentQRCode()
229 | 
230 |         await store.connectPairingInput()
    |                     `- warning: result of call to 'connectPairingInput(allowPreview:pairedMacDeviceID:instanceTag:)' is unused [#no-usage]
231 | 
232 |         let saved = try #require(await pairedMacStore.activeMac(stackUserID: "phone-user"))
[931/1059] Compiling CmuxMobileShellTests TerminalByteGapRebaseTests.swift
/private/tmp/cmux-verify-20260908170330-19681-7317/source-e8fda62191/Packages/iOS/CmuxMobileShell/Tests/CmuxMobileShellTests/TailscalePairingRegressionTests.swift:36:21: warning: result of call to 'connectPairingInput(allowPreview:pairedMacDeviceID:instanceTag:)' is unused [#no-usage]
 34 |         store.pairingCode = currentQRCode()
 35 | 
 36 |         await store.connectPairingInput()
    |                     `- warning: result of call to 'connectPairingInput(allowPreview:pairedMacDeviceID:instanceTag:)' is unused [#no-usage]
 37 | 
 38 |         #expect(store.connectionState == MobileConnectionState.connected)

/private/tmp/cmux-verify-20260908170330-19681-7317/source-e8fda62191/Packages/iOS/CmuxMobileShell/Tests/CmuxMobileShellTests/TailscalePairingRegressionTests.swift:118:21: warning: result of call to 'connectPairingInput(allowPreview:pairedMacDeviceID:instanceTag:)' is unused [#no-usage]
116 |         store.pairingCode = try attachURL(for: ticket)
117 | 
118 |         await store.connectPairingInput()
    |                     `- warning: result of call to 'connectPairingInput(allowPreview:pairedMacDeviceID:instanceTag:)' is unused [#no-usage]
119 | 
120 |         #expect(store.connectionState == MobileConnectionState.connected)

/private/tmp/cmux-verify-20260908170330-19681-7317/source-e8fda62191/Packages/iOS/CmuxMobileShell/Tests/CmuxMobileShellTests/TailscalePairingRegressionTests.swift:230:21: warning: result of call to 'connectPairingInput(allowPreview:pairedMacDeviceID:instanceTag:)' is unused [#no-usage]
228 |         store.pairingCode = currentQRCode()
229 | 
230 |         await store.connectPairingInput()
    |                     `- warning: result of call to 'connectPairingInput(allowPreview:pairedMacDeviceID:instanceTag:)' is unused [#no-usage]
231 | 
232 |         let saved = try #require(await pairedMacStore.activeMac(stackUserID: "phone-user"))
[932/1059] Compiling CmuxMobileShellTests TerminalColdAttachReplayBarrierTests.swift
/private/tmp/cmux-verify-20260908170330-19681-7317/source-e8fda62191/Packages/iOS/CmuxMobileShell/Tests/CmuxMobileShellTests/TailscalePairingRegressionTests.swift:36:21: warning: result of call to 'connectPairingInput(allowPreview:pairedMacDeviceID:instanceTag:)' is unused [#no-usage]
 34 |         store.pairingCode = currentQRCode()
 35 | 
 36 |         await store.connectPairingInput()
    |                     `- warning: result of call to 'connectPairingInput(allowPreview:pairedMacDeviceID:instanceTag:)' is unused [#no-usage]
 37 | 
 38 |         #expect(store.connectionState == MobileConnectionState.connected)

/private/tmp/cmux-verify-20260908170330-19681-7317/source-e8fda62191/Packages/iOS/CmuxMobileShell/Tests/CmuxMobileShellTests/TailscalePairingRegressionTests.swift:118:21: warning: result of call to 'connectPairingInput(allowPreview:pairedMacDeviceID:instanceTag:)' is unused [#no-usage]
116 |         store.pairingCode = try attachURL(for: ticket)
117 | 
118 |         await store.connectPairingInput()
    |                     `- warning: result of call to 'connectPairingInput(allowPreview:pairedMacDeviceID:instanceTag:)' is unused [#no-usage]
119 | 
120 |         #expect(store.connectionState == MobileConnectionState.connected)

/private/tmp/cmux-verify-20260908170330-19681-7317/source-e8fda62191/Packages/iOS/CmuxMobileShell/Tests/CmuxMobileShellTests/TailscalePairingRegressionTests.swift:230:21: warning: result of call to 'connectPairingInput(allowPreview:pairedMacDeviceID:instanceTag:)' is unused [#no-usage]
228 |         store.pairingCode = currentQRCode()
229 | 
230 |         await store.connectPairingInput()
    |                     `- warning: result of call to 'connectPairingInput(allowPreview:pairedMacDeviceID:instanceTag:)' is unused [#no-usage]
231 | 
232 |         let saved = try #require(await pairedMacStore.activeMac(stackUserID: "phone-user"))
[933/1059] Compiling CmuxMobileShellTests TerminalConfigThemeMismatchResetPolicyTests.swift
/private/tmp/cmux-verify-20260908170330-19681-7317/source-e8fda62191/Packages/iOS/CmuxMobileShell/Tests/CmuxMobileShellTests/TailscalePairingRegressionTests.swift:36:21: warning: result of call to 'connectPairingInput(allowPreview:pairedMacDeviceID:instanceTag:)' is unused [#no-usage]
 34 |         store.pairingCode = currentQRCode()
 35 | 
 36 |         await store.connectPairingInput()
    |                     `- warning: result of call to 'connectPairingInput(allowPreview:pairedMacDeviceID:instanceTag:)' is unused [#no-usage]
 37 | 
 38 |         #expect(store.connectionState == MobileConnectionState.connected)

/private/tmp/cmux-verify-20260908170330-19681-7317/source-e8fda62191/Packages/iOS/CmuxMobileShell/Tests/CmuxMobileShellTests/TailscalePairingRegressionTests.swift:118:21: warning: result of call to 'connectPairingInput(allowPreview:pairedMacDeviceID:instanceTag:)' is unused [#no-usage]
116 |         store.pairingCode = try attachURL(for: ticket)
117 | 
118 |         await store.connectPairingInput()
    |                     `- warning: result of call to 'connectPairingInput(allowPreview:pairedMacDeviceID:instanceTag:)' is unused [#no-usage]
119 | 
120 |         #expect(store.connectionState == MobileConnectionState.connected)

/private/tmp/cmux-verify-20260908170330-19681-7317/source-e8fda62191/Packages/iOS/CmuxMobileShell/Tests/CmuxMobileShellTests/TailscalePairingRegressionTests.swift:230:21: warning: result of call to 'connectPairingInput(allowPreview:pairedMacDeviceID:instanceTag:)' is unused [#no-usage]
228 |         store.pairingCode = currentQRCode()
229 | 
230 |         await store.connectPairingInput()
    |                     `- warning: result of call to 'connectPairingInput(allowPreview:pairedMacDeviceID:instanceTag:)' is unused [#no-usage]
231 | 
232 |         let saved = try #require(await pairedMacStore.activeMac(stackUserID: "phone-user"))
[934/1059] Compiling CmuxMobileShellTests TerminalLaneReplayBarrierTests.swift
/private/tmp/cmux-verify-20260908170330-19681-7317/source-e8fda62191/Packages/iOS/CmuxMobileShell/Tests/CmuxMobileShellTests/TailscalePairingRegressionTests.swift:36:21: warning: result of call to 'connectPairingInput(allowPreview:pairedMacDeviceID:instanceTag:)' is unused [#no-usage]
 34 |         store.pairingCode = currentQRCode()
 35 | 
 36 |         await store.connectPairingInput()
    |                     `- warning: result of call to 'connectPairingInput(allowPreview:pairedMacDeviceID:instanceTag:)' is unused [#no-usage]
 37 | 
 38 |         #expect(store.connectionState == MobileConnectionState.connected)

/private/tmp/cmux-verify-20260908170330-19681-7317/source-e8fda62191/Packages/iOS/CmuxMobileShell/Tests/CmuxMobileShellTests/TailscalePairingRegressionTests.swift:118:21: warning: result of call to 'connectPairingInput(allowPreview:pairedMacDeviceID:instanceTag:)' is unused [#no-usage]
116 |         store.pairingCode = try attachURL(for: ticket)
117 | 
118 |         await store.connectPairingInput()
    |                     `- warning: result of call to 'connectPairingInput(allowPreview:pairedMacDeviceID:instanceTag:)' is unused [#no-usage]
119 | 
120 |         #expect(store.connectionState == MobileConnectionState.connected)

/private/tmp/cmux-verify-20260908170330-19681-7317/source-e8fda62191/Packages/iOS/CmuxMobileShell/Tests/CmuxMobileShellTests/TailscalePairingRegressionTests.swift:230:21: warning: result of call to 'connectPairingInput(allowPreview:pairedMacDeviceID:instanceTag:)' is unused [#no-usage]
228 |         store.pairingCode = currentQRCode()
229 | 
230 |         await store.connectPairingInput()
    |                     `- warning: result of call to 'connectPairingInput(allowPreview:pairedMacDeviceID:instanceTag:)' is unused [#no-usage]
231 | 
232 |         let saved = try #require(await pairedMacStore.activeMac(stackUserID: "phone-user"))
[935/1059] Compiling CmuxMobileShellTests TerminalMissingBaselineReplayBudgetTests.swift
/private/tmp/cmux-verify-20260908170330-19681-7317/source-e8fda62191/Packages/iOS/CmuxMobileShell/Tests/CmuxMobileShellTests/TailscalePairingRegressionTests.swift:36:21: warning: result of call to 'connectPairingInput(allowPreview:pairedMacDeviceID:instanceTag:)' is unused [#no-usage]
 34 |         store.pairingCode = currentQRCode()
 35 | 
 36 |         await store.connectPairingInput()
    |                     `- warning: result of call to 'connectPairingInput(allowPreview:pairedMacDeviceID:instanceTag:)' is unused [#no-usage]
 37 | 
 38 |         #expect(store.connectionState == MobileConnectionState.connected)

/private/tmp/cmux-verify-20260908170330-19681-7317/source-e8fda62191/Packages/iOS/CmuxMobileShell/Tests/CmuxMobileShellTests/TailscalePairingRegressionTests.swift:118:21: warning: result of call to 'connectPairingInput(allowPreview:pairedMacDeviceID:instanceTag:)' is unused [#no-usage]
116 |         store.pairingCode = try attachURL(for: ticket)
117 | 
118 |         await store.connectPairingInput()
    |                     `- warning: result of call to 'connectPairingInput(allowPreview:pairedMacDeviceID:instanceTag:)' is unused [#no-usage]
119 | 
120 |         #expect(store.connectionState == MobileConnectionState.connected)

/private/tmp/cmux-verify-20260908170330-19681-7317/source-e8fda62191/Packages/iOS/CmuxMobileShell/Tests/CmuxMobileShellTests/TailscalePairingRegressionTests.swift:230:21: warning: result of call to 'connectPairingInput(allowPreview:pairedMacDeviceID:instanceTag:)' is unused [#no-usage]
228 |         store.pairingCode = currentQRCode()
229 | 
230 |         await store.connectPairingInput()
    |                     `- warning: result of call to 'connectPairingInput(allowPreview:pairedMacDeviceID:instanceTag:)' is unused [#no-usage]
231 | 
232 |         let saved = try #require(await pairedMacStore.activeMac(stackUserID: "phone-user"))
[936/1059] Compiling CmuxMobileShellTests TerminalOutputDeliveryQueueTests.swift
/private/tmp/cmux-verify-20260908170330-19681-7317/source-e8fda62191/Packages/iOS/CmuxMobileShell/Tests/CmuxMobileShellTests/TailscalePairingRegressionTests.swift:36:21: warning: result of call to 'connectPairingInput(allowPreview:pairedMacDeviceID:instanceTag:)' is unused [#no-usage]
 34 |         store.pairingCode = currentQRCode()
 35 | 
 36 |         await store.connectPairingInput()
    |                     `- warning: result of call to 'connectPairingInput(allowPreview:pairedMacDeviceID:instanceTag:)' is unused [#no-usage]
 37 | 
 38 |         #expect(store.connectionState == MobileConnectionState.connected)

/private/tmp/cmux-verify-20260908170330-19681-7317/source-e8fda62191/Packages/iOS/CmuxMobileShell/Tests/CmuxMobileShellTests/TailscalePairingRegressionTests.swift:118:21: warning: result of call to 'connectPairingInput(allowPreview:pairedMacDeviceID:instanceTag:)' is unused [#no-usage]
116 |         store.pairingCode = try attachURL(for: ticket)
117 | 
118 |         await store.connectPairingInput()
    |                     `- warning: result of call to 'connectPairingInput(allowPreview:pairedMacDeviceID:instanceTag:)' is unused [#no-usage]
119 | 
120 |         #expect(store.connectionState == MobileConnectionState.connected)

/private/tmp/cmux-verify-20260908170330-19681-7317/source-e8fda62191/Packages/iOS/CmuxMobileShell/Tests/CmuxMobileShellTests/TailscalePairingRegressionTests.swift:230:21: warning: result of call to 'connectPairingInput(allowPreview:pairedMacDeviceID:instanceTag:)' is unused [#no-usage]
228 |         store.pairingCode = currentQRCode()
229 | 
230 |         await store.connectPairingInput()
    |                     `- warning: result of call to 'connectPairingInput(allowPreview:pairedMacDeviceID:instanceTag:)' is unused [#no-usage]
231 | 
232 |         let saved = try #require(await pairedMacStore.activeMac(stackUserID: "phone-user"))
[937/1059] Compiling CmuxMobileShellTests TerminalOutputTransportSelectionTests.swift
/private/tmp/cmux-verify-20260908170330-19681-7317/source-e8fda62191/Packages/iOS/CmuxMobileShell/Tests/CmuxMobileShellTests/TailscalePairingRegressionTests.swift:36:21: warning: result of call to 'connectPairingInput(allowPreview:pairedMacDeviceID:instanceTag:)' is unused [#no-usage]
 34 |         store.pairingCode = currentQRCode()
 35 | 
 36 |         await store.connectPairingInput()
    |                     `- warning: result of call to 'connectPairingInput(allowPreview:pairedMacDeviceID:instanceTag:)' is unused [#no-usage]
 37 | 
 38 |         #expect(store.connectionState == MobileConnectionState.connected)

/private/tmp/cmux-verify-20260908170330-19681-7317/source-e8fda62191/Packages/iOS/CmuxMobileShell/Tests/CmuxMobileShellTests/TailscalePairingRegressionTests.swift:118:21: warning: result of call to 'connectPairingInput(allowPreview:pairedMacDeviceID:instanceTag:)' is unused [#no-usage]
116 |         store.pairingCode = try attachURL(for: ticket)
117 | 
118 |         await store.connectPairingInput()
    |                     `- warning: result of call to 'connectPairingInput(allowPreview:pairedMacDeviceID:instanceTag:)' is unused [#no-usage]
119 | 
120 |         #expect(store.connectionState == MobileConnectionState.connected)

/private/tmp/cmux-verify-20260908170330-19681-7317/source-e8fda62191/Packages/iOS/CmuxMobileShell/Tests/CmuxMobileShellTests/TailscalePairingRegressionTests.swift:230:21: warning: result of call to 'connectPairingInput(allowPreview:pairedMacDeviceID:instanceTag:)' is unused [#no-usage]
228 |         store.pairingCode = currentQRCode()
229 | 
230 |         await store.connectPairingInput()
    |                     `- warning: result of call to 'connectPairingInput(allowPreview:pairedMacDeviceID:instanceTag:)' is unused [#no-usage]
231 | 
232 |         let saved = try #require(await pairedMacStore.activeMac(stackUserID: "phone-user"))
[938/1059] Compiling CmuxMobileShellTests TerminalRawInputOrderingTestSupport.swift
/private/tmp/cmux-verify-20260908170330-19681-7317/source-e8fda62191/Packages/iOS/CmuxMobileShell/Tests/CmuxMobileShellTests/TailscalePairingRegressionTests.swift:36:21: warning: result of call to 'connectPairingInput(allowPreview:pairedMacDeviceID:instanceTag:)' is unused [#no-usage]
 34 |         store.pairingCode = currentQRCode()
 35 | 
 36 |         await store.connectPairingInput()
    |                     `- warning: result of call to 'connectPairingInput(allowPreview:pairedMacDeviceID:instanceTag:)' is unused [#no-usage]
 37 | 
 38 |         #expect(store.connectionState == MobileConnectionState.connected)

/private/tmp/cmux-verify-20260908170330-19681-7317/source-e8fda62191/Packages/iOS/CmuxMobileShell/Tests/CmuxMobileShellTests/TailscalePairingRegressionTests.swift:118:21: warning: result of call to 'connectPairingInput(allowPreview:pairedMacDeviceID:instanceTag:)' is unused [#no-usage]
116 |         store.pairingCode = try attachURL(for: ticket)
117 | 
118 |         await store.connectPairingInput()
    |                     `- warning: result of call to 'connectPairingInput(allowPreview:pairedMacDeviceID:instanceTag:)' is unused [#no-usage]
119 | 
120 |         #expect(store.connectionState == MobileConnectionState.connected)

/private/tmp/cmux-verify-20260908170330-19681-7317/source-e8fda62191/Packages/iOS/CmuxMobileShell/Tests/CmuxMobileShellTests/TailscalePairingRegressionTests.swift:230:21: warning: result of call to 'connectPairingInput(allowPreview:pairedMacDeviceID:instanceTag:)' is unused [#no-usage]
228 |         store.pairingCode = currentQRCode()
229 | 
230 |         await store.connectPairingInput()
    |                     `- warning: result of call to 'connectPairingInput(allowPreview:pairedMacDeviceID:instanceTag:)' is unused [#no-usage]
231 | 
232 |         let saved = try #require(await pairedMacStore.activeMac(stackUserID: "phone-user"))
[939/1059] Compiling CmuxMobileShellTests TerminalRawInputOrderingTests.swift
/private/tmp/cmux-verify-20260908170330-19681-7317/source-e8fda62191/Packages/iOS/CmuxMobileShell/Tests/CmuxMobileShellTests/TailscalePairingRegressionTests.swift:36:21: warning: result of call to 'connectPairingInput(allowPreview:pairedMacDeviceID:instanceTag:)' is unused [#no-usage]
 34 |         store.pairingCode = currentQRCode()
 35 | 
 36 |         await store.connectPairingInput()
    |                     `- warning: result of call to 'connectPairingInput(allowPreview:pairedMacDeviceID:instanceTag:)' is unused [#no-usage]
 37 | 
 38 |         #expect(store.connectionState == MobileConnectionState.connected)

/private/tmp/cmux-verify-20260908170330-19681-7317/source-e8fda62191/Packages/iOS/CmuxMobileShell/Tests/CmuxMobileShellTests/TailscalePairingRegressionTests.swift:118:21: warning: result of call to 'connectPairingInput(allowPreview:pairedMacDeviceID:instanceTag:)' is unused [#no-usage]
116 |         store.pairingCode = try attachURL(for: ticket)
117 | 
118 |         await store.connectPairingInput()
    |                     `- warning: result of call to 'connectPairingInput(allowPreview:pairedMacDeviceID:instanceTag:)' is unused [#no-usage]
119 | 
120 |         #expect(store.connectionState == MobileConnectionState.connected)

/private/tmp/cmux-verify-20260908170330-19681-7317/source-e8fda62191/Packages/iOS/CmuxMobileShell/Tests/CmuxMobileShellTests/TailscalePairingRegressionTests.swift:230:21: warning: result of call to 'connectPairingInput(allowPreview:pairedMacDeviceID:instanceTag:)' is unused [#no-usage]
228 |         store.pairingCode = currentQRCode()
229 | 
230 |         await store.connectPairingInput()
    |                     `- warning: result of call to 'connectPairingInput(allowPreview:pairedMacDeviceID:instanceTag:)' is unused [#no-usage]
231 | 
232 |         let saved = try #require(await pairedMacStore.activeMac(stackUserID: "phone-user"))
[940/1059] Compiling CmuxMobileShellTests TerminalReconnectSnapshotTests.swift
/private/tmp/cmux-verify-20260908170330-19681-7317/source-e8fda62191/Packages/iOS/CmuxMobileShell/Tests/CmuxMobileShellTests/TailscalePairingRegressionTests.swift:36:21: warning: result of call to 'connectPairingInput(allowPreview:pairedMacDeviceID:instanceTag:)' is unused [#no-usage]
 34 |         store.pairingCode = currentQRCode()
 35 | 
 36 |         await store.connectPairingInput()
    |                     `- warning: result of call to 'connectPairingInput(allowPreview:pairedMacDeviceID:instanceTag:)' is unused [#no-usage]
 37 | 
 38 |         #expect(store.connectionState == MobileConnectionState.connected)

/private/tmp/cmux-verify-20260908170330-19681-7317/source-e8fda62191/Packages/iOS/CmuxMobileShell/Tests/CmuxMobileShellTests/TailscalePairingRegressionTests.swift:118:21: warning: result of call to 'connectPairingInput(allowPreview:pairedMacDeviceID:instanceTag:)' is unused [#no-usage]
116 |         store.pairingCode = try attachURL(for: ticket)
117 | 
118 |         await store.connectPairingInput()
    |                     `- warning: result of call to 'connectPairingInput(allowPreview:pairedMacDeviceID:instanceTag:)' is unused [#no-usage]
119 | 
120 |         #expect(store.connectionState == MobileConnectionState.connected)

/private/tmp/cmux-verify-20260908170330-19681-7317/source-e8fda62191/Packages/iOS/CmuxMobileShell/Tests/CmuxMobileShellTests/TailscalePairingRegressionTests.swift:230:21: warning: result of call to 'connectPairingInput(allowPreview:pairedMacDeviceID:instanceTag:)' is unused [#no-usage]
228 |         store.pairingCode = currentQRCode()
229 | 
230 |         await store.connectPairingInput()
    |                     `- warning: result of call to 'connectPairingInput(allowPreview:pairedMacDeviceID:instanceTag:)' is unused [#no-usage]
231 | 
232 |         let saved = try #require(await pairedMacStore.activeMac(stackUserID: "phone-user"))
[941/1059] Compiling CmuxMobileShellTests TerminalRenderGridRevisionChainGateTests.swift
/private/tmp/cmux-verify-20260908170330-19681-7317/source-e8fda62191/Packages/iOS/CmuxMobileShell/Tests/CmuxMobileShellTests/TailscalePairingRegressionTests.swift:36:21: warning: result of call to 'connectPairingInput(allowPreview:pairedMacDeviceID:instanceTag:)' is unused [#no-usage]
 34 |         store.pairingCode = currentQRCode()
 35 | 
 36 |         await store.connectPairingInput()
    |                     `- warning: result of call to 'connectPairingInput(allowPreview:pairedMacDeviceID:instanceTag:)' is unused [#no-usage]
 37 | 
 38 |         #expect(store.connectionState == MobileConnectionState.connected)

/private/tmp/cmux-verify-20260908170330-19681-7317/source-e8fda62191/Packages/iOS/CmuxMobileShell/Tests/CmuxMobileShellTests/TailscalePairingRegressionTests.swift:118:21: warning: result of call to 'connectPairingInput(allowPreview:pairedMacDeviceID:instanceTag:)' is unused [#no-usage]
116 |         store.pairingCode = try attachURL(for: ticket)
117 | 
118 |         await store.connectPairingInput()
    |                     `- warning: result of call to 'connectPairingInput(allowPreview:pairedMacDeviceID:instanceTag:)' is unused [#no-usage]
119 | 
120 |         #expect(store.connectionState == MobileConnectionState.connected)

/private/tmp/cmux-verify-20260908170330-19681-7317/source-e8fda62191/Packages/iOS/CmuxMobileShell/Tests/CmuxMobileShellTests/TailscalePairingRegressionTests.swift:230:21: warning: result of call to 'connectPairingInput(allowPreview:pairedMacDeviceID:instanceTag:)' is unused [#no-usage]
228 |         store.pairingCode = currentQRCode()
229 | 
230 |         await store.connectPairingInput()
    |                     `- warning: result of call to 'connectPairingInput(allowPreview:pairedMacDeviceID:instanceTag:)' is unused [#no-usage]
231 | 
232 |         let saved = try #require(await pairedMacStore.activeMac(stackUserID: "phone-user"))
[942/1059] Compiling CmuxMobileShellTests TerminalReplayBarrierAckResetTests.swift
/private/tmp/cmux-verify-20260908170330-19681-7317/source-e8fda62191/Packages/iOS/CmuxMobileShell/Tests/CmuxMobileShellTests/TailscalePairingRegressionTests.swift:36:21: warning: result of call to 'connectPairingInput(allowPreview:pairedMacDeviceID:instanceTag:)' is unused [#no-usage]
 34 |         store.pairingCode = currentQRCode()
 35 | 
 36 |         await store.connectPairingInput()
    |                     `- warning: result of call to 'connectPairingInput(allowPreview:pairedMacDeviceID:instanceTag:)' is unused [#no-usage]
 37 | 
 38 |         #expect(store.connectionState == MobileConnectionState.connected)

/private/tmp/cmux-verify-20260908170330-19681-7317/source-e8fda62191/Packages/iOS/CmuxMobileShell/Tests/CmuxMobileShellTests/TailscalePairingRegressionTests.swift:118:21: warning: result of call to 'connectPairingInput(allowPreview:pairedMacDeviceID:instanceTag:)' is unused [#no-usage]
116 |         store.pairingCode = try attachURL(for: ticket)
117 | 
118 |         await store.connectPairingInput()
    |                     `- warning: result of call to 'connectPairingInput(allowPreview:pairedMacDeviceID:instanceTag:)' is unused [#no-usage]
119 | 
120 |         #expect(store.connectionState == MobileConnectionState.connected)

/private/tmp/cmux-verify-20260908170330-19681-7317/source-e8fda62191/Packages/iOS/CmuxMobileShell/Tests/CmuxMobileShellTests/TailscalePairingRegressionTests.swift:230:21: warning: result of call to 'connectPairingInput(allowPreview:pairedMacDeviceID:instanceTag:)' is unused [#no-usage]
228 |         store.pairingCode = currentQRCode()
229 | 
230 |         await store.connectPairingInput()
    |                     `- warning: result of call to 'connectPairingInput(allowPreview:pairedMacDeviceID:instanceTag:)' is unused [#no-usage]
231 | 
232 |         let saved = try #require(await pairedMacStore.activeMac(stackUserID: "phone-user"))
[943/1059] Compiling CmuxMobileShellTests TerminalReplayBarrierFollowUpTests.swift
/private/tmp/cmux-verify-20260908170330-19681-7317/source-e8fda62191/Packages/iOS/CmuxMobileShell/Tests/CmuxMobileShellTests/TailscalePairingRegressionTests.swift:36:21: warning: result of call to 'connectPairingInput(allowPreview:pairedMacDeviceID:instanceTag:)' is unused [#no-usage]
 34 |         store.pairingCode = currentQRCode()
 35 | 
 36 |         await store.connectPairingInput()
    |                     `- warning: result of call to 'connectPairingInput(allowPreview:pairedMacDeviceID:instanceTag:)' is unused [#no-usage]
 37 | 
 38 |         #expect(store.connectionState == MobileConnectionState.connected)

/private/tmp/cmux-verify-20260908170330-19681-7317/source-e8fda62191/Packages/iOS/CmuxMobileShell/Tests/CmuxMobileShellTests/TailscalePairingRegressionTests.swift:118:21: warning: result of call to 'connectPairingInput(allowPreview:pairedMacDeviceID:instanceTag:)' is unused [#no-usage]
116 |         store.pairingCode = try attachURL(for: ticket)
117 | 
118 |         await store.connectPairingInput()
    |                     `- warning: result of call to 'connectPairingInput(allowPreview:pairedMacDeviceID:instanceTag:)' is unused [#no-usage]
119 | 
120 |         #expect(store.connectionState == MobileConnectionState.connected)

/private/tmp/cmux-verify-20260908170330-19681-7317/source-e8fda62191/Packages/iOS/CmuxMobileShell/Tests/CmuxMobileShellTests/TailscalePairingRegressionTests.swift:230:21: warning: result of call to 'connectPairingInput(allowPreview:pairedMacDeviceID:instanceTag:)' is unused [#no-usage]
228 |         store.pairingCode = currentQRCode()
229 | 
230 |         await store.connectPairingInput()
    |                     `- warning: result of call to 'connectPairingInput(allowPreview:pairedMacDeviceID:instanceTag:)' is unused [#no-usage]
231 | 
232 |         let saved = try #require(await pairedMacStore.activeMac(stackUserID: "phone-user"))
[944/1059] Compiling CmuxMobileShellTests TerminalReplayOutputQueueTests.swift
/private/tmp/cmux-verify-20260908170330-19681-7317/source-e8fda62191/Packages/iOS/CmuxMobileShell/Tests/CmuxMobileShellTests/TailscalePairingRegressionTests.swift:36:21: warning: result of call to 'connectPairingInput(allowPreview:pairedMacDeviceID:instanceTag:)' is unused [#no-usage]
 34 |         store.pairingCode = currentQRCode()
 35 | 
 36 |         await store.connectPairingInput()
    |                     `- warning: result of call to 'connectPairingInput(allowPreview:pairedMacDeviceID:instanceTag:)' is unused [#no-usage]
 37 | 
 38 |         #expect(store.connectionState == MobileConnectionState.connected)

/private/tmp/cmux-verify-20260908170330-19681-7317/source-e8fda62191/Packages/iOS/CmuxMobileShell/Tests/CmuxMobileShellTests/TailscalePairingRegressionTests.swift:118:21: warning: result of call to 'connectPairingInput(allowPreview:pairedMacDeviceID:instanceTag:)' is unused [#no-usage]
116 |         store.pairingCode = try attachURL(for: ticket)
117 | 
118 |         await store.connectPairingInput()
    |                     `- warning: result of call to 'connectPairingInput(allowPreview:pairedMacDeviceID:instanceTag:)' is unused [#no-usage]
119 | 
120 |         #expect(store.connectionState == MobileConnectionState.connected)

/private/tmp/cmux-verify-20260908170330-19681-7317/source-e8fda62191/Packages/iOS/CmuxMobileShell/Tests/CmuxMobileShellTests/TailscalePairingRegressionTests.swift:230:21: warning: result of call to 'connectPairingInput(allowPreview:pairedMacDeviceID:instanceTag:)' is unused [#no-usage]
228 |         store.pairingCode = currentQRCode()
229 | 
230 |         await store.connectPairingInput()
    |                     `- warning: result of call to 'connectPairingInput(allowPreview:pairedMacDeviceID:instanceTag:)' is unused [#no-usage]
231 | 
232 |         let saved = try #require(await pairedMacStore.activeMac(stackUserID: "phone-user"))
[945/1059] Compiling CmuxMobileShellTests MobileTaskTemplateStoreTests.swift
[946/1059] Compiling CmuxMobileShellTests MobileTerminalLaneCoordinatorTests.swift
[947/1059] Compiling CmuxMobileShellTests MobileTerminalViewportSequenceKeyTests.swift
[948/1059] Compiling CmuxMobileShellTests MobileWorkspaceChangesHintTests.swift
[949/1059] Compiling CmuxMobileShellTests MultiMacAggregationFlagTests.swift
[950/1059] Compiling CmuxMobileShellTests MutableBackup.swift
[951/1059] Compiling CmuxMobileShellTests MutableTeam.swift
[952/1059] Compiling CmuxMobileShellTests MutableTeamID.swift
[953/1059] Compiling CmuxMobileShellTests NotificationResponseEntry.swift
[954/1059] Compiling CmuxMobileShellTests PairedMacBackupEchoRoutingTests.swift
[955/1059] Compiling CmuxMobileShellTests PairedMacBackupIrohPrivacyTests.swift
[956/1059] Compiling CmuxMobileShellTests PairedMacBackupMigrationTests.swift
[957/1059] Compiling CmuxMobileShellTests PairedMacBackupMigrationURLProtocol.swift
[958/1059] Compiling CmuxMobileShellTests PairedMacBackupTeamRoutingTests.swift
[959/1059] Compiling CmuxMobileShellTests PairedMacBackupTests.swift
[960/1059] Compiling CmuxMobileShellTests PairedMacInstanceTagBackupTests.swift
[961/1059] Compiling CmuxMobileShellTests PairedMacMigrationClock.swift
[962/1059] Compiling CmuxMobileShellTests PairedMacPendingDeleteReplayTests.swift
[963/1059] Compiling CmuxMobileShellTests PairingDeadlineRuntime.swift
[964/1059] Compiling CmuxMobileShellTests AlwaysOnlineReachability.swift
/private/tmp/cmux-verify-20260908170330-19681-7317/source-e8fda62191/Packages/iOS/CmuxMobileShell/Tests/CmuxMobileShellTests/ComposerSubmitRoutingTests.swift:30:22: warning: expression of type 'Bool' is unused [#no-usage]
 28 | 
 29 |         await router.releaseFirstPasteImage()
 30 |         await submit.value
    |                      `- warning: expression of type 'Bool' is unused [#no-usage]
 31 | 
 32 |         #expect(store.terminalSendStatus(forTerminalID: terminalID) == .sent)

/private/tmp/cmux-verify-20260908170330-19681-7317/source-e8fda62191/Packages/iOS/CmuxMobileShell/Tests/CmuxMobileShellTests/ComposerSubmitRoutingTests.swift:116:22: warning: expression of type 'Bool' is unused [#no-usage]
114 |         store.selectTerminal(MobileTerminalPreview.ID(rawValue: termB))
115 |         await router.releaseFirstPasteImage()
116 |         await submit.value
    |                      `- warning: expression of type 'Bool' is unused [#no-usage]
117 | 
118 |         let images = await router.recordedPasteImages()

/private/tmp/cmux-verify-20260908170330-19681-7317/source-e8fda62191/Packages/iOS/CmuxMobileShell/Tests/CmuxMobileShellTests/ComposerSubmitRoutingTests.swift:151:22: warning: expression of type 'Bool' is unused [#no-usage]
149 |         store.terminalInputText = "edited after send"
150 |         await router.releaseFirstPasteImage()
151 |         await submit.value
    |                      `- warning: expression of type 'Bool' is unused [#no-usage]
152 | 
153 |         let pastes = await router.recordedPastes()

/private/tmp/cmux-verify-20260908170330-19681-7317/source-e8fda62191/Packages/iOS/CmuxMobileShell/Tests/CmuxMobileShellTests/ComposerSubmitRoutingTests.swift:184:22: warning: expression of type 'Bool' is unused [#no-usage]
182 |         store.terminalInputText = "b-draft"
183 |         await router.releaseFirstPasteImage()
184 |         await submit.value
    |                      `- warning: expression of type 'Bool' is unused [#no-usage]
185 | 
186 |         let pastes = await router.recordedPastes()

/private/tmp/cmux-verify-20260908170330-19681-7317/source-e8fda62191/Packages/iOS/CmuxMobileShell/Tests/CmuxMobileShellTests/ComposerSubmitRoutingTests.swift:211:22: warning: expression of type 'Bool' is unused [#no-usage]
209 |         await router.awaitFirstPasteImageReached()
210 |         let second = Task { await store.submitComposer() }
211 |         await second.value
    |                      `- warning: expression of type 'Bool' is unused [#no-usage]
212 |         await router.releaseFirstPasteImage()
213 |         await first.value

/private/tmp/cmux-verify-20260908170330-19681-7317/source-e8fda62191/Packages/iOS/CmuxMobileShell/Tests/CmuxMobileShellTests/ComposerSubmitRoutingTests.swift:213:21: warning: expression of type 'Bool' is unused [#no-usage]
211 |         await second.value
212 |         await router.releaseFirstPasteImage()
213 |         await first.value
    |                     `- warning: expression of type 'Bool' is unused [#no-usage]
214 | 
215 |         let images = await router.recordedPasteImages()

/private/tmp/cmux-verify-20260908170330-19681-7317/source-e8fda62191/Packages/iOS/CmuxMobileShell/Tests/CmuxMobileShellTests/ComposerSubmitRoutingTests.swift:271:22: warning: expression of type 'Bool' is unused [#no-usage]
269 |         store.removePendingAttachment(id: secondID, forTerminalID: termA)
270 |         await router.releaseFirstPasteImage()
271 |         await submit.value
    |                      `- warning: expression of type 'Bool' is unused [#no-usage]
272 | 
273 |         let images = await router.recordedPasteImages()

/private/tmp/cmux-verify-20260908170330-19681-7317/source-e8fda62191/Packages/iOS/CmuxMobileShell/Tests/CmuxMobileShellTests/ComposerSubmitRoutingTests.swift:337:22: warning: expression of type 'Bool' is unused [#no-usage]
335 |         try installFreshRemoteClient(on: store, router: newRouter)
336 |         await firstRouter.releaseFirstPasteImage()
337 |         await submit.value
    |                      `- warning: expression of type 'Bool' is unused [#no-usage]
338 | 
339 |         // The first image reached the OLD session (it was already in flight); the

/private/tmp/cmux-verify-20260908170330-19681-7317/source-e8fda62191/Packages/iOS/CmuxMobileShell/Tests/CmuxMobileShellTests/ComposerSubmitRoutingTests.swift:376:22: warning: expression of type 'Bool' is unused [#no-usage]
374 |         try installFreshRemoteClient(on: store, router: newRouter)
375 |         await firstRouter.releaseFirstPasteImage()
376 |         await submit.value
    |                      `- warning: expression of type 'Bool' is unused [#no-usage]
377 | 
378 |         // Only the in-flight first image reached the old connection; nothing else.
[965/1059] Compiling CmuxMobileShellTests ComposerDefaultOpenTests.swift
/private/tmp/cmux-verify-20260908170330-19681-7317/source-e8fda62191/Packages/iOS/CmuxMobileShell/Tests/CmuxMobileShellTests/ComposerSubmitRoutingTests.swift:30:22: warning: expression of type 'Bool' is unused [#no-usage]
 28 | 
 29 |         await router.releaseFirstPasteImage()
 30 |         await submit.value
    |                      `- warning: expression of type 'Bool' is unused [#no-usage]
 31 | 
 32 |         #expect(store.terminalSendStatus(forTerminalID: terminalID) == .sent)

/private/tmp/cmux-verify-20260908170330-19681-7317/source-e8fda62191/Packages/iOS/CmuxMobileShell/Tests/CmuxMobileShellTests/ComposerSubmitRoutingTests.swift:116:22: warning: expression of type 'Bool' is unused [#no-usage]
114 |         store.selectTerminal(MobileTerminalPreview.ID(rawValue: termB))
115 |         await router.releaseFirstPasteImage()
116 |         await submit.value
    |                      `- warning: expression of type 'Bool' is unused [#no-usage]
117 | 
118 |         let images = await router.recordedPasteImages()

/private/tmp/cmux-verify-20260908170330-19681-7317/source-e8fda62191/Packages/iOS/CmuxMobileShell/Tests/CmuxMobileShellTests/ComposerSubmitRoutingTests.swift:151:22: warning: expression of type 'Bool' is unused [#no-usage]
149 |         store.terminalInputText = "edited after send"
150 |         await router.releaseFirstPasteImage()
151 |         await submit.value
    |                      `- warning: expression of type 'Bool' is unused [#no-usage]
152 | 
153 |         let pastes = await router.recordedPastes()

/private/tmp/cmux-verify-20260908170330-19681-7317/source-e8fda62191/Packages/iOS/CmuxMobileShell/Tests/CmuxMobileShellTests/ComposerSubmitRoutingTests.swift:184:22: warning: expression of type 'Bool' is unused [#no-usage]
182 |         store.terminalInputText = "b-draft"
183 |         await router.releaseFirstPasteImage()
184 |         await submit.value
    |                      `- warning: expression of type 'Bool' is unused [#no-usage]
185 | 
186 |         let pastes = await router.recordedPastes()

/private/tmp/cmux-verify-20260908170330-19681-7317/source-e8fda62191/Packages/iOS/CmuxMobileShell/Tests/CmuxMobileShellTests/ComposerSubmitRoutingTests.swift:211:22: warning: expression of type 'Bool' is unused [#no-usage]
209 |         await router.awaitFirstPasteImageReached()
210 |         let second = Task { await store.submitComposer() }
211 |         await second.value
    |                      `- warning: expression of type 'Bool' is unused [#no-usage]
212 |         await router.releaseFirstPasteImage()
213 |         await first.value

/private/tmp/cmux-verify-20260908170330-19681-7317/source-e8fda62191/Packages/iOS/CmuxMobileShell/Tests/CmuxMobileShellTests/ComposerSubmitRoutingTests.swift:213:21: warning: expression of type 'Bool' is unused [#no-usage]
211 |         await second.value
212 |         await router.releaseFirstPasteImage()
213 |         await first.value
    |                     `- warning: expression of type 'Bool' is unused [#no-usage]
214 | 
215 |         let images = await router.recordedPasteImages()

/private/tmp/cmux-verify-20260908170330-19681-7317/source-e8fda62191/Packages/iOS/CmuxMobileShell/Tests/CmuxMobileShellTests/ComposerSubmitRoutingTests.swift:271:22: warning: expression of type 'Bool' is unused [#no-usage]
269 |         store.removePendingAttachment(id: secondID, forTerminalID: termA)
270 |         await router.releaseFirstPasteImage()
271 |         await submit.value
    |                      `- warning: expression of type 'Bool' is unused [#no-usage]
272 | 
273 |         let images = await router.recordedPasteImages()

/private/tmp/cmux-verify-20260908170330-19681-7317/source-e8fda62191/Packages/iOS/CmuxMobileShell/Tests/CmuxMobileShellTests/ComposerSubmitRoutingTests.swift:337:22: warning: expression of type 'Bool' is unused [#no-usage]
335 |         try installFreshRemoteClient(on: store, router: newRouter)
336 |         await firstRouter.releaseFirstPasteImage()
337 |         await submit.value
    |                      `- warning: expression of type 'Bool' is unused [#no-usage]
338 | 
339 |         // The first image reached the OLD session (it was already in flight); the

/private/tmp/cmux-verify-20260908170330-19681-7317/source-e8fda62191/Packages/iOS/CmuxMobileShell/Tests/CmuxMobileShellTests/ComposerSubmitRoutingTests.swift:376:22: warning: expression of type 'Bool' is unused [#no-usage]
374 |         try installFreshRemoteClient(on: store, router: newRouter)
375 |         await firstRouter.releaseFirstPasteImage()
376 |         await submit.value
    |                      `- warning: expression of type 'Bool' is unused [#no-usage]
377 | 
378 |         // Only the in-flight first image reached the old connection; nothing else.
[966/1059] Compiling CmuxMobileShellTests ComposerFileAttachmentSubmitTests.swift
/private/tmp/cmux-verify-20260908170330-19681-7317/source-e8fda62191/Packages/iOS/CmuxMobileShell/Tests/CmuxMobileShellTests/ComposerSubmitRoutingTests.swift:30:22: warning: expression of type 'Bool' is unused [#no-usage]
 28 | 
 29 |         await router.releaseFirstPasteImage()
 30 |         await submit.value
    |                      `- warning: expression of type 'Bool' is unused [#no-usage]
 31 | 
 32 |         #expect(store.terminalSendStatus(forTerminalID: terminalID) == .sent)

/private/tmp/cmux-verify-20260908170330-19681-7317/source-e8fda62191/Packages/iOS/CmuxMobileShell/Tests/CmuxMobileShellTests/ComposerSubmitRoutingTests.swift:116:22: warning: expression of type 'Bool' is unused [#no-usage]
114 |         store.selectTerminal(MobileTerminalPreview.ID(rawValue: termB))
115 |         await router.releaseFirstPasteImage()
116 |         await submit.value
    |                      `- warning: expression of type 'Bool' is unused [#no-usage]
117 | 
118 |         let images = await router.recordedPasteImages()

/private/tmp/cmux-verify-20260908170330-19681-7317/source-e8fda62191/Packages/iOS/CmuxMobileShell/Tests/CmuxMobileShellTests/ComposerSubmitRoutingTests.swift:151:22: warning: expression of type 'Bool' is unused [#no-usage]
149 |         store.terminalInputText = "edited after send"
150 |         await router.releaseFirstPasteImage()
151 |         await submit.value
    |                      `- warning: expression of type 'Bool' is unused [#no-usage]
152 | 
153 |         let pastes = await router.recordedPastes()

/private/tmp/cmux-verify-20260908170330-19681-7317/source-e8fda62191/Packages/iOS/CmuxMobileShell/Tests/CmuxMobileShellTests/ComposerSubmitRoutingTests.swift:184:22: warning: expression of type 'Bool' is unused [#no-usage]
182 |         store.terminalInputText = "b-draft"
183 |         await router.releaseFirstPasteImage()
184 |         await submit.value
    |                      `- warning: expression of type 'Bool' is unused [#no-usage]
185 | 
186 |         let pastes = await router.recordedPastes()

/private/tmp/cmux-verify-20260908170330-19681-7317/source-e8fda62191/Packages/iOS/CmuxMobileShell/Tests/CmuxMobileShellTests/ComposerSubmitRoutingTests.swift:211:22: warning: expression of type 'Bool' is unused [#no-usage]
209 |         await router.awaitFirstPasteImageReached()
210 |         let second = Task { await store.submitComposer() }
211 |         await second.value
    |                      `- warning: expression of type 'Bool' is unused [#no-usage]
212 |         await router.releaseFirstPasteImage()
213 |         await first.value

/private/tmp/cmux-verify-20260908170330-19681-7317/source-e8fda62191/Packages/iOS/CmuxMobileShell/Tests/CmuxMobileShellTests/ComposerSubmitRoutingTests.swift:213:21: warning: expression of type 'Bool' is unused [#no-usage]
211 |         await second.value
212 |         await router.releaseFirstPasteImage()
213 |         await first.value
    |                     `- warning: expression of type 'Bool' is unused [#no-usage]
214 | 
215 |         let images = await router.recordedPasteImages()

/private/tmp/cmux-verify-20260908170330-19681-7317/source-e8fda62191/Packages/iOS/CmuxMobileShell/Tests/CmuxMobileShellTests/ComposerSubmitRoutingTests.swift:271:22: warning: expression of type 'Bool' is unused [#no-usage]
269 |         store.removePendingAttachment(id: secondID, forTerminalID: termA)
270 |         await router.releaseFirstPasteImage()
271 |         await submit.value
    |                      `- warning: expression of type 'Bool' is unused [#no-usage]
272 | 
273 |         let images = await router.recordedPasteImages()

/private/tmp/cmux-verify-20260908170330-19681-7317/source-e8fda62191/Packages/iOS/CmuxMobileShell/Tests/CmuxMobileShellTests/ComposerSubmitRoutingTests.swift:337:22: warning: expression of type 'Bool' is unused [#no-usage]
335 |         try installFreshRemoteClient(on: store, router: newRouter)
336 |         await firstRouter.releaseFirstPasteImage()
337 |         await submit.value
    |                      `- warning: expression of type 'Bool' is unused [#no-usage]
338 | 
339 |         // The first image reached the OLD session (it was already in flight); the

/private/tmp/cmux-verify-20260908170330-19681-7317/source-e8fda62191/Packages/iOS/CmuxMobileShell/Tests/CmuxMobileShellTests/ComposerSubmitRoutingTests.swift:376:22: warning: expression of type 'Bool' is unused [#no-usage]
374 |         try installFreshRemoteClient(on: store, router: newRouter)
375 |         await firstRouter.releaseFirstPasteImage()
376 |         await submit.value
    |                      `- warning: expression of type 'Bool' is unused [#no-usage]
377 | 
378 |         // Only the in-flight first image reached the old connection; nothing else.
[967/1059] Compiling CmuxMobileShellTests ComposerPendingAttachmentTests.swift
/private/tmp/cmux-verify-20260908170330-19681-7317/source-e8fda62191/Packages/iOS/CmuxMobileShell/Tests/CmuxMobileShellTests/ComposerSubmitRoutingTests.swift:30:22: warning: expression of type 'Bool' is unused [#no-usage]
 28 | 
 29 |         await router.releaseFirstPasteImage()
 30 |         await submit.value
    |                      `- warning: expression of type 'Bool' is unused [#no-usage]
 31 | 
 32 |         #expect(store.terminalSendStatus(forTerminalID: terminalID) == .sent)

/private/tmp/cmux-verify-20260908170330-19681-7317/source-e8fda62191/Packages/iOS/CmuxMobileShell/Tests/CmuxMobileShellTests/ComposerSubmitRoutingTests.swift:116:22: warning: expression of type 'Bool' is unused [#no-usage]
114 |         store.selectTerminal(MobileTerminalPreview.ID(rawValue: termB))
115 |         await router.releaseFirstPasteImage()
116 |         await submit.value
    |                      `- warning: expression of type 'Bool' is unused [#no-usage]
117 | 
118 |         let images = await router.recordedPasteImages()

/private/tmp/cmux-verify-20260908170330-19681-7317/source-e8fda62191/Packages/iOS/CmuxMobileShell/Tests/CmuxMobileShellTests/ComposerSubmitRoutingTests.swift:151:22: warning: expression of type 'Bool' is unused [#no-usage]
149 |         store.terminalInputText = "edited after send"
150 |         await router.releaseFirstPasteImage()
151 |         await submit.value
    |                      `- warning: expression of type 'Bool' is unused [#no-usage]
152 | 
153 |         let pastes = await router.recordedPastes()

/private/tmp/cmux-verify-20260908170330-19681-7317/source-e8fda62191/Packages/iOS/CmuxMobileShell/Tests/CmuxMobileShellTests/ComposerSubmitRoutingTests.swift:184:22: warning: expression of type 'Bool' is unused [#no-usage]
182 |         store.terminalInputText = "b-draft"
183 |         await router.releaseFirstPasteImage()
184 |         await submit.value
    |                      `- warning: expression of type 'Bool' is unused [#no-usage]
185 | 
186 |         let pastes = await router.recordedPastes()

/private/tmp/cmux-verify-20260908170330-19681-7317/source-e8fda62191/Packages/iOS/CmuxMobileShell/Tests/CmuxMobileShellTests/ComposerSubmitRoutingTests.swift:211:22: warning: expression of type 'Bool' is unused [#no-usage]
209 |         await router.awaitFirstPasteImageReached()
210 |         let second = Task { await store.submitComposer() }
211 |         await second.value
    |                      `- warning: expression of type 'Bool' is unused [#no-usage]
212 |         await router.releaseFirstPasteImage()
213 |         await first.value

/private/tmp/cmux-verify-20260908170330-19681-7317/source-e8fda62191/Packages/iOS/CmuxMobileShell/Tests/CmuxMobileShellTests/ComposerSubmitRoutingTests.swift:213:21: warning: expression of type 'Bool' is unused [#no-usage]
211 |         await second.value
212 |         await router.releaseFirstPasteImage()
213 |         await first.value
    |                     `- warning: expression of type 'Bool' is unused [#no-usage]
214 | 
215 |         let images = await router.recordedPasteImages()

/private/tmp/cmux-verify-20260908170330-19681-7317/source-e8fda62191/Packages/iOS/CmuxMobileShell/Tests/CmuxMobileShellTests/ComposerSubmitRoutingTests.swift:271:22: warning: expression of type 'Bool' is unused [#no-usage]
269 |         store.removePendingAttachment(id: secondID, forTerminalID: termA)
270 |         await router.releaseFirstPasteImage()
271 |         await submit.value
    |                      `- warning: expression of type 'Bool' is unused [#no-usage]
272 | 
273 |         let images = await router.recordedPasteImages()

/private/tmp/cmux-verify-20260908170330-19681-7317/source-e8fda62191/Packages/iOS/CmuxMobileShell/Tests/CmuxMobileShellTests/ComposerSubmitRoutingTests.swift:337:22: warning: expression of type 'Bool' is unused [#no-usage]
335 |         try installFreshRemoteClient(on: store, router: newRouter)
336 |         await firstRouter.releaseFirstPasteImage()
337 |         await submit.value
    |                      `- warning: expression of type 'Bool' is unused [#no-usage]
338 | 
339 |         // The first image reached the OLD session (it was already in flight); the

/private/tmp/cmux-verify-20260908170330-19681-7317/source-e8fda62191/Packages/iOS/CmuxMobileShell/Tests/CmuxMobileShellTests/ComposerSubmitRoutingTests.swift:376:22: warning: expression of type 'Bool' is unused [#no-usage]
374 |         try installFreshRemoteClient(on: store, router: newRouter)
375 |         await firstRouter.releaseFirstPasteImage()
376 |         await submit.value
    |                      `- warning: expression of type 'Bool' is unused [#no-usage]
377 | 
378 |         // Only the in-flight first image reached the old connection; nothing else.
[968/1059] Compiling CmuxMobileShellTests ComposerSubmitDraftReconcileTests.swift
/private/tmp/cmux-verify-20260908170330-19681-7317/source-e8fda62191/Packages/iOS/CmuxMobileShell/Tests/CmuxMobileShellTests/ComposerSubmitRoutingTests.swift:30:22: warning: expression of type 'Bool' is unused [#no-usage]
 28 | 
 29 |         await router.releaseFirstPasteImage()
 30 |         await submit.value
    |                      `- warning: expression of type 'Bool' is unused [#no-usage]
 31 | 
 32 |         #expect(store.terminalSendStatus(forTerminalID: terminalID) == .sent)

/private/tmp/cmux-verify-20260908170330-19681-7317/source-e8fda62191/Packages/iOS/CmuxMobileShell/Tests/CmuxMobileShellTests/ComposerSubmitRoutingTests.swift:116:22: warning: expression of type 'Bool' is unused [#no-usage]
114 |         store.selectTerminal(MobileTerminalPreview.ID(rawValue: termB))
115 |         await router.releaseFirstPasteImage()
116 |         await submit.value
    |                      `- warning: expression of type 'Bool' is unused [#no-usage]
117 | 
118 |         let images = await router.recordedPasteImages()

/private/tmp/cmux-verify-20260908170330-19681-7317/source-e8fda62191/Packages/iOS/CmuxMobileShell/Tests/CmuxMobileShellTests/ComposerSubmitRoutingTests.swift:151:22: warning: expression of type 'Bool' is unused [#no-usage]
149 |         store.terminalInputText = "edited after send"
150 |         await router.releaseFirstPasteImage()
151 |         await submit.value
    |                      `- warning: expression of type 'Bool' is unused [#no-usage]
152 | 
153 |         let pastes = await router.recordedPastes()

/private/tmp/cmux-verify-20260908170330-19681-7317/source-e8fda62191/Packages/iOS/CmuxMobileShell/Tests/CmuxMobileShellTests/ComposerSubmitRoutingTests.swift:184:22: warning: expression of type 'Bool' is unused [#no-usage]
182 |         store.terminalInputText = "b-draft"
183 |         await router.releaseFirstPasteImage()
184 |         await submit.value
    |                      `- warning: expression of type 'Bool' is unused [#no-usage]
185 | 
186 |         let pastes = await router.recordedPastes()

/private/tmp/cmux-verify-20260908170330-19681-7317/source-e8fda62191/Packages/iOS/CmuxMobileShell/Tests/CmuxMobileShellTests/ComposerSubmitRoutingTests.swift:211:22: warning: expression of type 'Bool' is unused [#no-usage]
209 |         await router.awaitFirstPasteImageReached()
210 |         let second = Task { await store.submitComposer() }
211 |         await second.value
    |                      `- warning: expression of type 'Bool' is unused [#no-usage]
212 |         await router.releaseFirstPasteImage()
213 |         await first.value

/private/tmp/cmux-verify-20260908170330-19681-7317/source-e8fda62191/Packages/iOS/CmuxMobileShell/Tests/CmuxMobileShellTests/ComposerSubmitRoutingTests.swift:213:21: warning: expression of type 'Bool' is unused [#no-usage]
211 |         await second.value
212 |         await router.releaseFirstPasteImage()
213 |         await first.value
    |                     `- warning: expression of type 'Bool' is unused [#no-usage]
214 | 
215 |         let images = await router.recordedPasteImages()

/private/tmp/cmux-verify-20260908170330-19681-7317/source-e8fda62191/Packages/iOS/CmuxMobileShell/Tests/CmuxMobileShellTests/ComposerSubmitRoutingTests.swift:271:22: warning: expression of type 'Bool' is unused [#no-usage]
269 |         store.removePendingAttachment(id: secondID, forTerminalID: termA)
270 |         await router.releaseFirstPasteImage()
271 |         await submit.value
    |                      `- warning: expression of type 'Bool' is unused [#no-usage]
272 | 
273 |         let images = await router.recordedPasteImages()

/private/tmp/cmux-verify-20260908170330-19681-7317/source-e8fda62191/Packages/iOS/CmuxMobileShell/Tests/CmuxMobileShellTests/ComposerSubmitRoutingTests.swift:337:22: warning: expression of type 'Bool' is unused [#no-usage]
335 |         try installFreshRemoteClient(on: store, router: newRouter)
336 |         await firstRouter.releaseFirstPasteImage()
337 |         await submit.value
    |                      `- warning: expression of type 'Bool' is unused [#no-usage]
338 | 
339 |         // The first image reached the OLD session (it was already in flight); the

/private/tmp/cmux-verify-20260908170330-19681-7317/source-e8fda62191/Packages/iOS/CmuxMobileShell/Tests/CmuxMobileShellTests/ComposerSubmitRoutingTests.swift:376:22: warning: expression of type 'Bool' is unused [#no-usage]
374 |         try installFreshRemoteClient(on: store, router: newRouter)
375 |         await firstRouter.releaseFirstPasteImage()
376 |         await submit.value
    |                      `- warning: expression of type 'Bool' is unused [#no-usage]
377 | 
378 |         // Only the in-flight first image reached the old connection; nothing else.
[969/1059] Compiling CmuxMobileShellTests ComposerSubmitRoutingStoreBuilders.swift
/private/tmp/cmux-verify-20260908170330-19681-7317/source-e8fda62191/Packages/iOS/CmuxMobileShell/Tests/CmuxMobileShellTests/ComposerSubmitRoutingTests.swift:30:22: warning: expression of type 'Bool' is unused [#no-usage]
 28 | 
 29 |         await router.releaseFirstPasteImage()
 30 |         await submit.value
    |                      `- warning: expression of type 'Bool' is unused [#no-usage]
 31 | 
 32 |         #expect(store.terminalSendStatus(forTerminalID: terminalID) == .sent)

/private/tmp/cmux-verify-20260908170330-19681-7317/source-e8fda62191/Packages/iOS/CmuxMobileShell/Tests/CmuxMobileShellTests/ComposerSubmitRoutingTests.swift:116:22: warning: expression of type 'Bool' is unused [#no-usage]
114 |         store.selectTerminal(MobileTerminalPreview.ID(rawValue: termB))
115 |         await router.releaseFirstPasteImage()
116 |         await submit.value
    |                      `- warning: expression of type 'Bool' is unused [#no-usage]
117 | 
118 |         let images = await router.recordedPasteImages()

/private/tmp/cmux-verify-20260908170330-19681-7317/source-e8fda62191/Packages/iOS/CmuxMobileShell/Tests/CmuxMobileShellTests/ComposerSubmitRoutingTests.swift:151:22: warning: expression of type 'Bool' is unused [#no-usage]
149 |         store.terminalInputText = "edited after send"
150 |         await router.releaseFirstPasteImage()
151 |         await submit.value
    |                      `- warning: expression of type 'Bool' is unused [#no-usage]
152 | 
153 |         let pastes = await router.recordedPastes()

/private/tmp/cmux-verify-20260908170330-19681-7317/source-e8fda62191/Packages/iOS/CmuxMobileShell/Tests/CmuxMobileShellTests/ComposerSubmitRoutingTests.swift:184:22: warning: expression of type 'Bool' is unused [#no-usage]
182 |         store.terminalInputText = "b-draft"
183 |         await router.releaseFirstPasteImage()
184 |         await submit.value
    |                      `- warning: expression of type 'Bool' is unused [#no-usage]
185 | 
186 |         let pastes = await router.recordedPastes()

/private/tmp/cmux-verify-20260908170330-19681-7317/source-e8fda62191/Packages/iOS/CmuxMobileShell/Tests/CmuxMobileShellTests/ComposerSubmitRoutingTests.swift:211:22: warning: expression of type 'Bool' is unused [#no-usage]
209 |         await router.awaitFirstPasteImageReached()
210 |         let second = Task { await store.submitComposer() }
211 |         await second.value
    |                      `- warning: expression of type 'Bool' is unused [#no-usage]
212 |         await router.releaseFirstPasteImage()
213 |         await first.value

/private/tmp/cmux-verify-20260908170330-19681-7317/source-e8fda62191/Packages/iOS/CmuxMobileShell/Tests/CmuxMobileShellTests/ComposerSubmitRoutingTests.swift:213:21: warning: expression of type 'Bool' is unused [#no-usage]
211 |         await second.value
212 |         await router.releaseFirstPasteImage()
213 |         await first.value
    |                     `- warning: expression of type 'Bool' is unused [#no-usage]
214 | 
215 |         let images = await router.recordedPasteImages()

/private/tmp/cmux-verify-20260908170330-19681-7317/source-e8fda62191/Packages/iOS/CmuxMobileShell/Tests/CmuxMobileShellTests/ComposerSubmitRoutingTests.swift:271:22: warning: expression of type 'Bool' is unused [#no-usage]
269 |         store.removePendingAttachment(id: secondID, forTerminalID: termA)
270 |         await router.releaseFirstPasteImage()
271 |         await submit.value
    |                      `- warning: expression of type 'Bool' is unused [#no-usage]
272 | 
273 |         let images = await router.recordedPasteImages()

/private/tmp/cmux-verify-20260908170330-19681-7317/source-e8fda62191/Packages/iOS/CmuxMobileShell/Tests/CmuxMobileShellTests/ComposerSubmitRoutingTests.swift:337:22: warning: expression of type 'Bool' is unused [#no-usage]
335 |         try installFreshRemoteClient(on: store, router: newRouter)
336 |         await firstRouter.releaseFirstPasteImage()
337 |         await submit.value
    |                      `- warning: expression of type 'Bool' is unused [#no-usage]
338 | 
339 |         // The first image reached the OLD session (it was already in flight); the

/private/tmp/cmux-verify-20260908170330-19681-7317/source-e8fda62191/Packages/iOS/CmuxMobileShell/Tests/CmuxMobileShellTests/ComposerSubmitRoutingTests.swift:376:22: warning: expression of type 'Bool' is unused [#no-usage]
374 |         try installFreshRemoteClient(on: store, router: newRouter)
375 |         await firstRouter.releaseFirstPasteImage()
376 |         await submit.value
    |                      `- warning: expression of type 'Bool' is unused [#no-usage]
377 | 
378 |         // Only the in-flight first image reached the old connection; nothing else.
[970/1059] Compiling CmuxMobileShellTests ComposerSubmitRoutingTestSupport.swift
/private/tmp/cmux-verify-20260908170330-19681-7317/source-e8fda62191/Packages/iOS/CmuxMobileShell/Tests/CmuxMobileShellTests/ComposerSubmitRoutingTests.swift:30:22: warning: expression of type 'Bool' is unused [#no-usage]
 28 | 
 29 |         await router.releaseFirstPasteImage()
 30 |         await submit.value
    |                      `- warning: expression of type 'Bool' is unused [#no-usage]
 31 | 
 32 |         #expect(store.terminalSendStatus(forTerminalID: terminalID) == .sent)

/private/tmp/cmux-verify-20260908170330-19681-7317/source-e8fda62191/Packages/iOS/CmuxMobileShell/Tests/CmuxMobileShellTests/ComposerSubmitRoutingTests.swift:116:22: warning: expression of type 'Bool' is unused [#no-usage]
114 |         store.selectTerminal(MobileTerminalPreview.ID(rawValue: termB))
115 |         await router.releaseFirstPasteImage()
116 |         await submit.value
    |                      `- warning: expression of type 'Bool' is unused [#no-usage]
117 | 
118 |         let images = await router.recordedPasteImages()

/private/tmp/cmux-verify-20260908170330-19681-7317/source-e8fda62191/Packages/iOS/CmuxMobileShell/Tests/CmuxMobileShellTests/ComposerSubmitRoutingTests.swift:151:22: warning: expression of type 'Bool' is unused [#no-usage]
149 |         store.terminalInputText = "edited after send"
150 |         await router.releaseFirstPasteImage()
151 |         await submit.value
    |                      `- warning: expression of type 'Bool' is unused [#no-usage]
152 | 
153 |         let pastes = await router.recordedPastes()

/private/tmp/cmux-verify-20260908170330-19681-7317/source-e8fda62191/Packages/iOS/CmuxMobileShell/Tests/CmuxMobileShellTests/ComposerSubmitRoutingTests.swift:184:22: warning: expression of type 'Bool' is unused [#no-usage]
182 |         store.terminalInputText = "b-draft"
183 |         await router.releaseFirstPasteImage()
184 |         await submit.value
    |                      `- warning: expression of type 'Bool' is unused [#no-usage]
185 | 
186 |         let pastes = await router.recordedPastes()

/private/tmp/cmux-verify-20260908170330-19681-7317/source-e8fda62191/Packages/iOS/CmuxMobileShell/Tests/CmuxMobileShellTests/ComposerSubmitRoutingTests.swift:211:22: warning: expression of type 'Bool' is unused [#no-usage]
209 |         await router.awaitFirstPasteImageReached()
210 |         let second = Task { await store.submitComposer() }
211 |         await second.value
    |                      `- warning: expression of type 'Bool' is unused [#no-usage]
212 |         await router.releaseFirstPasteImage()
213 |         await first.value

/private/tmp/cmux-verify-20260908170330-19681-7317/source-e8fda62191/Packages/iOS/CmuxMobileShell/Tests/CmuxMobileShellTests/ComposerSubmitRoutingTests.swift:213:21: warning: expression of type 'Bool' is unused [#no-usage]
211 |         await second.value
212 |         await router.releaseFirstPasteImage()
213 |         await first.value
    |                     `- warning: expression of type 'Bool' is unused [#no-usage]
214 | 
215 |         let images = await router.recordedPasteImages()

/private/tmp/cmux-verify-20260908170330-19681-7317/source-e8fda62191/Packages/iOS/CmuxMobileShell/Tests/CmuxMobileShellTests/ComposerSubmitRoutingTests.swift:271:22: warning: expression of type 'Bool' is unused [#no-usage]
269 |         store.removePendingAttachment(id: secondID, forTerminalID: termA)
270 |         await router.releaseFirstPasteImage()
271 |         await submit.value
    |                      `- warning: expression of type 'Bool' is unused [#no-usage]
272 | 
273 |         let images = await router.recordedPasteImages()

/private/tmp/cmux-verify-20260908170330-19681-7317/source-e8fda62191/Packages/iOS/CmuxMobileShell/Tests/CmuxMobileShellTests/ComposerSubmitRoutingTests.swift:337:22: warning: expression of type 'Bool' is unused [#no-usage]
335 |         try installFreshRemoteClient(on: store, router: newRouter)
336 |         await firstRouter.releaseFirstPasteImage()
337 |         await submit.value
    |                      `- warning: expression of type 'Bool' is unused [#no-usage]
338 | 
339 |         // The first image reached the OLD session (it was already in flight); the

/private/tmp/cmux-verify-20260908170330-19681-7317/source-e8fda62191/Packages/iOS/CmuxMobileShell/Tests/CmuxMobileShellTests/ComposerSubmitRoutingTests.swift:376:22: warning: expression of type 'Bool' is unused [#no-usage]
374 |         try installFreshRemoteClient(on: store, router: newRouter)
375 |         await firstRouter.releaseFirstPasteImage()
376 |         await submit.value
    |                      `- warning: expression of type 'Bool' is unused [#no-usage]
377 | 
378 |         // Only the in-flight first image reached the old connection; nothing else.
[971/1059] Compiling CmuxMobileShellTests ComposerSubmitRoutingTests.swift
/private/tmp/cmux-verify-20260908170330-19681-7317/source-e8fda62191/Packages/iOS/CmuxMobileShell/Tests/CmuxMobileShellTests/ComposerSubmitRoutingTests.swift:30:22: warning: expression of type 'Bool' is unused [#no-usage]
 28 | 
 29 |         await router.releaseFirstPasteImage()
 30 |         await submit.value
    |                      `- warning: expression of type 'Bool' is unused [#no-usage]
 31 | 
 32 |         #expect(store.terminalSendStatus(forTerminalID: terminalID) == .sent)

/private/tmp/cmux-verify-20260908170330-19681-7317/source-e8fda62191/Packages/iOS/CmuxMobileShell/Tests/CmuxMobileShellTests/ComposerSubmitRoutingTests.swift:116:22: warning: expression of type 'Bool' is unused [#no-usage]
114 |         store.selectTerminal(MobileTerminalPreview.ID(rawValue: termB))
115 |         await router.releaseFirstPasteImage()
116 |         await submit.value
    |                      `- warning: expression of type 'Bool' is unused [#no-usage]
117 | 
118 |         let images = await router.recordedPasteImages()

/private/tmp/cmux-verify-20260908170330-19681-7317/source-e8fda62191/Packages/iOS/CmuxMobileShell/Tests/CmuxMobileShellTests/ComposerSubmitRoutingTests.swift:151:22: warning: expression of type 'Bool' is unused [#no-usage]
149 |         store.terminalInputText = "edited after send"
150 |         await router.releaseFirstPasteImage()
151 |         await submit.value
    |                      `- warning: expression of type 'Bool' is unused [#no-usage]
152 | 
153 |         let pastes = await router.recordedPastes()

/private/tmp/cmux-verify-20260908170330-19681-7317/source-e8fda62191/Packages/iOS/CmuxMobileShell/Tests/CmuxMobileShellTests/ComposerSubmitRoutingTests.swift:184:22: warning: expression of type 'Bool' is unused [#no-usage]
182 |         store.terminalInputText = "b-draft"
183 |         await router.releaseFirstPasteImage()
184 |         await submit.value
    |                      `- warning: expression of type 'Bool' is unused [#no-usage]
185 | 
186 |         let pastes = await router.recordedPastes()

/private/tmp/cmux-verify-20260908170330-19681-7317/source-e8fda62191/Packages/iOS/CmuxMobileShell/Tests/CmuxMobileShellTests/ComposerSubmitRoutingTests.swift:211:22: warning: expression of type 'Bool' is unused [#no-usage]
209 |         await router.awaitFirstPasteImageReached()
210 |         let second = Task { await store.submitComposer() }
211 |         await second.value
    |                      `- warning: expression of type 'Bool' is unused [#no-usage]
212 |         await router.releaseFirstPasteImage()
213 |         await first.value

/private/tmp/cmux-verify-20260908170330-19681-7317/source-e8fda62191/Packages/iOS/CmuxMobileShell/Tests/CmuxMobileShellTests/ComposerSubmitRoutingTests.swift:213:21: warning: expression of type 'Bool' is unused [#no-usage]
211 |         await second.value
212 |         await router.releaseFirstPasteImage()
213 |         await first.value
    |                     `- warning: expression of type 'Bool' is unused [#no-usage]
214 | 
215 |         let images = await router.recordedPasteImages()

/private/tmp/cmux-verify-20260908170330-19681-7317/source-e8fda62191/Packages/iOS/CmuxMobileShell/Tests/CmuxMobileShellTests/ComposerSubmitRoutingTests.swift:271:22: warning: expression of type 'Bool' is unused [#no-usage]
269 |         store.removePendingAttachment(id: secondID, forTerminalID: termA)
270 |         await router.releaseFirstPasteImage()
271 |         await submit.value
    |                      `- warning: expression of type 'Bool' is unused [#no-usage]
272 | 
273 |         let images = await router.recordedPasteImages()

/private/tmp/cmux-verify-20260908170330-19681-7317/source-e8fda62191/Packages/iOS/CmuxMobileShell/Tests/CmuxMobileShellTests/ComposerSubmitRoutingTests.swift:337:22: warning: expression of type 'Bool' is unused [#no-usage]
335 |         try installFreshRemoteClient(on: store, router: newRouter)
336 |         await firstRouter.releaseFirstPasteImage()
337 |         await submit.value
    |                      `- warning: expression of type 'Bool' is unused [#no-usage]
338 | 
339 |         // The first image reached the OLD session (it was already in flight); the

/private/tmp/cmux-verify-20260908170330-19681-7317/source-e8fda62191/Packages/iOS/CmuxMobileShell/Tests/CmuxMobileShellTests/ComposerSubmitRoutingTests.swift:376:22: warning: expression of type 'Bool' is unused [#no-usage]
374 |         try installFreshRemoteClient(on: store, router: newRouter)
375 |         await firstRouter.releaseFirstPasteImage()
376 |         await submit.value
    |                      `- warning: expression of type 'Bool' is unused [#no-usage]
377 | 
378 |         // Only the in-flight first image reached the old connection; nothing else.
[972/1059] Compiling CmuxMobileShellTests ConnectionTeardownWorkspaceRetentionTests.swift
/private/tmp/cmux-verify-20260908170330-19681-7317/source-e8fda62191/Packages/iOS/CmuxMobileShell/Tests/CmuxMobileShellTests/ComposerSubmitRoutingTests.swift:30:22: warning: expression of type 'Bool' is unused [#no-usage]
 28 | 
 29 |         await router.releaseFirstPasteImage()
 30 |         await submit.value
    |                      `- warning: expression of type 'Bool' is unused [#no-usage]
 31 | 
 32 |         #expect(store.terminalSendStatus(forTerminalID: terminalID) == .sent)

/private/tmp/cmux-verify-20260908170330-19681-7317/source-e8fda62191/Packages/iOS/CmuxMobileShell/Tests/CmuxMobileShellTests/ComposerSubmitRoutingTests.swift:116:22: warning: expression of type 'Bool' is unused [#no-usage]
114 |         store.selectTerminal(MobileTerminalPreview.ID(rawValue: termB))
115 |         await router.releaseFirstPasteImage()
116 |         await submit.value
    |                      `- warning: expression of type 'Bool' is unused [#no-usage]
117 | 
118 |         let images = await router.recordedPasteImages()

/private/tmp/cmux-verify-20260908170330-19681-7317/source-e8fda62191/Packages/iOS/CmuxMobileShell/Tests/CmuxMobileShellTests/ComposerSubmitRoutingTests.swift:151:22: warning: expression of type 'Bool' is unused [#no-usage]
149 |         store.terminalInputText = "edited after send"
150 |         await router.releaseFirstPasteImage()
151 |         await submit.value
    |                      `- warning: expression of type 'Bool' is unused [#no-usage]
152 | 
153 |         let pastes = await router.recordedPastes()

/private/tmp/cmux-verify-20260908170330-19681-7317/source-e8fda62191/Packages/iOS/CmuxMobileShell/Tests/CmuxMobileShellTests/ComposerSubmitRoutingTests.swift:184:22: warning: expression of type 'Bool' is unused [#no-usage]
182 |         store.terminalInputText = "b-draft"
183 |         await router.releaseFirstPasteImage()
184 |         await submit.value
    |                      `- warning: expression of type 'Bool' is unused [#no-usage]
185 | 
186 |         let pastes = await router.recordedPastes()

/private/tmp/cmux-verify-20260908170330-19681-7317/source-e8fda62191/Packages/iOS/CmuxMobileShell/Tests/CmuxMobileShellTests/ComposerSubmitRoutingTests.swift:211:22: warning: expression of type 'Bool' is unused [#no-usage]
209 |         await router.awaitFirstPasteImageReached()
210 |         let second = Task { await store.submitComposer() }
211 |         await second.value
    |                      `- warning: expression of type 'Bool' is unused [#no-usage]
212 |         await router.releaseFirstPasteImage()
213 |         await first.value

/private/tmp/cmux-verify-20260908170330-19681-7317/source-e8fda62191/Packages/iOS/CmuxMobileShell/Tests/CmuxMobileShellTests/ComposerSubmitRoutingTests.swift:213:21: warning: expression of type 'Bool' is unused [#no-usage]
211 |         await second.value
212 |         await router.releaseFirstPasteImage()
213 |         await first.value
    |                     `- warning: expression of type 'Bool' is unused [#no-usage]
214 | 
215 |         let images = await router.recordedPasteImages()

/private/tmp/cmux-verify-20260908170330-19681-7317/source-e8fda62191/Packages/iOS/CmuxMobileShell/Tests/CmuxMobileShellTests/ComposerSubmitRoutingTests.swift:271:22: warning: expression of type 'Bool' is unused [#no-usage]
269 |         store.removePendingAttachment(id: secondID, forTerminalID: termA)
270 |         await router.releaseFirstPasteImage()
271 |         await submit.value
    |                      `- warning: expression of type 'Bool' is unused [#no-usage]
272 | 
273 |         let images = await router.recordedPasteImages()

/private/tmp/cmux-verify-20260908170330-19681-7317/source-e8fda62191/Packages/iOS/CmuxMobileShell/Tests/CmuxMobileShellTests/ComposerSubmitRoutingTests.swift:337:22: warning: expression of type 'Bool' is unused [#no-usage]
335 |         try installFreshRemoteClient(on: store, router: newRouter)
336 |         await firstRouter.releaseFirstPasteImage()
337 |         await submit.value
    |                      `- warning: expression of type 'Bool' is unused [#no-usage]
338 | 
339 |         // The first image reached the OLD session (it was already in flight); the

/private/tmp/cmux-verify-20260908170330-19681-7317/source-e8fda62191/Packages/iOS/CmuxMobileShell/Tests/CmuxMobileShellTests/ComposerSubmitRoutingTests.swift:376:22: warning: expression of type 'Bool' is unused [#no-usage]
374 |         try installFreshRemoteClient(on: store, router: newRouter)
375 |         await firstRouter.releaseFirstPasteImage()
376 |         await submit.value
    |                      `- warning: expression of type 'Bool' is unused [#no-usage]
377 | 
378 |         // Only the in-flight first image reached the old connection; nothing else.
[973/1059] Compiling CmuxMobileShellTests ControlPoolManualClock.swift
/private/tmp/cmux-verify-20260908170330-19681-7317/source-e8fda62191/Packages/iOS/CmuxMobileShell/Tests/CmuxMobileShellTests/ComposerSubmitRoutingTests.swift:30:22: warning: expression of type 'Bool' is unused [#no-usage]
 28 | 
 29 |         await router.releaseFirstPasteImage()
 30 |         await submit.value
    |                      `- warning: expression of type 'Bool' is unused [#no-usage]
 31 | 
 32 |         #expect(store.terminalSendStatus(forTerminalID: terminalID) == .sent)

/private/tmp/cmux-verify-20260908170330-19681-7317/source-e8fda62191/Packages/iOS/CmuxMobileShell/Tests/CmuxMobileShellTests/ComposerSubmitRoutingTests.swift:116:22: warning: expression of type 'Bool' is unused [#no-usage]
114 |         store.selectTerminal(MobileTerminalPreview.ID(rawValue: termB))
115 |         await router.releaseFirstPasteImage()
116 |         await submit.value
    |                      `- warning: expression of type 'Bool' is unused [#no-usage]
117 | 
118 |         let images = await router.recordedPasteImages()

/private/tmp/cmux-verify-20260908170330-19681-7317/source-e8fda62191/Packages/iOS/CmuxMobileShell/Tests/CmuxMobileShellTests/ComposerSubmitRoutingTests.swift:151:22: warning: expression of type 'Bool' is unused [#no-usage]
149 |         store.terminalInputText = "edited after send"
150 |         await router.releaseFirstPasteImage()
151 |         await submit.value
    |                      `- warning: expression of type 'Bool' is unused [#no-usage]
152 | 
153 |         let pastes = await router.recordedPastes()

/private/tmp/cmux-verify-20260908170330-19681-7317/source-e8fda62191/Packages/iOS/CmuxMobileShell/Tests/CmuxMobileShellTests/ComposerSubmitRoutingTests.swift:184:22: warning: expression of type 'Bool' is unused [#no-usage]
182 |         store.terminalInputText = "b-draft"
183 |         await router.releaseFirstPasteImage()
184 |         await submit.value
    |                      `- warning: expression of type 'Bool' is unused [#no-usage]
185 | 
186 |         let pastes = await router.recordedPastes()

/private/tmp/cmux-verify-20260908170330-19681-7317/source-e8fda62191/Packages/iOS/CmuxMobileShell/Tests/CmuxMobileShellTests/ComposerSubmitRoutingTests.swift:211:22: warning: expression of type 'Bool' is unused [#no-usage]
209 |         await router.awaitFirstPasteImageReached()
210 |         let second = Task { await store.submitComposer() }
211 |         await second.value
    |                      `- warning: expression of type 'Bool' is unused [#no-usage]
212 |         await router.releaseFirstPasteImage()
213 |         await first.value

/private/tmp/cmux-verify-20260908170330-19681-7317/source-e8fda62191/Packages/iOS/CmuxMobileShell/Tests/CmuxMobileShellTests/ComposerSubmitRoutingTests.swift:213:21: warning: expression of type 'Bool' is unused [#no-usage]
211 |         await second.value
212 |         await router.releaseFirstPasteImage()
213 |         await first.value
    |                     `- warning: expression of type 'Bool' is unused [#no-usage]
214 | 
215 |         let images = await router.recordedPasteImages()

/private/tmp/cmux-verify-20260908170330-19681-7317/source-e8fda62191/Packages/iOS/CmuxMobileShell/Tests/CmuxMobileShellTests/ComposerSubmitRoutingTests.swift:271:22: warning: expression of type 'Bool' is unused [#no-usage]
269 |         store.removePendingAttachment(id: secondID, forTerminalID: termA)
270 |         await router.releaseFirstPasteImage()
271 |         await submit.value
    |                      `- warning: expression of type 'Bool' is unused [#no-usage]
272 | 
273 |         let images = await router.recordedPasteImages()

/private/tmp/cmux-verify-20260908170330-19681-7317/source-e8fda62191/Packages/iOS/CmuxMobileShell/Tests/CmuxMobileShellTests/ComposerSubmitRoutingTests.swift:337:22: warning: expression of type 'Bool' is unused [#no-usage]
335 |         try installFreshRemoteClient(on: store, router: newRouter)
336 |         await firstRouter.releaseFirstPasteImage()
337 |         await submit.value
    |                      `- warning: expression of type 'Bool' is unused [#no-usage]
338 | 
339 |         // The first image reached the OLD session (it was already in flight); the

/private/tmp/cmux-verify-20260908170330-19681-7317/source-e8fda62191/Packages/iOS/CmuxMobileShell/Tests/CmuxMobileShellTests/ComposerSubmitRoutingTests.swift:376:22: warning: expression of type 'Bool' is unused [#no-usage]
374 |         try installFreshRemoteClient(on: store, router: newRouter)
375 |         await firstRouter.releaseFirstPasteImage()
376 |         await submit.value
    |                      `- warning: expression of type 'Bool' is unused [#no-usage]
377 | 
378 |         // Only the in-flight first image reached the old connection; nothing else.
[974/1059] Compiling CmuxMobileShellTests ControlPoolManualClockInstant.swift
/private/tmp/cmux-verify-20260908170330-19681-7317/source-e8fda62191/Packages/iOS/CmuxMobileShell/Tests/CmuxMobileShellTests/ComposerSubmitRoutingTests.swift:30:22: warning: expression of type 'Bool' is unused [#no-usage]
 28 | 
 29 |         await router.releaseFirstPasteImage()
 30 |         await submit.value
    |                      `- warning: expression of type 'Bool' is unused [#no-usage]
 31 | 
 32 |         #expect(store.terminalSendStatus(forTerminalID: terminalID) == .sent)

/private/tmp/cmux-verify-20260908170330-19681-7317/source-e8fda62191/Packages/iOS/CmuxMobileShell/Tests/CmuxMobileShellTests/ComposerSubmitRoutingTests.swift:116:22: warning: expression of type 'Bool' is unused [#no-usage]
114 |         store.selectTerminal(MobileTerminalPreview.ID(rawValue: termB))
115 |         await router.releaseFirstPasteImage()
116 |         await submit.value
    |                      `- warning: expression of type 'Bool' is unused [#no-usage]
117 | 
118 |         let images = await router.recordedPasteImages()

/private/tmp/cmux-verify-20260908170330-19681-7317/source-e8fda62191/Packages/iOS/CmuxMobileShell/Tests/CmuxMobileShellTests/ComposerSubmitRoutingTests.swift:151:22: warning: expression of type 'Bool' is unused [#no-usage]
149 |         store.terminalInputText = "edited after send"
150 |         await router.releaseFirstPasteImage()
151 |         await submit.value
    |                      `- warning: expression of type 'Bool' is unused [#no-usage]
152 | 
153 |         let pastes = await router.recordedPastes()

/private/tmp/cmux-verify-20260908170330-19681-7317/source-e8fda62191/Packages/iOS/CmuxMobileShell/Tests/CmuxMobileShellTests/ComposerSubmitRoutingTests.swift:184:22: warning: expression of type 'Bool' is unused [#no-usage]
182 |         store.terminalInputText = "b-draft"
183 |         await router.releaseFirstPasteImage()
184 |         await submit.value
    |                      `- warning: expression of type 'Bool' is unused [#no-usage]
185 | 
186 |         let pastes = await router.recordedPastes()

/private/tmp/cmux-verify-20260908170330-19681-7317/source-e8fda62191/Packages/iOS/CmuxMobileShell/Tests/CmuxMobileShellTests/ComposerSubmitRoutingTests.swift:211:22: warning: expression of type 'Bool' is unused [#no-usage]
209 |         await router.awaitFirstPasteImageReached()
210 |         let second = Task { await store.submitComposer() }
211 |         await second.value
    |                      `- warning: expression of type 'Bool' is unused [#no-usage]
212 |         await router.releaseFirstPasteImage()
213 |         await first.value

/private/tmp/cmux-verify-20260908170330-19681-7317/source-e8fda62191/Packages/iOS/CmuxMobileShell/Tests/CmuxMobileShellTests/ComposerSubmitRoutingTests.swift:213:21: warning: expression of type 'Bool' is unused [#no-usage]
211 |         await second.value
212 |         await router.releaseFirstPasteImage()
213 |         await first.value
    |                     `- warning: expression of type 'Bool' is unused [#no-usage]
214 | 
215 |         let images = await router.recordedPasteImages()

/private/tmp/cmux-verify-20260908170330-19681-7317/source-e8fda62191/Packages/iOS/CmuxMobileShell/Tests/CmuxMobileShellTests/ComposerSubmitRoutingTests.swift:271:22: warning: expression of type 'Bool' is unused [#no-usage]
269 |         store.removePendingAttachment(id: secondID, forTerminalID: termA)
270 |         await router.releaseFirstPasteImage()
271 |         await submit.value
    |                      `- warning: expression of type 'Bool' is unused [#no-usage]
272 | 
273 |         let images = await router.recordedPasteImages()

/private/tmp/cmux-verify-20260908170330-19681-7317/source-e8fda62191/Packages/iOS/CmuxMobileShell/Tests/CmuxMobileShellTests/ComposerSubmitRoutingTests.swift:337:22: warning: expression of type 'Bool' is unused [#no-usage]
335 |         try installFreshRemoteClient(on: store, router: newRouter)
336 |         await firstRouter.releaseFirstPasteImage()
337 |         await submit.value
    |                      `- warning: expression of type 'Bool' is unused [#no-usage]
338 | 
339 |         // The first image reached the OLD session (it was already in flight); the

/private/tmp/cmux-verify-20260908170330-19681-7317/source-e8fda62191/Packages/iOS/CmuxMobileShell/Tests/CmuxMobileShellTests/ComposerSubmitRoutingTests.swift:376:22: warning: expression of type 'Bool' is unused [#no-usage]
374 |         try installFreshRemoteClient(on: store, router: newRouter)
375 |         await firstRouter.releaseFirstPasteImage()
376 |         await submit.value
    |                      `- warning: expression of type 'Bool' is unused [#no-usage]
377 | 
378 |         // Only the in-flight first image reached the old connection; nothing else.
[975/1059] Compiling CmuxMobileShellTests ControlPoolManualClockSleeper.swift
/private/tmp/cmux-verify-20260908170330-19681-7317/source-e8fda62191/Packages/iOS/CmuxMobileShell/Tests/CmuxMobileShellTests/ComposerSubmitRoutingTests.swift:30:22: warning: expression of type 'Bool' is unused [#no-usage]
 28 | 
 29 |         await router.releaseFirstPasteImage()
 30 |         await submit.value
    |                      `- warning: expression of type 'Bool' is unused [#no-usage]
 31 | 
 32 |         #expect(store.terminalSendStatus(forTerminalID: terminalID) == .sent)

/private/tmp/cmux-verify-20260908170330-19681-7317/source-e8fda62191/Packages/iOS/CmuxMobileShell/Tests/CmuxMobileShellTests/ComposerSubmitRoutingTests.swift:116:22: warning: expression of type 'Bool' is unused [#no-usage]
114 |         store.selectTerminal(MobileTerminalPreview.ID(rawValue: termB))
115 |         await router.releaseFirstPasteImage()
116 |         await submit.value
    |                      `- warning: expression of type 'Bool' is unused [#no-usage]
117 | 
118 |         let images = await router.recordedPasteImages()

/private/tmp/cmux-verify-20260908170330-19681-7317/source-e8fda62191/Packages/iOS/CmuxMobileShell/Tests/CmuxMobileShellTests/ComposerSubmitRoutingTests.swift:151:22: warning: expression of type 'Bool' is unused [#no-usage]
149 |         store.terminalInputText = "edited after send"
150 |         await router.releaseFirstPasteImage()
151 |         await submit.value
    |                      `- warning: expression of type 'Bool' is unused [#no-usage]
152 | 
153 |         let pastes = await router.recordedPastes()

/private/tmp/cmux-verify-20260908170330-19681-7317/source-e8fda62191/Packages/iOS/CmuxMobileShell/Tests/CmuxMobileShellTests/ComposerSubmitRoutingTests.swift:184:22: warning: expression of type 'Bool' is unused [#no-usage]
182 |         store.terminalInputText = "b-draft"
183 |         await router.releaseFirstPasteImage()
184 |         await submit.value
    |                      `- warning: expression of type 'Bool' is unused [#no-usage]
185 | 
186 |         let pastes = await router.recordedPastes()

/private/tmp/cmux-verify-20260908170330-19681-7317/source-e8fda62191/Packages/iOS/CmuxMobileShell/Tests/CmuxMobileShellTests/ComposerSubmitRoutingTests.swift:211:22: warning: expression of type 'Bool' is unused [#no-usage]
209 |         await router.awaitFirstPasteImageReached()
210 |         let second = Task { await store.submitComposer() }
211 |         await second.value
    |                      `- warning: expression of type 'Bool' is unused [#no-usage]
212 |         await router.releaseFirstPasteImage()
213 |         await first.value

/private/tmp/cmux-verify-20260908170330-19681-7317/source-e8fda62191/Packages/iOS/CmuxMobileShell/Tests/CmuxMobileShellTests/ComposerSubmitRoutingTests.swift:213:21: warning: expression of type 'Bool' is unused [#no-usage]
211 |         await second.value
212 |         await router.releaseFirstPasteImage()
213 |         await first.value
    |                     `- warning: expression of type 'Bool' is unused [#no-usage]
214 | 
215 |         let images = await router.recordedPasteImages()

/private/tmp/cmux-verify-20260908170330-19681-7317/source-e8fda62191/Packages/iOS/CmuxMobileShell/Tests/CmuxMobileShellTests/ComposerSubmitRoutingTests.swift:271:22: warning: expression of type 'Bool' is unused [#no-usage]
269 |         store.removePendingAttachment(id: secondID, forTerminalID: termA)
270 |         await router.releaseFirstPasteImage()
271 |         await submit.value
    |                      `- warning: expression of type 'Bool' is unused [#no-usage]
272 | 
273 |         let images = await router.recordedPasteImages()

/private/tmp/cmux-verify-20260908170330-19681-7317/source-e8fda62191/Packages/iOS/CmuxMobileShell/Tests/CmuxMobileShellTests/ComposerSubmitRoutingTests.swift:337:22: warning: expression of type 'Bool' is unused [#no-usage]
335 |         try installFreshRemoteClient(on: store, router: newRouter)
336 |         await firstRouter.releaseFirstPasteImage()
337 |         await submit.value
    |                      `- warning: expression of type 'Bool' is unused [#no-usage]
338 | 
339 |         // The first image reached the OLD session (it was already in flight); the

/private/tmp/cmux-verify-20260908170330-19681-7317/source-e8fda62191/Packages/iOS/CmuxMobileShell/Tests/CmuxMobileShellTests/ComposerSubmitRoutingTests.swift:376:22: warning: expression of type 'Bool' is unused [#no-usage]
374 |         try installFreshRemoteClient(on: store, router: newRouter)
375 |         await firstRouter.releaseFirstPasteImage()
376 |         await submit.value
    |                      `- warning: expression of type 'Bool' is unused [#no-usage]
377 | 
378 |         // Only the in-flight first image reached the old connection; nothing else.
[976/1059] Compiling CmuxMobileShellTests ControlPoolRouteSyncGate.swift
/private/tmp/cmux-verify-20260908170330-19681-7317/source-e8fda62191/Packages/iOS/CmuxMobileShell/Tests/CmuxMobileShellTests/ComposerSubmitRoutingTests.swift:30:22: warning: expression of type 'Bool' is unused [#no-usage]
 28 | 
 29 |         await router.releaseFirstPasteImage()
 30 |         await submit.value
    |                      `- warning: expression of type 'Bool' is unused [#no-usage]
 31 | 
 32 |         #expect(store.terminalSendStatus(forTerminalID: terminalID) == .sent)

/private/tmp/cmux-verify-20260908170330-19681-7317/source-e8fda62191/Packages/iOS/CmuxMobileShell/Tests/CmuxMobileShellTests/ComposerSubmitRoutingTests.swift:116:22: warning: expression of type 'Bool' is unused [#no-usage]
114 |         store.selectTerminal(MobileTerminalPreview.ID(rawValue: termB))
115 |         await router.releaseFirstPasteImage()
116 |         await submit.value
    |                      `- warning: expression of type 'Bool' is unused [#no-usage]
117 | 
118 |         let images = await router.recordedPasteImages()

/private/tmp/cmux-verify-20260908170330-19681-7317/source-e8fda62191/Packages/iOS/CmuxMobileShell/Tests/CmuxMobileShellTests/ComposerSubmitRoutingTests.swift:151:22: warning: expression of type 'Bool' is unused [#no-usage]
149 |         store.terminalInputText = "edited after send"
150 |         await router.releaseFirstPasteImage()
151 |         await submit.value
    |                      `- warning: expression of type 'Bool' is unused [#no-usage]
152 | 
153 |         let pastes = await router.recordedPastes()

/private/tmp/cmux-verify-20260908170330-19681-7317/source-e8fda62191/Packages/iOS/CmuxMobileShell/Tests/CmuxMobileShellTests/ComposerSubmitRoutingTests.swift:184:22: warning: expression of type 'Bool' is unused [#no-usage]
182 |         store.terminalInputText = "b-draft"
183 |         await router.releaseFirstPasteImage()
184 |         await submit.value
    |                      `- warning: expression of type 'Bool' is unused [#no-usage]
185 | 
186 |         let pastes = await router.recordedPastes()

/private/tmp/cmux-verify-20260908170330-19681-7317/source-e8fda62191/Packages/iOS/CmuxMobileShell/Tests/CmuxMobileShellTests/ComposerSubmitRoutingTests.swift:211:22: warning: expression of type 'Bool' is unused [#no-usage]
209 |         await router.awaitFirstPasteImageReached()
210 |         let second = Task { await store.submitComposer() }
211 |         await second.value
    |                      `- warning: expression of type 'Bool' is unused [#no-usage]
212 |         await router.releaseFirstPasteImage()
213 |         await first.value

/private/tmp/cmux-verify-20260908170330-19681-7317/source-e8fda62191/Packages/iOS/CmuxMobileShell/Tests/CmuxMobileShellTests/ComposerSubmitRoutingTests.swift:213:21: warning: expression of type 'Bool' is unused [#no-usage]
211 |         await second.value
212 |         await router.releaseFirstPasteImage()
213 |         await first.value
    |                     `- warning: expression of type 'Bool' is unused [#no-usage]
214 | 
215 |         let images = await router.recordedPasteImages()

/private/tmp/cmux-verify-20260908170330-19681-7317/source-e8fda62191/Packages/iOS/CmuxMobileShell/Tests/CmuxMobileShellTests/ComposerSubmitRoutingTests.swift:271:22: warning: expression of type 'Bool' is unused [#no-usage]
269 |         store.removePendingAttachment(id: secondID, forTerminalID: termA)
270 |         await router.releaseFirstPasteImage()
271 |         await submit.value
    |                      `- warning: expression of type 'Bool' is unused [#no-usage]
272 | 
273 |         let images = await router.recordedPasteImages()

/private/tmp/cmux-verify-20260908170330-19681-7317/source-e8fda62191/Packages/iOS/CmuxMobileShell/Tests/CmuxMobileShellTests/ComposerSubmitRoutingTests.swift:337:22: warning: expression of type 'Bool' is unused [#no-usage]
335 |         try installFreshRemoteClient(on: store, router: newRouter)
336 |         await firstRouter.releaseFirstPasteImage()
337 |         await submit.value
    |                      `- warning: expression of type 'Bool' is unused [#no-usage]
338 | 
339 |         // The first image reached the OLD session (it was already in flight); the

/private/tmp/cmux-verify-20260908170330-19681-7317/source-e8fda62191/Packages/iOS/CmuxMobileShell/Tests/CmuxMobileShellTests/ComposerSubmitRoutingTests.swift:376:22: warning: expression of type 'Bool' is unused [#no-usage]
374 |         try installFreshRemoteClient(on: store, router: newRouter)
375 |         await firstRouter.releaseFirstPasteImage()
376 |         await submit.value
    |                      `- warning: expression of type 'Bool' is unused [#no-usage]
377 | 
378 |         // Only the in-flight first image reached the old connection; nothing else.
[977/1059] Compiling CmuxMobileShellTests CountingDraftStore.swift
/private/tmp/cmux-verify-20260908170330-19681-7317/source-e8fda62191/Packages/iOS/CmuxMobileShell/Tests/CmuxMobileShellTests/ComposerSubmitRoutingTests.swift:30:22: warning: expression of type 'Bool' is unused [#no-usage]
 28 | 
 29 |         await router.releaseFirstPasteImage()
 30 |         await submit.value
    |                      `- warning: expression of type 'Bool' is unused [#no-usage]
 31 | 
 32 |         #expect(store.terminalSendStatus(forTerminalID: terminalID) == .sent)

/private/tmp/cmux-verify-20260908170330-19681-7317/source-e8fda62191/Packages/iOS/CmuxMobileShell/Tests/CmuxMobileShellTests/ComposerSubmitRoutingTests.swift:116:22: warning: expression of type 'Bool' is unused [#no-usage]
114 |         store.selectTerminal(MobileTerminalPreview.ID(rawValue: termB))
115 |         await router.releaseFirstPasteImage()
116 |         await submit.value
    |                      `- warning: expression of type 'Bool' is unused [#no-usage]
117 | 
118 |         let images = await router.recordedPasteImages()

/private/tmp/cmux-verify-20260908170330-19681-7317/source-e8fda62191/Packages/iOS/CmuxMobileShell/Tests/CmuxMobileShellTests/ComposerSubmitRoutingTests.swift:151:22: warning: expression of type 'Bool' is unused [#no-usage]
149 |         store.terminalInputText = "edited after send"
150 |         await router.releaseFirstPasteImage()
151 |         await submit.value
    |                      `- warning: expression of type 'Bool' is unused [#no-usage]
152 | 
153 |         let pastes = await router.recordedPastes()

/private/tmp/cmux-verify-20260908170330-19681-7317/source-e8fda62191/Packages/iOS/CmuxMobileShell/Tests/CmuxMobileShellTests/ComposerSubmitRoutingTests.swift:184:22: warning: expression of type 'Bool' is unused [#no-usage]
182 |         store.terminalInputText = "b-draft"
183 |         await router.releaseFirstPasteImage()
184 |         await submit.value
    |                      `- warning: expression of type 'Bool' is unused [#no-usage]
185 | 
186 |         let pastes = await router.recordedPastes()

/private/tmp/cmux-verify-20260908170330-19681-7317/source-e8fda62191/Packages/iOS/CmuxMobileShell/Tests/CmuxMobileShellTests/ComposerSubmitRoutingTests.swift:211:22: warning: expression of type 'Bool' is unused [#no-usage]
209 |         await router.awaitFirstPasteImageReached()
210 |         let second = Task { await store.submitComposer() }
211 |         await second.value
    |                      `- warning: expression of type 'Bool' is unused [#no-usage]
212 |         await router.releaseFirstPasteImage()
213 |         await first.value

/private/tmp/cmux-verify-20260908170330-19681-7317/source-e8fda62191/Packages/iOS/CmuxMobileShell/Tests/CmuxMobileShellTests/ComposerSubmitRoutingTests.swift:213:21: warning: expression of type 'Bool' is unused [#no-usage]
211 |         await second.value
212 |         await router.releaseFirstPasteImage()
213 |         await first.value
    |                     `- warning: expression of type 'Bool' is unused [#no-usage]
214 | 
215 |         let images = await router.recordedPasteImages()

/private/tmp/cmux-verify-20260908170330-19681-7317/source-e8fda62191/Packages/iOS/CmuxMobileShell/Tests/CmuxMobileShellTests/ComposerSubmitRoutingTests.swift:271:22: warning: expression of type 'Bool' is unused [#no-usage]
269 |         store.removePendingAttachment(id: secondID, forTerminalID: termA)
270 |         await router.releaseFirstPasteImage()
271 |         await submit.value
    |                      `- warning: expression of type 'Bool' is unused [#no-usage]
272 | 
273 |         let images = await router.recordedPasteImages()

/private/tmp/cmux-verify-20260908170330-19681-7317/source-e8fda62191/Packages/iOS/CmuxMobileShell/Tests/CmuxMobileShellTests/ComposerSubmitRoutingTests.swift:337:22: warning: expression of type 'Bool' is unused [#no-usage]
335 |         try installFreshRemoteClient(on: store, router: newRouter)
336 |         await firstRouter.releaseFirstPasteImage()
337 |         await submit.value
    |                      `- warning: expression of type 'Bool' is unused [#no-usage]
338 | 
339 |         // The first image reached the OLD session (it was already in flight); the

/private/tmp/cmux-verify-20260908170330-19681-7317/source-e8fda62191/Packages/iOS/CmuxMobileShell/Tests/CmuxMobileShellTests/ComposerSubmitRoutingTests.swift:376:22: warning: expression of type 'Bool' is unused [#no-usage]
374 |         try installFreshRemoteClient(on: store, router: newRouter)
375 |         await firstRouter.releaseFirstPasteImage()
376 |         await submit.value
    |                      `- warning: expression of type 'Bool' is unused [#no-usage]
377 | 
378 |         // Only the in-flight first image reached the old connection; nothing else.
[978/1059] Compiling CmuxMobileShellTests CountingSlowIgnoringCancellationTransport.swift
/private/tmp/cmux-verify-20260908170330-19681-7317/source-e8fda62191/Packages/iOS/CmuxMobileShell/Tests/CmuxMobileShellTests/ComposerSubmitRoutingTests.swift:30:22: warning: expression of type 'Bool' is unused [#no-usage]
 28 | 
 29 |         await router.releaseFirstPasteImage()
 30 |         await submit.value
    |                      `- warning: expression of type 'Bool' is unused [#no-usage]
 31 | 
 32 |         #expect(store.terminalSendStatus(forTerminalID: terminalID) == .sent)

/private/tmp/cmux-verify-20260908170330-19681-7317/source-e8fda62191/Packages/iOS/CmuxMobileShell/Tests/CmuxMobileShellTests/ComposerSubmitRoutingTests.swift:116:22: warning: expression of type 'Bool' is unused [#no-usage]
114 |         store.selectTerminal(MobileTerminalPreview.ID(rawValue: termB))
115 |         await router.releaseFirstPasteImage()
116 |         await submit.value
    |                      `- warning: expression of type 'Bool' is unused [#no-usage]
117 | 
118 |         let images = await router.recordedPasteImages()

/private/tmp/cmux-verify-20260908170330-19681-7317/source-e8fda62191/Packages/iOS/CmuxMobileShell/Tests/CmuxMobileShellTests/ComposerSubmitRoutingTests.swift:151:22: warning: expression of type 'Bool' is unused [#no-usage]
149 |         store.terminalInputText = "edited after send"
150 |         await router.releaseFirstPasteImage()
151 |         await submit.value
    |                      `- warning: expression of type 'Bool' is unused [#no-usage]
152 | 
153 |         let pastes = await router.recordedPastes()

/private/tmp/cmux-verify-20260908170330-19681-7317/source-e8fda62191/Packages/iOS/CmuxMobileShell/Tests/CmuxMobileShellTests/ComposerSubmitRoutingTests.swift:184:22: warning: expression of type 'Bool' is unused [#no-usage]
182 |         store.terminalInputText = "b-draft"
183 |         await router.releaseFirstPasteImage()
184 |         await submit.value
    |                      `- warning: expression of type 'Bool' is unused [#no-usage]
185 | 
186 |         let pastes = await router.recordedPastes()

/private/tmp/cmux-verify-20260908170330-19681-7317/source-e8fda62191/Packages/iOS/CmuxMobileShell/Tests/CmuxMobileShellTests/ComposerSubmitRoutingTests.swift:211:22: warning: expression of type 'Bool' is unused [#no-usage]
209 |         await router.awaitFirstPasteImageReached()
210 |         let second = Task { await store.submitComposer() }
211 |         await second.value
    |                      `- warning: expression of type 'Bool' is unused [#no-usage]
212 |         await router.releaseFirstPasteImage()
213 |         await first.value

/private/tmp/cmux-verify-20260908170330-19681-7317/source-e8fda62191/Packages/iOS/CmuxMobileShell/Tests/CmuxMobileShellTests/ComposerSubmitRoutingTests.swift:213:21: warning: expression of type 'Bool' is unused [#no-usage]
211 |         await second.value
212 |         await router.releaseFirstPasteImage()
213 |         await first.value
    |                     `- warning: expression of type 'Bool' is unused [#no-usage]
214 | 
215 |         let images = await router.recordedPasteImages()

/private/tmp/cmux-verify-20260908170330-19681-7317/source-e8fda62191/Packages/iOS/CmuxMobileShell/Tests/CmuxMobileShellTests/ComposerSubmitRoutingTests.swift:271:22: warning: expression of type 'Bool' is unused [#no-usage]
269 |         store.removePendingAttachment(id: secondID, forTerminalID: termA)
270 |         await router.releaseFirstPasteImage()
271 |         await submit.value
    |                      `- warning: expression of type 'Bool' is unused [#no-usage]
272 | 
273 |         let images = await router.recordedPasteImages()

/private/tmp/cmux-verify-20260908170330-19681-7317/source-e8fda62191/Packages/iOS/CmuxMobileShell/Tests/CmuxMobileShellTests/ComposerSubmitRoutingTests.swift:337:22: warning: expression of type 'Bool' is unused [#no-usage]
335 |         try installFreshRemoteClient(on: store, router: newRouter)
336 |         await firstRouter.releaseFirstPasteImage()
337 |         await submit.value
    |                      `- warning: expression of type 'Bool' is unused [#no-usage]
338 | 
339 |         // The first image reached the OLD session (it was already in flight); the

/private/tmp/cmux-verify-20260908170330-19681-7317/source-e8fda62191/Packages/iOS/CmuxMobileShell/Tests/CmuxMobileShellTests/ComposerSubmitRoutingTests.swift:376:22: warning: expression of type 'Bool' is unused [#no-usage]
374 |         try installFreshRemoteClient(on: store, router: newRouter)
375 |         await firstRouter.releaseFirstPasteImage()
376 |         await submit.value
    |                      `- warning: expression of type 'Bool' is unused [#no-usage]
377 | 
378 |         // Only the in-flight first image reached the old connection; nothing else.
[979/1059] Compiling CmuxMobileShellTests CountingSlowIgnoringCancellationTransportFactory.swift
/private/tmp/cmux-verify-20260908170330-19681-7317/source-e8fda62191/Packages/iOS/CmuxMobileShell/Tests/CmuxMobileShellTests/ComposerSubmitRoutingTests.swift:30:22: warning: expression of type 'Bool' is unused [#no-usage]
 28 | 
 29 |         await router.releaseFirstPasteImage()
 30 |         await submit.value
    |                      `- warning: expression of type 'Bool' is unused [#no-usage]
 31 | 
 32 |         #expect(store.terminalSendStatus(forTerminalID: terminalID) == .sent)

/private/tmp/cmux-verify-20260908170330-19681-7317/source-e8fda62191/Packages/iOS/CmuxMobileShell/Tests/CmuxMobileShellTests/ComposerSubmitRoutingTests.swift:116:22: warning: expression of type 'Bool' is unused [#no-usage]
114 |         store.selectTerminal(MobileTerminalPreview.ID(rawValue: termB))
115 |         await router.releaseFirstPasteImage()
116 |         await submit.value
    |                      `- warning: expression of type 'Bool' is unused [#no-usage]
117 | 
118 |         let images = await router.recordedPasteImages()

/private/tmp/cmux-verify-20260908170330-19681-7317/source-e8fda62191/Packages/iOS/CmuxMobileShell/Tests/CmuxMobileShellTests/ComposerSubmitRoutingTests.swift:151:22: warning: expression of type 'Bool' is unused [#no-usage]
149 |         store.terminalInputText = "edited after send"
150 |         await router.releaseFirstPasteImage()
151 |         await submit.value
    |                      `- warning: expression of type 'Bool' is unused [#no-usage]
152 | 
153 |         let pastes = await router.recordedPastes()

/private/tmp/cmux-verify-20260908170330-19681-7317/source-e8fda62191/Packages/iOS/CmuxMobileShell/Tests/CmuxMobileShellTests/ComposerSubmitRoutingTests.swift:184:22: warning: expression of type 'Bool' is unused [#no-usage]
182 |         store.terminalInputText = "b-draft"
183 |         await router.releaseFirstPasteImage()
184 |         await submit.value
    |                      `- warning: expression of type 'Bool' is unused [#no-usage]
185 | 
186 |         let pastes = await router.recordedPastes()

/private/tmp/cmux-verify-20260908170330-19681-7317/source-e8fda62191/Packages/iOS/CmuxMobileShell/Tests/CmuxMobileShellTests/ComposerSubmitRoutingTests.swift:211:22: warning: expression of type 'Bool' is unused [#no-usage]
209 |         await router.awaitFirstPasteImageReached()
210 |         let second = Task { await store.submitComposer() }
211 |         await second.value
    |                      `- warning: expression of type 'Bool' is unused [#no-usage]
212 |         await router.releaseFirstPasteImage()
213 |         await first.value

/private/tmp/cmux-verify-20260908170330-19681-7317/source-e8fda62191/Packages/iOS/CmuxMobileShell/Tests/CmuxMobileShellTests/ComposerSubmitRoutingTests.swift:213:21: warning: expression of type 'Bool' is unused [#no-usage]
211 |         await second.value
212 |         await router.releaseFirstPasteImage()
213 |         await first.value
    |                     `- warning: expression of type 'Bool' is unused [#no-usage]
214 | 
215 |         let images = await router.recordedPasteImages()

/private/tmp/cmux-verify-20260908170330-19681-7317/source-e8fda62191/Packages/iOS/CmuxMobileShell/Tests/CmuxMobileShellTests/ComposerSubmitRoutingTests.swift:271:22: warning: expression of type 'Bool' is unused [#no-usage]
269 |         store.removePendingAttachment(id: secondID, forTerminalID: termA)
270 |         await router.releaseFirstPasteImage()
271 |         await submit.value
    |                      `- warning: expression of type 'Bool' is unused [#no-usage]
272 | 
273 |         let images = await router.recordedPasteImages()

/private/tmp/cmux-verify-20260908170330-19681-7317/source-e8fda62191/Packages/iOS/CmuxMobileShell/Tests/CmuxMobileShellTests/ComposerSubmitRoutingTests.swift:337:22: warning: expression of type 'Bool' is unused [#no-usage]
335 |         try installFreshRemoteClient(on: store, router: newRouter)
336 |         await firstRouter.releaseFirstPasteImage()
337 |         await submit.value
    |                      `- warning: expression of type 'Bool' is unused [#no-usage]
338 | 
339 |         // The first image reached the OLD session (it was already in flight); the

/private/tmp/cmux-verify-20260908170330-19681-7317/source-e8fda62191/Packages/iOS/CmuxMobileShell/Tests/CmuxMobileShellTests/ComposerSubmitRoutingTests.swift:376:22: warning: expression of type 'Bool' is unused [#no-usage]
374 |         try installFreshRemoteClient(on: store, router: newRouter)
375 |         await firstRouter.releaseFirstPasteImage()
376 |         await submit.value
    |                      `- warning: expression of type 'Bool' is unused [#no-usage]
377 | 
378 |         // Only the in-flight first image reached the old connection; nothing else.
[980/1059] Compiling CmuxMobileShellTests CreatedTerminalSelectionTests.swift
/private/tmp/cmux-verify-20260908170330-19681-7317/source-e8fda62191/Packages/iOS/CmuxMobileShell/Tests/CmuxMobileShellTests/ComposerSubmitRoutingTests.swift:30:22: warning: expression of type 'Bool' is unused [#no-usage]
 28 | 
 29 |         await router.releaseFirstPasteImage()
 30 |         await submit.value
    |                      `- warning: expression of type 'Bool' is unused [#no-usage]
 31 | 
 32 |         #expect(store.terminalSendStatus(forTerminalID: terminalID) == .sent)

/private/tmp/cmux-verify-20260908170330-19681-7317/source-e8fda62191/Packages/iOS/CmuxMobileShell/Tests/CmuxMobileShellTests/ComposerSubmitRoutingTests.swift:116:22: warning: expression of type 'Bool' is unused [#no-usage]
114 |         store.selectTerminal(MobileTerminalPreview.ID(rawValue: termB))
115 |         await router.releaseFirstPasteImage()
116 |         await submit.value
    |                      `- warning: expression of type 'Bool' is unused [#no-usage]
117 | 
118 |         let images = await router.recordedPasteImages()

/private/tmp/cmux-verify-20260908170330-19681-7317/source-e8fda62191/Packages/iOS/CmuxMobileShell/Tests/CmuxMobileShellTests/ComposerSubmitRoutingTests.swift:151:22: warning: expression of type 'Bool' is unused [#no-usage]
149 |         store.terminalInputText = "edited after send"
150 |         await router.releaseFirstPasteImage()
151 |         await submit.value
    |                      `- warning: expression of type 'Bool' is unused [#no-usage]
152 | 
153 |         let pastes = await router.recordedPastes()

/private/tmp/cmux-verify-20260908170330-19681-7317/source-e8fda62191/Packages/iOS/CmuxMobileShell/Tests/CmuxMobileShellTests/ComposerSubmitRoutingTests.swift:184:22: warning: expression of type 'Bool' is unused [#no-usage]
182 |         store.terminalInputText = "b-draft"
183 |         await router.releaseFirstPasteImage()
184 |         await submit.value
    |                      `- warning: expression of type 'Bool' is unused [#no-usage]
185 | 
186 |         let pastes = await router.recordedPastes()

/private/tmp/cmux-verify-20260908170330-19681-7317/source-e8fda62191/Packages/iOS/CmuxMobileShell/Tests/CmuxMobileShellTests/ComposerSubmitRoutingTests.swift:211:22: warning: expression of type 'Bool' is unused [#no-usage]
209 |         await router.awaitFirstPasteImageReached()
210 |         let second = Task { await store.submitComposer() }
211 |         await second.value
    |                      `- warning: expression of type 'Bool' is unused [#no-usage]
212 |         await router.releaseFirstPasteImage()
213 |         await first.value

/private/tmp/cmux-verify-20260908170330-19681-7317/source-e8fda62191/Packages/iOS/CmuxMobileShell/Tests/CmuxMobileShellTests/ComposerSubmitRoutingTests.swift:213:21: warning: expression of type 'Bool' is unused [#no-usage]
211 |         await second.value
212 |         await router.releaseFirstPasteImage()
213 |         await first.value
    |                     `- warning: expression of type 'Bool' is unused [#no-usage]
214 | 
215 |         let images = await router.recordedPasteImages()

/private/tmp/cmux-verify-20260908170330-19681-7317/source-e8fda62191/Packages/iOS/CmuxMobileShell/Tests/CmuxMobileShellTests/ComposerSubmitRoutingTests.swift:271:22: warning: expression of type 'Bool' is unused [#no-usage]
269 |         store.removePendingAttachment(id: secondID, forTerminalID: termA)
270 |         await router.releaseFirstPasteImage()
271 |         await submit.value
    |                      `- warning: expression of type 'Bool' is unused [#no-usage]
272 | 
273 |         let images = await router.recordedPasteImages()

/private/tmp/cmux-verify-20260908170330-19681-7317/source-e8fda62191/Packages/iOS/CmuxMobileShell/Tests/CmuxMobileShellTests/ComposerSubmitRoutingTests.swift:337:22: warning: expression of type 'Bool' is unused [#no-usage]
335 |         try installFreshRemoteClient(on: store, router: newRouter)
336 |         await firstRouter.releaseFirstPasteImage()
337 |         await submit.value
    |                      `- warning: expression of type 'Bool' is unused [#no-usage]
338 | 
339 |         // The first image reached the OLD session (it was already in flight); the

/private/tmp/cmux-verify-20260908170330-19681-7317/source-e8fda62191/Packages/iOS/CmuxMobileShell/Tests/CmuxMobileShellTests/ComposerSubmitRoutingTests.swift:376:22: warning: expression of type 'Bool' is unused [#no-usage]
374 |         try installFreshRemoteClient(on: store, router: newRouter)
375 |         await firstRouter.releaseFirstPasteImage()
376 |         await submit.value
    |                      `- warning: expression of type 'Bool' is unused [#no-usage]
377 | 
378 |         // Only the in-flight first image reached the old connection; nothing else.
[981/1059] Compiling CmuxMobileShellTests DelayedFirstHidePairedMacHiddenStore.swift
/private/tmp/cmux-verify-20260908170330-19681-7317/source-e8fda62191/Packages/iOS/CmuxMobileShell/Tests/CmuxMobileShellTests/ComposerSubmitRoutingTests.swift:30:22: warning: expression of type 'Bool' is unused [#no-usage]
 28 | 
 29 |         await router.releaseFirstPasteImage()
 30 |         await submit.value
    |                      `- warning: expression of type 'Bool' is unused [#no-usage]
 31 | 
 32 |         #expect(store.terminalSendStatus(forTerminalID: terminalID) == .sent)

/private/tmp/cmux-verify-20260908170330-19681-7317/source-e8fda62191/Packages/iOS/CmuxMobileShell/Tests/CmuxMobileShellTests/ComposerSubmitRoutingTests.swift:116:22: warning: expression of type 'Bool' is unused [#no-usage]
114 |         store.selectTerminal(MobileTerminalPreview.ID(rawValue: termB))
115 |         await router.releaseFirstPasteImage()
116 |         await submit.value
    |                      `- warning: expression of type 'Bool' is unused [#no-usage]
117 | 
118 |         let images = await router.recordedPasteImages()

/private/tmp/cmux-verify-20260908170330-19681-7317/source-e8fda62191/Packages/iOS/CmuxMobileShell/Tests/CmuxMobileShellTests/ComposerSubmitRoutingTests.swift:151:22: warning: expression of type 'Bool' is unused [#no-usage]
149 |         store.terminalInputText = "edited after send"
150 |         await router.releaseFirstPasteImage()
151 |         await submit.value
    |                      `- warning: expression of type 'Bool' is unused [#no-usage]
152 | 
153 |         let pastes = await router.recordedPastes()

/private/tmp/cmux-verify-20260908170330-19681-7317/source-e8fda62191/Packages/iOS/CmuxMobileShell/Tests/CmuxMobileShellTests/ComposerSubmitRoutingTests.swift:184:22: warning: expression of type 'Bool' is unused [#no-usage]
182 |         store.terminalInputText = "b-draft"
183 |         await router.releaseFirstPasteImage()
184 |         await submit.value
    |                      `- warning: expression of type 'Bool' is unused [#no-usage]
185 | 
186 |         let pastes = await router.recordedPastes()

/private/tmp/cmux-verify-20260908170330-19681-7317/source-e8fda62191/Packages/iOS/CmuxMobileShell/Tests/CmuxMobileShellTests/ComposerSubmitRoutingTests.swift:211:22: warning: expression of type 'Bool' is unused [#no-usage]
209 |         await router.awaitFirstPasteImageReached()
210 |         let second = Task { await store.submitComposer() }
211 |         await second.value
    |                      `- warning: expression of type 'Bool' is unused [#no-usage]
212 |         await router.releaseFirstPasteImage()
213 |         await first.value

/private/tmp/cmux-verify-20260908170330-19681-7317/source-e8fda62191/Packages/iOS/CmuxMobileShell/Tests/CmuxMobileShellTests/ComposerSubmitRoutingTests.swift:213:21: warning: expression of type 'Bool' is unused [#no-usage]
211 |         await second.value
212 |         await router.releaseFirstPasteImage()
213 |         await first.value
    |                     `- warning: expression of type 'Bool' is unused [#no-usage]
214 | 
215 |         let images = await router.recordedPasteImages()

/private/tmp/cmux-verify-20260908170330-19681-7317/source-e8fda62191/Packages/iOS/CmuxMobileShell/Tests/CmuxMobileShellTests/ComposerSubmitRoutingTests.swift:271:22: warning: expression of type 'Bool' is unused [#no-usage]
269 |         store.removePendingAttachment(id: secondID, forTerminalID: termA)
270 |         await router.releaseFirstPasteImage()
271 |         await submit.value
    |                      `- warning: expression of type 'Bool' is unused [#no-usage]
272 | 
273 |         let images = await router.recordedPasteImages()

/private/tmp/cmux-verify-20260908170330-19681-7317/source-e8fda62191/Packages/iOS/CmuxMobileShell/Tests/CmuxMobileShellTests/ComposerSubmitRoutingTests.swift:337:22: warning: expression of type 'Bool' is unused [#no-usage]
335 |         try installFreshRemoteClient(on: store, router: newRouter)
336 |         await firstRouter.releaseFirstPasteImage()
337 |         await submit.value
    |                      `- warning: expression of type 'Bool' is unused [#no-usage]
338 | 
339 |         // The first image reached the OLD session (it was already in flight); the

/private/tmp/cmux-verify-20260908170330-19681-7317/source-e8fda62191/Packages/iOS/CmuxMobileShell/Tests/CmuxMobileShellTests/ComposerSubmitRoutingTests.swift:376:22: warning: expression of type 'Bool' is unused [#no-usage]
374 |         try installFreshRemoteClient(on: store, router: newRouter)
375 |         await firstRouter.releaseFirstPasteImage()
376 |         await submit.value
    |                      `- warning: expression of type 'Bool' is unused [#no-usage]
377 | 
378 |         // Only the in-flight first image reached the old connection; nothing else.
[982/1059] Compiling CmuxMobileShellTests DelayedTeamDeviceRegistry.swift
/private/tmp/cmux-verify-20260908170330-19681-7317/source-e8fda62191/Packages/iOS/CmuxMobileShell/Tests/CmuxMobileShellTests/ComposerSubmitRoutingTests.swift:30:22: warning: expression of type 'Bool' is unused [#no-usage]
 28 | 
 29 |         await router.releaseFirstPasteImage()
 30 |         await submit.value
    |                      `- warning: expression of type 'Bool' is unused [#no-usage]
 31 | 
 32 |         #expect(store.terminalSendStatus(forTerminalID: terminalID) == .sent)

/private/tmp/cmux-verify-20260908170330-19681-7317/source-e8fda62191/Packages/iOS/CmuxMobileShell/Tests/CmuxMobileShellTests/ComposerSubmitRoutingTests.swift:116:22: warning: expression of type 'Bool' is unused [#no-usage]
114 |         store.selectTerminal(MobileTerminalPreview.ID(rawValue: termB))
115 |         await router.releaseFirstPasteImage()
116 |         await submit.value
    |                      `- warning: expression of type 'Bool' is unused [#no-usage]
117 | 
118 |         let images = await router.recordedPasteImages()

/private/tmp/cmux-verify-20260908170330-19681-7317/source-e8fda62191/Packages/iOS/CmuxMobileShell/Tests/CmuxMobileShellTests/ComposerSubmitRoutingTests.swift:151:22: warning: expression of type 'Bool' is unused [#no-usage]
149 |         store.terminalInputText = "edited after send"
150 |         await router.releaseFirstPasteImage()
151 |         await submit.value
    |                      `- warning: expression of type 'Bool' is unused [#no-usage]
152 | 
153 |         let pastes = await router.recordedPastes()

/private/tmp/cmux-verify-20260908170330-19681-7317/source-e8fda62191/Packages/iOS/CmuxMobileShell/Tests/CmuxMobileShellTests/ComposerSubmitRoutingTests.swift:184:22: warning: expression of type 'Bool' is unused [#no-usage]
182 |         store.terminalInputText = "b-draft"
183 |         await router.releaseFirstPasteImage()
184 |         await submit.value
    |                      `- warning: expression of type 'Bool' is unused [#no-usage]
185 | 
186 |         let pastes = await router.recordedPastes()

/private/tmp/cmux-verify-20260908170330-19681-7317/source-e8fda62191/Packages/iOS/CmuxMobileShell/Tests/CmuxMobileShellTests/ComposerSubmitRoutingTests.swift:211:22: warning: expression of type 'Bool' is unused [#no-usage]
209 |         await router.awaitFirstPasteImageReached()
210 |         let second = Task { await store.submitComposer() }
211 |         await second.value
    |                      `- warning: expression of type 'Bool' is unused [#no-usage]
212 |         await router.releaseFirstPasteImage()
213 |         await first.value

/private/tmp/cmux-verify-20260908170330-19681-7317/source-e8fda62191/Packages/iOS/CmuxMobileShell/Tests/CmuxMobileShellTests/ComposerSubmitRoutingTests.swift:213:21: warning: expression of type 'Bool' is unused [#no-usage]
211 |         await second.value
212 |         await router.releaseFirstPasteImage()
213 |         await first.value
    |                     `- warning: expression of type 'Bool' is unused [#no-usage]
214 | 
215 |         let images = await router.recordedPasteImages()

/private/tmp/cmux-verify-20260908170330-19681-7317/source-e8fda62191/Packages/iOS/CmuxMobileShell/Tests/CmuxMobileShellTests/ComposerSubmitRoutingTests.swift:271:22: warning: expression of type 'Bool' is unused [#no-usage]
269 |         store.removePendingAttachment(id: secondID, forTerminalID: termA)
270 |         await router.releaseFirstPasteImage()
271 |         await submit.value
    |                      `- warning: expression of type 'Bool' is unused [#no-usage]
272 | 
273 |         let images = await router.recordedPasteImages()

/private/tmp/cmux-verify-20260908170330-19681-7317/source-e8fda62191/Packages/iOS/CmuxMobileShell/Tests/CmuxMobileShellTests/ComposerSubmitRoutingTests.swift:337:22: warning: expression of type 'Bool' is unused [#no-usage]
335 |         try installFreshRemoteClient(on: store, router: newRouter)
336 |         await firstRouter.releaseFirstPasteImage()
337 |         await submit.value
    |                      `- warning: expression of type 'Bool' is unused [#no-usage]
338 | 
339 |         // The first image reached the OLD session (it was already in flight); the

/private/tmp/cmux-verify-20260908170330-19681-7317/source-e8fda62191/Packages/iOS/CmuxMobileShell/Tests/CmuxMobileShellTests/ComposerSubmitRoutingTests.swift:376:22: warning: expression of type 'Bool' is unused [#no-usage]
374 |         try installFreshRemoteClient(on: store, router: newRouter)
375 |         await firstRouter.releaseFirstPasteImage()
376 |         await submit.value
    |                      `- warning: expression of type 'Bool' is unused [#no-usage]
377 | 
378 |         // Only the in-flight first image reached the old connection; nothing else.
[983/1059] Compiling CmuxMobileShellTests TerminalScrollDeliveryQueueTests.swift
[984/1059] Compiling CmuxMobileShellTests TerminalStaleFloorByteChannelTests.swift
[985/1059] Compiling CmuxMobileShellTests TerminalStaleFrameRecoveryBarrierTests.swift
[986/1059] Compiling CmuxMobileShellTests TerminalTextSnapshotTests.swift
[987/1059] Compiling CmuxMobileShellTests TerminalThemeApplyTests.swift
[988/1059] Compiling CmuxMobileShellTests TerminalThemeRenderGridTests.swift
[989/1059] Compiling CmuxMobileShellTests TerminalViewportResyncTests.swift
[990/1059] Compiling CmuxMobileShellTests TestBackupList.swift
[991/1059] Compiling CmuxMobileShellTests TokenProbe.swift
[992/1059] Compiling CmuxMobileShellTests UserDefaultsPairedMacBackupTeamStoreTests.swift
[993/1059] Compiling CmuxMobileShellTests WorkspaceAbsenceAuthorityTests.swift
[994/1059] Compiling CmuxMobileShellTests WorkspaceChangesContentFingerprintPolicyTests.swift
[995/1059] Compiling CmuxMobileShellTests WorkspaceChangesContentRequestTests.swift
[996/1059] Compiling CmuxMobileShellTests WorkspaceChangesContentResponseTests.swift
[997/1059] Compiling CmuxMobileShellTests WorkspaceChangesExpansionDownloadPolicyTests.swift
[998/1059] Compiling CmuxMobileShellTests WorkspaceChangesFetchErrorTests.swift
[999/1059] Compiling CmuxMobileShellTests WorkspaceChangesSummaryFetchPolicyTests.swift
[1000/1059] Compiling CmuxMobileShellTests WorkspaceChangesSummaryRefreshScopeTests.swift
[1001/1059] Compiling CmuxMobileShellTests MobileShellRenderGridLivenessTests.swift
[1002/1059] Compiling CmuxMobileShellTests MobileShellRenderGridReplayRetryExhaustionTests.swift
[1003/1059] Compiling CmuxMobileShellTests MobileShellRenderGridReplayStalenessTests.swift
[1004/1059] Compiling CmuxMobileShellTests MobileShellReplayDropRecoveryTests.swift
[1005/1059] Compiling CmuxMobileShellTests MobileShellReplayFallbackScreenTests.swift
[1006/1059] Compiling CmuxMobileShellTests MobileShellStateSyncTests.swift
[1007/1059] Compiling CmuxMobileShellTests MobileShellTerminalLaneConfigurationTests.swift
[1008/1059] Compiling CmuxMobileShellTests MobileShellTerminalReplayOffMainDecodingTests.swift
[1009/1059] Compiling CmuxMobileShellTests MobileShellWorkspaceCapabilityTests.swift
[1010/1059] Compiling CmuxMobileShellTests MobileShellWorkspaceCreateTests.swift
[1011/1059] Compiling CmuxMobileShellTests MobileShellWorkspaceMetadataActionTests.swift
[1012/1059] Compiling CmuxMobileShellTests MobileSignOutPlaceholderWorkspaceTests.swift
[1013/1059] Compiling CmuxMobileShellTests MobileSimulatorStreamStalenessMonitorTests.swift
[1014/1059] Compiling CmuxMobileShellTests MobileSimulatorStreamStoreTests.swift
[1015/1059] Compiling CmuxMobileShellTests MobileTaskComposerCancellationTests.swift
[1016/1059] Compiling CmuxMobileShellTests MobileTaskComposerSubmitTests.swift
[1017/1059] Compiling CmuxMobileShellTests MobileTaskDirectoryListTests.swift
[1018/1059] Compiling CmuxMobileShellTests MobileTaskDirectorySearchTests.swift
[1019/1059] Compiling CmuxMobileShellTests MobileTaskModelCatalogClientTests.swift
[1020/1059] Compiling CmuxMobileShellTests MobileShellCompositeForgetTeamlessScopeTests.swift
[1021/1059] Compiling CmuxMobileShellTests MobileShellCompositeForgetWildcardBreadthTests.swift
[1022/1059] Compiling CmuxMobileShellTests MobileShellCompositeHiddenMacRefreshTests.swift
[1023/1059] Compiling CmuxMobileShellTests MobileShellCompositeHideMacTests.swift
[1024/1059] Compiling CmuxMobileShellTests MobileShellCompositePairedMacCoalescingTests.swift
[1025/1059] Compiling CmuxMobileShellTests MobileShellCompositePairingScopeTests.swift
[1026/1059] Compiling CmuxMobileShellTests MobileShellCompositePreviewTests.swift
[1027/1059] Compiling CmuxMobileShellTests MobileShellCompositeRouteRemovalTests.swift
[1028/1059] Compiling CmuxMobileShellTests MobileShellCompositeSimulatorStreamTests.swift
[1029/1059] Compiling CmuxMobileShellTests MobileShellDemoContentTests.swift
[1030/1059] Compiling CmuxMobileShellTests MobileShellDismissSyncTests.swift
[1031/1059] Compiling CmuxMobileShellTests MobileShellForegroundResumeTests.swift
[1032/1059] Compiling CmuxMobileShellTests MobileShellMacAvailabilityFailureClassifierTests.swift
[1033/1059] Compiling CmuxMobileShellTests MobileShellNotificationFeedStateTests.swift
[1034/1059] Compiling CmuxMobileShellTests MobileShellRenderGridEventFrameFixtures.swift
[1035/1059] Compiling CmuxMobileShellTests MobileShellRenderGridFrameTestSupport.swift
[1036/1059] Compiling CmuxMobileShellTests MobileShellRenderGridInputCatchUpTests.swift
[1037/1059] Compiling CmuxMobileShellTests MobileShellRenderGridLivenessRuntimeSupport.swift
[1038/1059] Compiling CmuxMobileShellTests MobileShellRenderGridLivenessTestSupport.swift
[1039/1059] Compiling CmuxMobileShellTests MobileMacAppVersionTests.swift
/private/tmp/cmux-verify-20260908170330-19681-7317/source-e8fda62191/Packages/iOS/CmuxMobileShell/Tests/CmuxMobileShellTests/MobileMacBuildCompatibilityPolicyTests.swift:102:38: warning: '#require(_:_:)' is redundant because 'MobileIOSBuildScope("feature")' never equals 'nil' (from macro 'require')
100 |         let allowlist = MobileMacTagAllowlist(tags: ["granted"])
101 |         let policy = MobileMacBuildCompatibilityPolicy.current(
102 |             buildScope: try #require(MobileIOSBuildScope("feature")),
    |                                      `- warning: '#require(_:_:)' is redundant because 'MobileIOSBuildScope("feature")' never equals 'nil' (from macro 'require')
103 |             additionalInstanceTags: allowlist
104 |         )

/private/tmp/cmux-verify-20260908170330-19681-7317/source-e8fda62191/Packages/iOS/CmuxMobileShell/Tests/CmuxMobileShellTests/MobileMacConnectionPoolTests.swift:4205:13: warning: initialization of immutable value 'targetMacID' was never used; consider replacing with assignment to '_' or removing it [#no-usage]
4203 |         )
4204 |         let target = heldStreamID == first.streamID ? second : first
4205 |         let targetMacID = target.macDeviceID
     |             `- warning: initialization of immutable value 'targetMacID' was never used; consider replacing with assignment to '_' or removing it [#no-usage]
4206 |         let completion = PromotionFenceCompletion()
4207 |         let fence = Task { @MainActor in

/private/tmp/cmux-verify-20260908170330-19681-7317/source-e8fda62191/Packages/iOS/CmuxMobileShell/Tests/CmuxMobileShellTests/MobilePairingAttemptDeadlineTests.swift:23:21: warning: result of call to 'connectPairingInput(allowPreview:pairedMacDeviceID:instanceTag:)' is unused [#no-usage]
 21 |         let store = makeStore(pairingCode: try Self.pairingURL())
 22 | 
 23 |         await store.connectPairingInput()
    |                     `- warning: result of call to 'connectPairingInput(allowPreview:pairedMacDeviceID:instanceTag:)' is unused [#no-usage]
 24 | 
 25 |         #expect(store.connectionState == .disconnected)
[1040/1059] Compiling CmuxMobileShellTests MobileMacBuildCompatibilityPolicyTests.swift
/private/tmp/cmux-verify-20260908170330-19681-7317/source-e8fda62191/Packages/iOS/CmuxMobileShell/Tests/CmuxMobileShellTests/MobileMacBuildCompatibilityPolicyTests.swift:102:38: warning: '#require(_:_:)' is redundant because 'MobileIOSBuildScope("feature")' never equals 'nil' (from macro 'require')
100 |         let allowlist = MobileMacTagAllowlist(tags: ["granted"])
101 |         let policy = MobileMacBuildCompatibilityPolicy.current(
102 |             buildScope: try #require(MobileIOSBuildScope("feature")),
    |                                      `- warning: '#require(_:_:)' is redundant because 'MobileIOSBuildScope("feature")' never equals 'nil' (from macro 'require')
103 |             additionalInstanceTags: allowlist
104 |         )

/private/tmp/cmux-verify-20260908170330-19681-7317/source-e8fda62191/Packages/iOS/CmuxMobileShell/Tests/CmuxMobileShellTests/MobileMacConnectionPoolTests.swift:4205:13: warning: initialization of immutable value 'targetMacID' was never used; consider replacing with assignment to '_' or removing it [#no-usage]
4203 |         )
4204 |         let target = heldStreamID == first.streamID ? second : first
4205 |         let targetMacID = target.macDeviceID
     |             `- warning: initialization of immutable value 'targetMacID' was never used; consider replacing with assignment to '_' or removing it [#no-usage]
4206 |         let completion = PromotionFenceCompletion()
4207 |         let fence = Task { @MainActor in

/private/tmp/cmux-verify-20260908170330-19681-7317/source-e8fda62191/Packages/iOS/CmuxMobileShell/Tests/CmuxMobileShellTests/MobilePairingAttemptDeadlineTests.swift:23:21: warning: result of call to 'connectPairingInput(allowPreview:pairedMacDeviceID:instanceTag:)' is unused [#no-usage]
 21 |         let store = makeStore(pairingCode: try Self.pairingURL())
 22 | 
 23 |         await store.connectPairingInput()
    |                     `- warning: result of call to 'connectPairingInput(allowPreview:pairedMacDeviceID:instanceTag:)' is unused [#no-usage]
 24 | 
 25 |         #expect(store.connectionState == .disconnected)
[1041/1059] Compiling CmuxMobileShellTests MobileMacCompatPolicyTests.swift
/private/tmp/cmux-verify-20260908170330-19681-7317/source-e8fda62191/Packages/iOS/CmuxMobileShell/Tests/CmuxMobileShellTests/MobileMacBuildCompatibilityPolicyTests.swift:102:38: warning: '#require(_:_:)' is redundant because 'MobileIOSBuildScope("feature")' never equals 'nil' (from macro 'require')
100 |         let allowlist = MobileMacTagAllowlist(tags: ["granted"])
101 |         let policy = MobileMacBuildCompatibilityPolicy.current(
102 |             buildScope: try #require(MobileIOSBuildScope("feature")),
    |                                      `- warning: '#require(_:_:)' is redundant because 'MobileIOSBuildScope("feature")' never equals 'nil' (from macro 'require')
103 |             additionalInstanceTags: allowlist
104 |         )

/private/tmp/cmux-verify-20260908170330-19681-7317/source-e8fda62191/Packages/iOS/CmuxMobileShell/Tests/CmuxMobileShellTests/MobileMacConnectionPoolTests.swift:4205:13: warning: initialization of immutable value 'targetMacID' was never used; consider replacing with assignment to '_' or removing it [#no-usage]
4203 |         )
4204 |         let target = heldStreamID == first.streamID ? second : first
4205 |         let targetMacID = target.macDeviceID
     |             `- warning: initialization of immutable value 'targetMacID' was never used; consider replacing with assignment to '_' or removing it [#no-usage]
4206 |         let completion = PromotionFenceCompletion()
4207 |         let fence = Task { @MainActor in

/private/tmp/cmux-verify-20260908170330-19681-7317/source-e8fda62191/Packages/iOS/CmuxMobileShell/Tests/CmuxMobileShellTests/MobilePairingAttemptDeadlineTests.swift:23:21: warning: result of call to 'connectPairingInput(allowPreview:pairedMacDeviceID:instanceTag:)' is unused [#no-usage]
 21 |         let store = makeStore(pairingCode: try Self.pairingURL())
 22 | 
 23 |         await store.connectPairingInput()
    |                     `- warning: result of call to 'connectPairingInput(allowPreview:pairedMacDeviceID:instanceTag:)' is unused [#no-usage]
 24 | 
 25 |         #expect(store.connectionState == .disconnected)
[1042/1059] Compiling CmuxMobileShellTests MobileMacConnectionPoolTests.swift
/private/tmp/cmux-verify-20260908170330-19681-7317/source-e8fda62191/Packages/iOS/CmuxMobileShell/Tests/CmuxMobileShellTests/MobileMacBuildCompatibilityPolicyTests.swift:102:38: warning: '#require(_:_:)' is redundant because 'MobileIOSBuildScope("feature")' never equals 'nil' (from macro 'require')
100 |         let allowlist = MobileMacTagAllowlist(tags: ["granted"])
101 |         let policy = MobileMacBuildCompatibilityPolicy.current(
102 |             buildScope: try #require(MobileIOSBuildScope("feature")),
    |                                      `- warning: '#require(_:_:)' is redundant because 'MobileIOSBuildScope("feature")' never equals 'nil' (from macro 'require')
103 |             additionalInstanceTags: allowlist
104 |         )

/private/tmp/cmux-verify-20260908170330-19681-7317/source-e8fda62191/Packages/iOS/CmuxMobileShell/Tests/CmuxMobileShellTests/MobileMacConnectionPoolTests.swift:4205:13: warning: initialization of immutable value 'targetMacID' was never used; consider replacing with assignment to '_' or removing it [#no-usage]
4203 |         )
4204 |         let target = heldStreamID == first.streamID ? second : first
4205 |         let targetMacID = target.macDeviceID
     |             `- warning: initialization of immutable value 'targetMacID' was never used; consider replacing with assignment to '_' or removing it [#no-usage]
4206 |         let completion = PromotionFenceCompletion()
4207 |         let fence = Task { @MainActor in

/private/tmp/cmux-verify-20260908170330-19681-7317/source-e8fda62191/Packages/iOS/CmuxMobileShell/Tests/CmuxMobileShellTests/MobilePairingAttemptDeadlineTests.swift:23:21: warning: result of call to 'connectPairingInput(allowPreview:pairedMacDeviceID:instanceTag:)' is unused [#no-usage]
 21 |         let store = makeStore(pairingCode: try Self.pairingURL())
 22 | 
 23 |         await store.connectPairingInput()
    |                     `- warning: result of call to 'connectPairingInput(allowPreview:pairedMacDeviceID:instanceTag:)' is unused [#no-usage]
 24 | 
 25 |         #expect(store.connectionState == .disconnected)
[1043/1059] Compiling CmuxMobileShellTests MobileMacInstanceConnectionAuthorityTests.swift
/private/tmp/cmux-verify-20260908170330-19681-7317/source-e8fda62191/Packages/iOS/CmuxMobileShell/Tests/CmuxMobileShellTests/MobileMacBuildCompatibilityPolicyTests.swift:102:38: warning: '#require(_:_:)' is redundant because 'MobileIOSBuildScope("feature")' never equals 'nil' (from macro 'require')
100 |         let allowlist = MobileMacTagAllowlist(tags: ["granted"])
101 |         let policy = MobileMacBuildCompatibilityPolicy.current(
102 |             buildScope: try #require(MobileIOSBuildScope("feature")),
    |                                      `- warning: '#require(_:_:)' is redundant because 'MobileIOSBuildScope("feature")' never equals 'nil' (from macro 'require')
103 |             additionalInstanceTags: allowlist
104 |         )

/private/tmp/cmux-verify-20260908170330-19681-7317/source-e8fda62191/Packages/iOS/CmuxMobileShell/Tests/CmuxMobileShellTests/MobileMacConnectionPoolTests.swift:4205:13: warning: initialization of immutable value 'targetMacID' was never used; consider replacing with assignment to '_' or removing it [#no-usage]
4203 |         )
4204 |         let target = heldStreamID == first.streamID ? second : first
4205 |         let targetMacID = target.macDeviceID
     |             `- warning: initialization of immutable value 'targetMacID' was never used; consider replacing with assignment to '_' or removing it [#no-usage]
4206 |         let completion = PromotionFenceCompletion()
4207 |         let fence = Task { @MainActor in

/private/tmp/cmux-verify-20260908170330-19681-7317/source-e8fda62191/Packages/iOS/CmuxMobileShell/Tests/CmuxMobileShellTests/MobilePairingAttemptDeadlineTests.swift:23:21: warning: result of call to 'connectPairingInput(allowPreview:pairedMacDeviceID:instanceTag:)' is unused [#no-usage]
 21 |         let store = makeStore(pairingCode: try Self.pairingURL())
 22 | 
 23 |         await store.connectPairingInput()
    |                     `- warning: result of call to 'connectPairingInput(allowPreview:pairedMacDeviceID:instanceTag:)' is unused [#no-usage]
 24 | 
 25 |         #expect(store.connectionState == .disconnected)
[1044/1059] Compiling CmuxMobileShellTests MobileMacInstanceRouteRaceTests.swift
/private/tmp/cmux-verify-20260908170330-19681-7317/source-e8fda62191/Packages/iOS/CmuxMobileShell/Tests/CmuxMobileShellTests/MobileMacBuildCompatibilityPolicyTests.swift:102:38: warning: '#require(_:_:)' is redundant because 'MobileIOSBuildScope("feature")' never equals 'nil' (from macro 'require')
100 |         let allowlist = MobileMacTagAllowlist(tags: ["granted"])
101 |         let policy = MobileMacBuildCompatibilityPolicy.current(
102 |             buildScope: try #require(MobileIOSBuildScope("feature")),
    |                                      `- warning: '#require(_:_:)' is redundant because 'MobileIOSBuildScope("feature")' never equals 'nil' (from macro 'require')
103 |             additionalInstanceTags: allowlist
104 |         )

/private/tmp/cmux-verify-20260908170330-19681-7317/source-e8fda62191/Packages/iOS/CmuxMobileShell/Tests/CmuxMobileShellTests/MobileMacConnectionPoolTests.swift:4205:13: warning: initialization of immutable value 'targetMacID' was never used; consider replacing with assignment to '_' or removing it [#no-usage]
4203 |         )
4204 |         let target = heldStreamID == first.streamID ? second : first
4205 |         let targetMacID = target.macDeviceID
     |             `- warning: initialization of immutable value 'targetMacID' was never used; consider replacing with assignment to '_' or removing it [#no-usage]
4206 |         let completion = PromotionFenceCompletion()
4207 |         let fence = Task { @MainActor in

/private/tmp/cmux-verify-20260908170330-19681-7317/source-e8fda62191/Packages/iOS/CmuxMobileShell/Tests/CmuxMobileShellTests/MobilePairingAttemptDeadlineTests.swift:23:21: warning: result of call to 'connectPairingInput(allowPreview:pairedMacDeviceID:instanceTag:)' is unused [#no-usage]
 21 |         let store = makeStore(pairingCode: try Self.pairingURL())
 22 | 
 23 |         await store.connectPairingInput()
    |                     `- warning: result of call to 'connectPairingInput(allowPreview:pairedMacDeviceID:instanceTag:)' is unused [#no-usage]
 24 | 
 25 |         #expect(store.connectionState == .disconnected)
[1045/1059] Compiling CmuxMobileShellTests MobileMacInstanceTagAuthorityTests.swift
/private/tmp/cmux-verify-20260908170330-19681-7317/source-e8fda62191/Packages/iOS/CmuxMobileShell/Tests/CmuxMobileShellTests/MobileMacBuildCompatibilityPolicyTests.swift:102:38: warning: '#require(_:_:)' is redundant because 'MobileIOSBuildScope("feature")' never equals 'nil' (from macro 'require')
100 |         let allowlist = MobileMacTagAllowlist(tags: ["granted"])
101 |         let policy = MobileMacBuildCompatibilityPolicy.current(
102 |             buildScope: try #require(MobileIOSBuildScope("feature")),
    |                                      `- warning: '#require(_:_:)' is redundant because 'MobileIOSBuildScope("feature")' never equals 'nil' (from macro 'require')
103 |             additionalInstanceTags: allowlist
104 |         )

/private/tmp/cmux-verify-20260908170330-19681-7317/source-e8fda62191/Packages/iOS/CmuxMobileShell/Tests/CmuxMobileShellTests/MobileMacConnectionPoolTests.swift:4205:13: warning: initialization of immutable value 'targetMacID' was never used; consider replacing with assignment to '_' or removing it [#no-usage]
4203 |         )
4204 |         let target = heldStreamID == first.streamID ? second : first
4205 |         let targetMacID = target.macDeviceID
     |             `- warning: initialization of immutable value 'targetMacID' was never used; consider replacing with assignment to '_' or removing it [#no-usage]
4206 |         let completion = PromotionFenceCompletion()
4207 |         let fence = Task { @MainActor in

/private/tmp/cmux-verify-20260908170330-19681-7317/source-e8fda62191/Packages/iOS/CmuxMobileShell/Tests/CmuxMobileShellTests/MobilePairingAttemptDeadlineTests.swift:23:21: warning: result of call to 'connectPairingInput(allowPreview:pairedMacDeviceID:instanceTag:)' is unused [#no-usage]
 21 |         let store = makeStore(pairingCode: try Self.pairingURL())
 22 | 
 23 |         await store.connectPairingInput()
    |                     `- warning: result of call to 'connectPairingInput(allowPreview:pairedMacDeviceID:instanceTag:)' is unused [#no-usage]
 24 | 
 25 |         #expect(store.connectionState == .disconnected)
[1046/1059] Compiling CmuxMobileShellTests MobileMacUpdateHintDismissalStoreTests.swift
/private/tmp/cmux-verify-20260908170330-19681-7317/source-e8fda62191/Packages/iOS/CmuxMobileShell/Tests/CmuxMobileShellTests/MobileMacBuildCompatibilityPolicyTests.swift:102:38: warning: '#require(_:_:)' is redundant because 'MobileIOSBuildScope("feature")' never equals 'nil' (from macro 'require')
100 |         let allowlist = MobileMacTagAllowlist(tags: ["granted"])
101 |         let policy = MobileMacBuildCompatibilityPolicy.current(
102 |             buildScope: try #require(MobileIOSBuildScope("feature")),
    |                                      `- warning: '#require(_:_:)' is redundant because 'MobileIOSBuildScope("feature")' never equals 'nil' (from macro 'require')
103 |             additionalInstanceTags: allowlist
104 |         )

/private/tmp/cmux-verify-20260908170330-19681-7317/source-e8fda62191/Packages/iOS/CmuxMobileShell/Tests/CmuxMobileShellTests/MobileMacConnectionPoolTests.swift:4205:13: warning: initialization of immutable value 'targetMacID' was never used; consider replacing with assignment to '_' or removing it [#no-usage]
4203 |         )
4204 |         let target = heldStreamID == first.streamID ? second : first
4205 |         let targetMacID = target.macDeviceID
     |             `- warning: initialization of immutable value 'targetMacID' was never used; consider replacing with assignment to '_' or removing it [#no-usage]
4206 |         let completion = PromotionFenceCompletion()
4207 |         let fence = Task { @MainActor in

/private/tmp/cmux-verify-20260908170330-19681-7317/source-e8fda62191/Packages/iOS/CmuxMobileShell/Tests/CmuxMobileShellTests/MobilePairingAttemptDeadlineTests.swift:23:21: warning: result of call to 'connectPairingInput(allowPreview:pairedMacDeviceID:instanceTag:)' is unused [#no-usage]
 21 |         let store = makeStore(pairingCode: try Self.pairingURL())
 22 | 
 23 |         await store.connectPairingInput()
    |                     `- warning: result of call to 'connectPairingInput(allowPreview:pairedMacDeviceID:instanceTag:)' is unused [#no-usage]
 24 | 
 25 |         #expect(store.connectionState == .disconnected)
[1047/1059] Compiling CmuxMobileShellTests MobileMacUpdateHintTests.swift
/private/tmp/cmux-verify-20260908170330-19681-7317/source-e8fda62191/Packages/iOS/CmuxMobileShell/Tests/CmuxMobileShellTests/MobileMacBuildCompatibilityPolicyTests.swift:102:38: warning: '#require(_:_:)' is redundant because 'MobileIOSBuildScope("feature")' never equals 'nil' (from macro 'require')
100 |         let allowlist = MobileMacTagAllowlist(tags: ["granted"])
101 |         let policy = MobileMacBuildCompatibilityPolicy.current(
102 |             buildScope: try #require(MobileIOSBuildScope("feature")),
    |                                      `- warning: '#require(_:_:)' is redundant because 'MobileIOSBuildScope("feature")' never equals 'nil' (from macro 'require')
103 |             additionalInstanceTags: allowlist
104 |         )

/private/tmp/cmux-verify-20260908170330-19681-7317/source-e8fda62191/Packages/iOS/CmuxMobileShell/Tests/CmuxMobileShellTests/MobileMacConnectionPoolTests.swift:4205:13: warning: initialization of immutable value 'targetMacID' was never used; consider replacing with assignment to '_' or removing it [#no-usage]
4203 |         )
4204 |         let target = heldStreamID == first.streamID ? second : first
4205 |         let targetMacID = target.macDeviceID
     |             `- warning: initialization of immutable value 'targetMacID' was never used; consider replacing with assignment to '_' or removing it [#no-usage]
4206 |         let completion = PromotionFenceCompletion()
4207 |         let fence = Task { @MainActor in

/private/tmp/cmux-verify-20260908170330-19681-7317/source-e8fda62191/Packages/iOS/CmuxMobileShell/Tests/CmuxMobileShellTests/MobilePairingAttemptDeadlineTests.swift:23:21: warning: result of call to 'connectPairingInput(allowPreview:pairedMacDeviceID:instanceTag:)' is unused [#no-usage]
 21 |         let store = makeStore(pairingCode: try Self.pairingURL())
 22 | 
 23 |         await store.connectPairingInput()
    |                     `- warning: result of call to 'connectPairingInput(allowPreview:pairedMacDeviceID:instanceTag:)' is unused [#no-usage]
 24 | 
 25 |         #expect(store.connectionState == .disconnected)
[1048/1059] Compiling CmuxMobileShellTests MobilePairedMacPersistenceFailureTests.swift
/private/tmp/cmux-verify-20260908170330-19681-7317/source-e8fda62191/Packages/iOS/CmuxMobileShell/Tests/CmuxMobileShellTests/MobileMacBuildCompatibilityPolicyTests.swift:102:38: warning: '#require(_:_:)' is redundant because 'MobileIOSBuildScope("feature")' never equals 'nil' (from macro 'require')
100 |         let allowlist = MobileMacTagAllowlist(tags: ["granted"])
101 |         let policy = MobileMacBuildCompatibilityPolicy.current(
102 |             buildScope: try #require(MobileIOSBuildScope("feature")),
    |                                      `- warning: '#require(_:_:)' is redundant because 'MobileIOSBuildScope("feature")' never equals 'nil' (from macro 'require')
103 |             additionalInstanceTags: allowlist
104 |         )

/private/tmp/cmux-verify-20260908170330-19681-7317/source-e8fda62191/Packages/iOS/CmuxMobileShell/Tests/CmuxMobileShellTests/MobileMacConnectionPoolTests.swift:4205:13: warning: initialization of immutable value 'targetMacID' was never used; consider replacing with assignment to '_' or removing it [#no-usage]
4203 |         )
4204 |         let target = heldStreamID == first.streamID ? second : first
4205 |         let targetMacID = target.macDeviceID
     |             `- warning: initialization of immutable value 'targetMacID' was never used; consider replacing with assignment to '_' or removing it [#no-usage]
4206 |         let completion = PromotionFenceCompletion()
4207 |         let fence = Task { @MainActor in

/private/tmp/cmux-verify-20260908170330-19681-7317/source-e8fda62191/Packages/iOS/CmuxMobileShell/Tests/CmuxMobileShellTests/MobilePairingAttemptDeadlineTests.swift:23:21: warning: result of call to 'connectPairingInput(allowPreview:pairedMacDeviceID:instanceTag:)' is unused [#no-usage]
 21 |         let store = makeStore(pairingCode: try Self.pairingURL())
 22 | 
 23 |         await store.connectPairingInput()
    |                     `- warning: result of call to 'connectPairingInput(allowPreview:pairedMacDeviceID:instanceTag:)' is unused [#no-usage]
 24 | 
 25 |         #expect(store.connectionState == .disconnected)
[1049/1059] Compiling CmuxMobileShellTests MobilePairingAttemptDeadlineTests.swift
/private/tmp/cmux-verify-20260908170330-19681-7317/source-e8fda62191/Packages/iOS/CmuxMobileShell/Tests/CmuxMobileShellTests/MobileMacBuildCompatibilityPolicyTests.swift:102:38: warning: '#require(_:_:)' is redundant because 'MobileIOSBuildScope("feature")' never equals 'nil' (from macro 'require')
100 |         let allowlist = MobileMacTagAllowlist(tags: ["granted"])
101 |         let policy = MobileMacBuildCompatibilityPolicy.current(
102 |             buildScope: try #require(MobileIOSBuildScope("feature")),
    |                                      `- warning: '#require(_:_:)' is redundant because 'MobileIOSBuildScope("feature")' never equals 'nil' (from macro 'require')
103 |             additionalInstanceTags: allowlist
104 |         )

/private/tmp/cmux-verify-20260908170330-19681-7317/source-e8fda62191/Packages/iOS/CmuxMobileShell/Tests/CmuxMobileShellTests/MobileMacConnectionPoolTests.swift:4205:13: warning: initialization of immutable value 'targetMacID' was never used; consider replacing with assignment to '_' or removing it [#no-usage]
4203 |         )
4204 |         let target = heldStreamID == first.streamID ? second : first
4205 |         let targetMacID = target.macDeviceID
     |             `- warning: initialization of immutable value 'targetMacID' was never used; consider replacing with assignment to '_' or removing it [#no-usage]
4206 |         let completion = PromotionFenceCompletion()
4207 |         let fence = Task { @MainActor in

/private/tmp/cmux-verify-20260908170330-19681-7317/source-e8fda62191/Packages/iOS/CmuxMobileShell/Tests/CmuxMobileShellTests/MobilePairingAttemptDeadlineTests.swift:23:21: warning: result of call to 'connectPairingInput(allowPreview:pairedMacDeviceID:instanceTag:)' is unused [#no-usage]
 21 |         let store = makeStore(pairingCode: try Self.pairingURL())
 22 | 
 23 |         await store.connectPairingInput()
    |                     `- warning: result of call to 'connectPairingInput(allowPreview:pairedMacDeviceID:instanceTag:)' is unused [#no-usage]
 24 | 
 25 |         #expect(store.connectionState == .disconnected)
[1050/1059] Compiling CmuxMobileShellTests MobilePairingFailureTests.swift
/private/tmp/cmux-verify-20260908170330-19681-7317/source-e8fda62191/Packages/iOS/CmuxMobileShell/Tests/CmuxMobileShellTests/MobileMacBuildCompatibilityPolicyTests.swift:102:38: warning: '#require(_:_:)' is redundant because 'MobileIOSBuildScope("feature")' never equals 'nil' (from macro 'require')
100 |         let allowlist = MobileMacTagAllowlist(tags: ["granted"])
101 |         let policy = MobileMacBuildCompatibilityPolicy.current(
102 |             buildScope: try #require(MobileIOSBuildScope("feature")),
    |                                      `- warning: '#require(_:_:)' is redundant because 'MobileIOSBuildScope("feature")' never equals 'nil' (from macro 'require')
103 |             additionalInstanceTags: allowlist
104 |         )

/private/tmp/cmux-verify-20260908170330-19681-7317/source-e8fda62191/Packages/iOS/CmuxMobileShell/Tests/CmuxMobileShellTests/MobileMacConnectionPoolTests.swift:4205:13: warning: initialization of immutable value 'targetMacID' was never used; consider replacing with assignment to '_' or removing it [#no-usage]
4203 |         )
4204 |         let target = heldStreamID == first.streamID ? second : first
4205 |         let targetMacID = target.macDeviceID
     |             `- warning: initialization of immutable value 'targetMacID' was never used; consider replacing with assignment to '_' or removing it [#no-usage]
4206 |         let completion = PromotionFenceCompletion()
4207 |         let fence = Task { @MainActor in

/private/tmp/cmux-verify-20260908170330-19681-7317/source-e8fda62191/Packages/iOS/CmuxMobileShell/Tests/CmuxMobileShellTests/MobilePairingAttemptDeadlineTests.swift:23:21: warning: result of call to 'connectPairingInput(allowPreview:pairedMacDeviceID:instanceTag:)' is unused [#no-usage]
 21 |         let store = makeStore(pairingCode: try Self.pairingURL())
 22 | 
 23 |         await store.connectPairingInput()
    |                     `- warning: result of call to 'connectPairingInput(allowPreview:pairedMacDeviceID:instanceTag:)' is unused [#no-usage]
 24 | 
 25 |         #expect(store.connectionState == .disconnected)
[1051/1059] Compiling CmuxMobileShellTests MobilePresencePushRecoveryThrottleTests.swift
/private/tmp/cmux-verify-20260908170330-19681-7317/source-e8fda62191/Packages/iOS/CmuxMobileShell/Tests/CmuxMobileShellTests/MobileMacBuildCompatibilityPolicyTests.swift:102:38: warning: '#require(_:_:)' is redundant because 'MobileIOSBuildScope("feature")' never equals 'nil' (from macro 'require')
100 |         let allowlist = MobileMacTagAllowlist(tags: ["granted"])
101 |         let policy = MobileMacBuildCompatibilityPolicy.current(
102 |             buildScope: try #require(MobileIOSBuildScope("feature")),
    |                                      `- warning: '#require(_:_:)' is redundant because 'MobileIOSBuildScope("feature")' never equals 'nil' (from macro 'require')
103 |             additionalInstanceTags: allowlist
104 |         )

/private/tmp/cmux-verify-20260908170330-19681-7317/source-e8fda62191/Packages/iOS/CmuxMobileShell/Tests/CmuxMobileShellTests/MobileMacConnectionPoolTests.swift:4205:13: warning: initialization of immutable value 'targetMacID' was never used; consider replacing with assignment to '_' or removing it [#no-usage]
4203 |         )
4204 |         let target = heldStreamID == first.streamID ? second : first
4205 |         let targetMacID = target.macDeviceID
     |             `- warning: initialization of immutable value 'targetMacID' was never used; consider replacing with assignment to '_' or removing it [#no-usage]
4206 |         let completion = PromotionFenceCompletion()
4207 |         let fence = Task { @MainActor in

/private/tmp/cmux-verify-20260908170330-19681-7317/source-e8fda62191/Packages/iOS/CmuxMobileShell/Tests/CmuxMobileShellTests/MobilePairingAttemptDeadlineTests.swift:23:21: warning: result of call to 'connectPairingInput(allowPreview:pairedMacDeviceID:instanceTag:)' is unused [#no-usage]
 21 |         let store = makeStore(pairingCode: try Self.pairingURL())
 22 | 
 23 |         await store.connectPairingInput()
    |                     `- warning: result of call to 'connectPairingInput(allowPreview:pairedMacDeviceID:instanceTag:)' is unused [#no-usage]
 24 | 
 25 |         #expect(store.connectionState == .disconnected)
[1052/1059] Compiling CmuxMobileShellTests MobileSecondaryInstanceAuthorityTests.swift
/private/tmp/cmux-verify-20260908170330-19681-7317/source-e8fda62191/Packages/iOS/CmuxMobileShell/Tests/CmuxMobileShellTests/MobileMacBuildCompatibilityPolicyTests.swift:102:38: warning: '#require(_:_:)' is redundant because 'MobileIOSBuildScope("feature")' never equals 'nil' (from macro 'require')
100 |         let allowlist = MobileMacTagAllowlist(tags: ["granted"])
101 |         let policy = MobileMacBuildCompatibilityPolicy.current(
102 |             buildScope: try #require(MobileIOSBuildScope("feature")),
    |                                      `- warning: '#require(_:_:)' is redundant because 'MobileIOSBuildScope("feature")' never equals 'nil' (from macro 'require')
103 |             additionalInstanceTags: allowlist
104 |         )

/private/tmp/cmux-verify-20260908170330-19681-7317/source-e8fda62191/Packages/iOS/CmuxMobileShell/Tests/CmuxMobileShellTests/MobileMacConnectionPoolTests.swift:4205:13: warning: initialization of immutable value 'targetMacID' was never used; consider replacing with assignment to '_' or removing it [#no-usage]
4203 |         )
4204 |         let target = heldStreamID == first.streamID ? second : first
4205 |         let targetMacID = target.macDeviceID
     |             `- warning: initialization of immutable value 'targetMacID' was never used; consider replacing with assignment to '_' or removing it [#no-usage]
4206 |         let completion = PromotionFenceCompletion()
4207 |         let fence = Task { @MainActor in

/private/tmp/cmux-verify-20260908170330-19681-7317/source-e8fda62191/Packages/iOS/CmuxMobileShell/Tests/CmuxMobileShellTests/MobilePairingAttemptDeadlineTests.swift:23:21: warning: result of call to 'connectPairingInput(allowPreview:pairedMacDeviceID:instanceTag:)' is unused [#no-usage]
 21 |         let store = makeStore(pairingCode: try Self.pairingURL())
 22 | 
 23 |         await store.connectPairingInput()
    |                     `- warning: result of call to 'connectPairingInput(allowPreview:pairedMacDeviceID:instanceTag:)' is unused [#no-usage]
 24 | 
 25 |         #expect(store.connectionState == .disconnected)
[1053/1059] Compiling CmuxMobileShellTests MobileShellAltScreenNoticeTests.swift
/private/tmp/cmux-verify-20260908170330-19681-7317/source-e8fda62191/Packages/iOS/CmuxMobileShell/Tests/CmuxMobileShellTests/MobileMacBuildCompatibilityPolicyTests.swift:102:38: warning: '#require(_:_:)' is redundant because 'MobileIOSBuildScope("feature")' never equals 'nil' (from macro 'require')
100 |         let allowlist = MobileMacTagAllowlist(tags: ["granted"])
101 |         let policy = MobileMacBuildCompatibilityPolicy.current(
102 |             buildScope: try #require(MobileIOSBuildScope("feature")),
    |                                      `- warning: '#require(_:_:)' is redundant because 'MobileIOSBuildScope("feature")' never equals 'nil' (from macro 'require')
103 |             additionalInstanceTags: allowlist
104 |         )

/private/tmp/cmux-verify-20260908170330-19681-7317/source-e8fda62191/Packages/iOS/CmuxMobileShell/Tests/CmuxMobileShellTests/MobileMacConnectionPoolTests.swift:4205:13: warning: initialization of immutable value 'targetMacID' was never used; consider replacing with assignment to '_' or removing it [#no-usage]
4203 |         )
4204 |         let target = heldStreamID == first.streamID ? second : first
4205 |         let targetMacID = target.macDeviceID
     |             `- warning: initialization of immutable value 'targetMacID' was never used; consider replacing with assignment to '_' or removing it [#no-usage]
4206 |         let completion = PromotionFenceCompletion()
4207 |         let fence = Task { @MainActor in

/private/tmp/cmux-verify-20260908170330-19681-7317/source-e8fda62191/Packages/iOS/CmuxMobileShell/Tests/CmuxMobileShellTests/MobilePairingAttemptDeadlineTests.swift:23:21: warning: result of call to 'connectPairingInput(allowPreview:pairedMacDeviceID:instanceTag:)' is unused [#no-usage]
 21 |         let store = makeStore(pairingCode: try Self.pairingURL())
 22 | 
 23 |         await store.connectPairingInput()
    |                     `- warning: result of call to 'connectPairingInput(allowPreview:pairedMacDeviceID:instanceTag:)' is unused [#no-usage]
 24 | 
 25 |         #expect(store.connectionState == .disconnected)
[1054/1059] Compiling CmuxMobileShellTests MobileShellColdAttachReplayBarrierTests.swift
/private/tmp/cmux-verify-20260908170330-19681-7317/source-e8fda62191/Packages/iOS/CmuxMobileShell/Tests/CmuxMobileShellTests/MobileMacBuildCompatibilityPolicyTests.swift:102:38: warning: '#require(_:_:)' is redundant because 'MobileIOSBuildScope("feature")' never equals 'nil' (from macro 'require')
100 |         let allowlist = MobileMacTagAllowlist(tags: ["granted"])
101 |         let policy = MobileMacBuildCompatibilityPolicy.current(
102 |             buildScope: try #require(MobileIOSBuildScope("feature")),
    |                                      `- warning: '#require(_:_:)' is redundant because 'MobileIOSBuildScope("feature")' never equals 'nil' (from macro 'require')
103 |             additionalInstanceTags: allowlist
104 |         )

/private/tmp/cmux-verify-20260908170330-19681-7317/source-e8fda62191/Packages/iOS/CmuxMobileShell/Tests/CmuxMobileShellTests/MobileMacConnectionPoolTests.swift:4205:13: warning: initialization of immutable value 'targetMacID' was never used; consider replacing with assignment to '_' or removing it [#no-usage]
4203 |         )
4204 |         let target = heldStreamID == first.streamID ? second : first
4205 |         let targetMacID = target.macDeviceID
     |             `- warning: initialization of immutable value 'targetMacID' was never used; consider replacing with assignment to '_' or removing it [#no-usage]
4206 |         let completion = PromotionFenceCompletion()
4207 |         let fence = Task { @MainActor in

/private/tmp/cmux-verify-20260908170330-19681-7317/source-e8fda62191/Packages/iOS/CmuxMobileShell/Tests/CmuxMobileShellTests/MobilePairingAttemptDeadlineTests.swift:23:21: warning: result of call to 'connectPairingInput(allowPreview:pairedMacDeviceID:instanceTag:)' is unused [#no-usage]
 21 |         let store = makeStore(pairingCode: try Self.pairingURL())
 22 | 
 23 |         await store.connectPairingInput()
    |                     `- warning: result of call to 'connectPairingInput(allowPreview:pairedMacDeviceID:instanceTag:)' is unused [#no-usage]
 24 | 
 25 |         #expect(store.connectionState == .disconnected)
[1055/1059] Compiling CmuxMobileShellTests MobileShellCompositeColorSlotResetTests.swift
/private/tmp/cmux-verify-20260908170330-19681-7317/source-e8fda62191/Packages/iOS/CmuxMobileShell/Tests/CmuxMobileShellTests/MobileMacBuildCompatibilityPolicyTests.swift:102:38: warning: '#require(_:_:)' is redundant because 'MobileIOSBuildScope("feature")' never equals 'nil' (from macro 'require')
100 |         let allowlist = MobileMacTagAllowlist(tags: ["granted"])
101 |         let policy = MobileMacBuildCompatibilityPolicy.current(
102 |             buildScope: try #require(MobileIOSBuildScope("feature")),
    |                                      `- warning: '#require(_:_:)' is redundant because 'MobileIOSBuildScope("feature")' never equals 'nil' (from macro 'require')
103 |             additionalInstanceTags: allowlist
104 |         )

/private/tmp/cmux-verify-20260908170330-19681-7317/source-e8fda62191/Packages/iOS/CmuxMobileShell/Tests/CmuxMobileShellTests/MobileMacConnectionPoolTests.swift:4205:13: warning: initialization of immutable value 'targetMacID' was never used; consider replacing with assignment to '_' or removing it [#no-usage]
4203 |         )
4204 |         let target = heldStreamID == first.streamID ? second : first
4205 |         let targetMacID = target.macDeviceID
     |             `- warning: initialization of immutable value 'targetMacID' was never used; consider replacing with assignment to '_' or removing it [#no-usage]
4206 |         let completion = PromotionFenceCompletion()
4207 |         let fence = Task { @MainActor in

/private/tmp/cmux-verify-20260908170330-19681-7317/source-e8fda62191/Packages/iOS/CmuxMobileShell/Tests/CmuxMobileShellTests/MobilePairingAttemptDeadlineTests.swift:23:21: warning: result of call to 'connectPairingInput(allowPreview:pairedMacDeviceID:instanceTag:)' is unused [#no-usage]
 21 |         let store = makeStore(pairingCode: try Self.pairingURL())
 22 | 
 23 |         await store.connectPairingInput()
    |                     `- warning: result of call to 'connectPairingInput(allowPreview:pairedMacDeviceID:instanceTag:)' is unused [#no-usage]
 24 | 
 25 |         #expect(store.connectionState == .disconnected)
[1056/1059] Compiling CmuxMobileShellTests MobileShellCompositeForgetRevokeAccountPinningTests.swift
/private/tmp/cmux-verify-20260908170330-19681-7317/source-e8fda62191/Packages/iOS/CmuxMobileShell/Tests/CmuxMobileShellTests/MobileMacBuildCompatibilityPolicyTests.swift:102:38: warning: '#require(_:_:)' is redundant because 'MobileIOSBuildScope("feature")' never equals 'nil' (from macro 'require')
100 |         let allowlist = MobileMacTagAllowlist(tags: ["granted"])
101 |         let policy = MobileMacBuildCompatibilityPolicy.current(
102 |             buildScope: try #require(MobileIOSBuildScope("feature")),
    |                                      `- warning: '#require(_:_:)' is redundant because 'MobileIOSBuildScope("feature")' never equals 'nil' (from macro 'require')
103 |             additionalInstanceTags: allowlist
104 |         )

/private/tmp/cmux-verify-20260908170330-19681-7317/source-e8fda62191/Packages/iOS/CmuxMobileShell/Tests/CmuxMobileShellTests/MobileMacConnectionPoolTests.swift:4205:13: warning: initialization of immutable value 'targetMacID' was never used; consider replacing with assignment to '_' or removing it [#no-usage]
4203 |         )
4204 |         let target = heldStreamID == first.streamID ? second : first
4205 |         let targetMacID = target.macDeviceID
     |             `- warning: initialization of immutable value 'targetMacID' was never used; consider replacing with assignment to '_' or removing it [#no-usage]
4206 |         let completion = PromotionFenceCompletion()
4207 |         let fence = Task { @MainActor in

/private/tmp/cmux-verify-20260908170330-19681-7317/source-e8fda62191/Packages/iOS/CmuxMobileShell/Tests/CmuxMobileShellTests/MobilePairingAttemptDeadlineTests.swift:23:21: warning: result of call to 'connectPairingInput(allowPreview:pairedMacDeviceID:instanceTag:)' is unused [#no-usage]
 21 |         let store = makeStore(pairingCode: try Self.pairingURL())
 22 | 
 23 |         await store.connectPairingInput()
    |                     `- warning: result of call to 'connectPairingInput(allowPreview:pairedMacDeviceID:instanceTag:)' is unused [#no-usage]
 24 | 
 25 |         #expect(store.connectionState == .disconnected)
[1057/1059] Compiling CmuxMobileShellTests MobileShellCompositeForgetScopeFlipTests.swift
/private/tmp/cmux-verify-20260908170330-19681-7317/source-e8fda62191/Packages/iOS/CmuxMobileShell/Tests/CmuxMobileShellTests/MobileMacBuildCompatibilityPolicyTests.swift:102:38: warning: '#require(_:_:)' is redundant because 'MobileIOSBuildScope("feature")' never equals 'nil' (from macro 'require')
100 |         let allowlist = MobileMacTagAllowlist(tags: ["granted"])
101 |         let policy = MobileMacBuildCompatibilityPolicy.current(
102 |             buildScope: try #require(MobileIOSBuildScope("feature")),
    |                                      `- warning: '#require(_:_:)' is redundant because 'MobileIOSBuildScope("feature")' never equals 'nil' (from macro 'require')
103 |             additionalInstanceTags: allowlist
104 |         )

/private/tmp/cmux-verify-20260908170330-19681-7317/source-e8fda62191/Packages/iOS/CmuxMobileShell/Tests/CmuxMobileShellTests/MobileMacConnectionPoolTests.swift:4205:13: warning: initialization of immutable value 'targetMacID' was never used; consider replacing with assignment to '_' or removing it [#no-usage]
4203 |         )
4204 |         let target = heldStreamID == first.streamID ? second : first
4205 |         let targetMacID = target.macDeviceID
     |             `- warning: initialization of immutable value 'targetMacID' was never used; consider replacing with assignment to '_' or removing it [#no-usage]
4206 |         let completion = PromotionFenceCompletion()
4207 |         let fence = Task { @MainActor in

/private/tmp/cmux-verify-20260908170330-19681-7317/source-e8fda62191/Packages/iOS/CmuxMobileShell/Tests/CmuxMobileShellTests/MobilePairingAttemptDeadlineTests.swift:23:21: warning: result of call to 'connectPairingInput(allowPreview:pairedMacDeviceID:instanceTag:)' is unused [#no-usage]
 21 |         let store = makeStore(pairingCode: try Self.pairingURL())
 22 | 
 23 |         await store.connectPairingInput()
    |                     `- warning: result of call to 'connectPairingInput(allowPreview:pairedMacDeviceID:instanceTag:)' is unused [#no-usage]
 24 | 
 25 |         #expect(store.connectionState == .disconnected)
[1058/1061] Compiling CmuxMobileShellPackageTests runner.swift
[1059/1061] Emitting module CmuxMobileShellPackageTests
[1059/1061] Write Objects.LinkFileList
[1060/1061] Linking CmuxMobileShellPackageTests
Build complete! (54.14s)
Test Suite 'Selected tests' started at 2026-09-09 01:02:42.660.
Test Suite 'CmuxMobileShellPackageTests.xctest' started at 2026-09-09 01:02:42.661.
Test Suite 'CmuxMobileShellPackageTests.xctest' passed at 2026-09-09 01:02:42.661.
	 Executed 0 tests, with 0 failures (0 unexpected) in 0.000 (0.000) seconds
Test Suite 'Selected tests' passed at 2026-09-09 01:02:42.661.
	 Executed 0 tests, with 0 failures (0 unexpected) in 0.000 (0.001) seconds
◇ Test run started.
↳ Testing Library Version: 1501
↳ Target Platform: arm64e-apple-macos14.0
◇ Suite MobileTerminalLaneCoordinatorTests started.
◇ Test replayCursorMismatchNeverBecomesReadyOrAcceptsInput() started.
◇ Test inputOnlyLaneDoesNotValidateAgainstOutputCursor() started.
◇ Test replayActivatesIndependentInputAndCancellationReturnsToFallback() started.
◇ Test consumerBackpressureSuspendsBeforeDrainingNextChunk() started.
◇ Test sameSurfaceOnAnotherPeerMovesInputWithoutClosingFirstPeer() started.
◇ Test outputLaneDoesNotFallBackToInputOnlyProvider() started.
◇ Test missingOutputProviderDoesNotSelectInputOnlyTransport() started.
◇ Test sequenceGapSuspendsUntilAuthoritativeCursorThenReopens() started.
✔ Test missingOutputProviderDoesNotSelectInputOnlyTransport() passed after 0.001 seconds.
✔ Test replayCursorMismatchNeverBecomesReadyOrAcceptsInput() passed after 0.001 seconds.
✔ Test sequenceGapSuspendsUntilAuthoritativeCursorThenReopens() passed after 0.001 seconds.
✔ Test replayActivatesIndependentInputAndCancellationReturnsToFallback() passed after 0.001 seconds.
✔ Test sameSurfaceOnAnotherPeerMovesInputWithoutClosingFirstPeer() passed after 0.001 seconds.
✔ Test inputOnlyLaneDoesNotValidateAgainstOutputCursor() passed after 0.001 seconds.
✔ Test outputLaneDoesNotFallBackToInputOnlyProvider() passed after 0.001 seconds.
✔ Test consumerBackpressureSuspendsBeforeDrainingNextChunk() passed after 0.002 seconds.
✔ Suite MobileTerminalLaneCoordinatorTests passed after 0.002 seconds.
✔ Test run with 8 tests in 1 suite passed after 0.002 seconds.
